candidate_label,expected_scenario_code,case_count,evaluated_count,improved_count,mixed_count,worsened_count,insufficient_history_count,worsened_rate,avg_cvar_delta,avg_mdd_delta,avg_stress_loss_delta,avg_return_drag,avg_implementation_cost,avg_recurring_rebalance_cost,avg_total_path_cost,avg_net_cvar_delta,avg_net_mdd_delta,avg_net_stress_loss_delta,avg_cost_adjusted_return_drag,cash_beats_count,cash_mixed_count,cash_lags_count,avg_hedge_vs_cash_cvar_delta,avg_hedge_vs_cash_mdd_delta,avg_hedge_vs_cash_stress_loss_delta,metric_worsened_counts,worst_metric,worst_metric_delta,worst_case_name
DBC,acute_global_stress_liquidity_crunch,9,6,3,0,3,3,0.5,0.004342,0.002482,-0.032967,-0.189874,0.0003,0.0,0.0003,0.004342,0.002482,-0.033263,-0.191335,0,0,6,-0.007889,-0.033158,-0.028139,net_CVaR=0; net_MDD=3; net_stress_loss=6; cost_adjusted_return_drag=6; cash_net_CVaR=6; cash_net_MDD=6; cash_net_stress_loss=6; CVaR=0; MDD=3; stress_loss=6; return_drag=6,cost_adjusted_return_drag,-0.452005,2023 US Regional Bank / Credit Stress
DBC,china_trade_fragmentation_shock,3,3,3,0,0,0,0.0,0.002345,0.007318,-0.224402,-0.09028,0.0003,0.0,0.0003,0.002345,0.007318,-0.224987,-0.090522,0,0,3,-0.000618,-0.006118,-0.006521,net_CVaR=0; net_MDD=0; net_stress_loss=3; cost_adjusted_return_drag=3; cash_net_CVaR=3; cash_net_MDD=3; cash_net_stress_loss=3; CVaR=0; MDD=0; stress_loss=3; return_drag=3,net_stress_loss,-0.342576,China Slowdown / Property Stress
DBC,geopolitical_escalation_supply_shock,3,3,3,0,0,0,0.0,0.003012,0.019223,0.003826,0.018044,0.0003,0.0,0.0003,0.003012,0.019223,0.003516,0.016575,3,0,0,-0.000585,0.004103,0.009537,net_CVaR=0; net_MDD=0; net_stress_loss=0; cost_adjusted_return_drag=0; cash_net_CVaR=2; cash_net_MDD=0; cash_net_stress_loss=0; CVaR=0; MDD=0; stress_loss=0; return_drag=0,cash_net_CVaR,-0.001668,2024 Middle East / Shipping Supply Shock
DBC,higher_for_longer_long_rate_shock,3,3,3,0,0,0,0.0,0.002929,-0.003407,0.0669,0.075975,0.0003,0.0,0.0003,0.002929,-0.003407,0.066605,0.075638,0,0,3,-0.002749,-0.046751,0.047686,net_CVaR=0; net_MDD=3; net_stress_loss=0; cost_adjusted_return_drag=0; cash_net_CVaR=3; cash_net_MDD=3; cash_net_stress_loss=0; CVaR=0; MDD=3; stress_loss=0; return_drag=0,cash_net_MDD,-0.072245,2022 Global Rate Shock
DBC,semiconductor_ai_cycle_shock,3,3,3,0,0,0,0.0,0.004724,0.007095,-0.029026,-0.079675,0.0003,0.0,0.0003,0.004724,0.007095,-0.02934,-0.080516,0,0,3,-0.000545,-0.013932,-0.012461,net_CVaR=0; net_MDD=0; net_stress_loss=3; cost_adjusted_return_drag=3; cash_net_CVaR=3; cash_net_MDD=3; cash_net_stress_loss=3; CVaR=0; MDD=0; stress_loss=3; return_drag=3,cost_adjusted_return_drag,-0.119935,2024 AI Semiconductor Concentration / Pullback Risk
DBC,stagflation_reinflation_energy_shock,3,3,3,0,0,0,0.0,0.003764,0.000132,0.038913,0.055501,0.0003,0.0,0.0003,0.003764,0.000132,0.038608,0.055062,1,0,2,-0.001754,-0.041874,0.032606,net_CVaR=0; net_MDD=1; net_stress_loss=0; cost_adjusted_return_drag=0; cash_net_CVaR=2; cash_net_MDD=3; cash_net_stress_loss=0; CVaR=0; MDD=1; stress_loss=0; return_drag=0,cash_net_MDD,-0.065285,Russia-Ukraine / War-Energy Shock
DBC,usd_strength_krw_weakness,3,3,3,0,0,0,0.0,0.004529,0.015883,-0.018625,-0.040585,0.0003,0.0,0.0003,0.004469,0.015759,-0.018896,-0.041164,0,0,3,-0.002295,-0.027324,-0.040391,net_CVaR=0; net_MDD=0; net_stress_loss=3; cost_adjusted_return_drag=3; cash_net_CVaR=3; cash_net_MDD=3; cash_net_stress_loss=3; CVaR=0; MDD=0; stress_loss=3; return_drag=3,cost_adjusted_return_drag,-0.061361,2022 KRW Weakness / USD Strength
GLD,acute_global_stress_liquidity_crunch,9,6,6,0,0,3,0.0,0.010083,0.028243,0.012286,0.032337,0.0003,0.0,0.0003,0.010083,0.028243,0.011975,0.030451,3,0,3,-0.002149,-0.007398,0.017114,net_CVaR=0; net_MDD=0; net_stress_loss=3; cost_adjusted_return_drag=3; cash_net_CVaR=3; cash_net_MDD=3; cash_net_stress_loss=0; CVaR=0; MDD=0; stress_loss=3; return_drag=3,cost_adjusted_return_drag,-0.126426,2023 US Regional Bank / Credit Stress
GLD,china_trade_fragmentation_shock,3,3,3,0,0,0,0.0,0.003619,0.019816,-0.13636,-0.054242,0.0003,0.0,0.0003,0.003619,0.019816,-0.136977,-0.054491,3,0,0,0.000656,0.00638,0.081521,net_CVaR=0; net_MDD=0; net_stress_loss=3; cost_adjusted_return_drag=3; cash_net_CVaR=0; cash_net_MDD=0; cash_net_stress_loss=0; CVaR=0; MDD=0; stress_loss=3; return_drag=3,net_stress_loss,-0.210832,China Slowdown / Property Stress
GLD,geopolitical_escalation_supply_shock,3,3,3,0,0,0,0.0,0.002349,0.026695,0.012507,0.059951,0.0003,0.0,0.0003,0.002349,0.026695,0.012196,0.058424,3,0,0,-0.001247,0.011576,0.018219,net_CVaR=0; net_MDD=0; net_stress_loss=0; cost_adjusted_return_drag=0; cash_net_CVaR=3; cash_net_MDD=0; cash_net_stress_loss=0; CVaR=0; MDD=0; stress_loss=0; return_drag=0,cash_net_CVaR,-0.002469,2024 Middle East / Shipping Supply Shock
GLD,higher_for_longer_long_rate_shock,3,3,3,0,0,0,0.0,0.003893,0.020206,0.003067,0.003463,0.0003,0.0,0.0003,0.003893,0.020206,0.002793,0.003153,0,0,3,-0.001786,-0.023138,-0.016147,net_CVaR=0; net_MDD=0; net_stress_loss=0; cost_adjusted_return_drag=0; cash_net_CVaR=3; cash_net_MDD=3; cash_net_stress_loss=3; CVaR=0; MDD=0; stress_loss=0; return_drag=0,cash_net_MDD,-0.034927,2022 Global Rate Shock
GLD,semiconductor_ai_cycle_shock,3,3,3,0,0,0,0.0,0.00442,0.025308,0.000944,0.002655,0.0003,0.0,0.0003,0.00442,0.025308,0.00062,0.001744,3,0,0,-0.000848,0.004281,0.01751,net_CVaR=0; net_MDD=0; net_stress_loss=0; cost_adjusted_return_drag=0; cash_net_CVaR=3; cash_net_MDD=0; cash_net_stress_loss=0; CVaR=0; MDD=0; stress_loss=0; return_drag=0,cash_net_CVaR,-0.001432,2024 AI Semiconductor Concentration / Pullback Risk
GLD,stagflation_reinflation_energy_shock,3,3,3,0,0,0,0.0,0.004019,0.020737,-0.009643,-0.013583,0.0003,0.0,0.0003,0.004019,0.020737,-0.009931,-0.013988,0,0,3,-0.001499,-0.021269,-0.01595,net_CVaR=0; net_MDD=0; net_stress_loss=3; cost_adjusted_return_drag=3; cash_net_CVaR=3; cash_net_MDD=3; cash_net_stress_loss=3; CVaR=0; MDD=0; stress_loss=3; return_drag=3,cash_net_MDD,-0.03246,Russia-Ukraine / War-Energy Shock
GLD,usd_strength_krw_weakness,3,3,3,0,0,0,0.0,0.003811,0.024376,-0.005219,-0.011546,0.0003,0.0,0.0003,0.003751,0.024376,-0.005497,-0.012156,0,0,3,-0.003013,-0.018831,-0.026985,net_CVaR=0; net_MDD=0; net_stress_loss=3; cost_adjusted_return_drag=3; cash_net_CVaR=3; cash_net_MDD=3; cash_net_stress_loss=3; CVaR=0; MDD=0; stress_loss=3; return_drag=3,cash_net_stress_loss,-0.040892,2022 KRW Weakness / USD Strength
GLD + DBC,acute_global_stress_liquidity_crunch,9,6,6,0,0,3,0.0,0.008463,0.021433,-0.00129,-0.040434,0.0003,0.0,0.0003,0.008463,0.021433,-0.001596,-0.042166,2,0,4,-0.003769,-0.014208,0.003538,net_CVaR=0; net_MDD=0; net_stress_loss=3; cost_adjusted_return_drag=3; cash_net_CVaR=4; cash_net_MDD=4; cash_net_stress_loss=1; CVaR=0; MDD=0; stress_loss=3; return_drag=3,cost_adjusted_return_drag,-0.262914,2023 US Regional Bank / Credit Stress
GLD + DBC,china_trade_fragmentation_shock,3,3,3,0,0,0,0.0,0.003287,0.016209,-0.162729,-0.064997,0.0003,0.0,0.0003,0.003287,0.016209,-0.163336,-0.065245,3,0,0,0.000324,0.002773,0.055151,net_CVaR=0; net_MDD=0; net_stress_loss=3; cost_adjusted_return_drag=3; cash_net_CVaR=0; cash_net_MDD=0; cash_net_stress_loss=0; CVaR=0; MDD=0; stress_loss=3; return_drag=3,net_stress_loss,-0.263456,China Slowdown / Property Stress
GLD + DBC,geopolitical_escalation_supply_shock,3,3,3,0,0,0,0.0,0.002897,0.02503,0.009903,0.047201,0.0003,0.0,0.0003,0.002897,0.02503,0.009592,0.045693,3,0,0,-0.000699,0.009911,0.015614,net_CVaR=0; net_MDD=0; net_stress_loss=0; cost_adjusted_return_drag=0; cash_net_CVaR=3; cash_net_MDD=0; cash_net_stress_loss=0; CVaR=0; MDD=0; stress_loss=0; return_drag=0,cash_net_CVaR,-0.001339,2024 Middle East / Shipping Supply Shock
GLD + DBC,higher_for_longer_long_rate_shock,3,3,3,0,0,0,0.0,0.004181,0.013462,0.022217,0.025142,0.0003,0.0,0.0003,0.004181,0.013462,0.021936,0.024823,0,0,3,-0.001497,-0.029882,0.003003,net_CVaR=0; net_MDD=0; net_stress_loss=0; cost_adjusted_return_drag=0; cash_net_CVaR=3; cash_net_MDD=3; cash_net_stress_loss=2; CVaR=0; MDD=0; stress_loss=0; return_drag=0,cash_net_MDD,-0.049044,2022 Global Rate Shock
GLD + DBC,semiconductor_ai_cycle_shock,3,3,3,0,0,0,0.0,0.004527,0.019846,-0.008047,-0.022416,0.0003,0.0,0.0003,0.004527,0.019846,-0.008367,-0.023304,2,0,1,-0.000741,-0.001182,0.008519,net_CVaR=0; net_MDD=0; net_stress_loss=3; cost_adjusted_return_drag=3; cash_net_CVaR=3; cash_net_MDD=1; cash_net_stress_loss=0; CVaR=0; MDD=0; stress_loss=3; return_drag=3,cost_adjusted_return_drag,-0.047335,2024 AI Semiconductor Concentration / Pullback Risk
GLD + DBC,stagflation_reinflation_energy_shock,3,3,3,0,0,0,0.0,0.004327,0.014813,0.004924,0.006976,0.0003,0.0,0.0003,0.004327,0.014813,0.00463,0.006559,0,0,3,-0.001191,-0.027194,-0.001383,net_CVaR=0; net_MDD=0; net_stress_loss=2; cost_adjusted_return_drag=2; cash_net_CVaR=3; cash_net_MDD=3; cash_net_stress_loss=2; CVaR=0; MDD=0; stress_loss=0; return_drag=0,cash_net_MDD,-0.04472,Russia-Ukraine / War-Energy Shock
GLD + DBC,usd_strength_krw_weakness,3,3,3,0,0,0,0.0,0.004221,0.022271,-0.009241,-0.020329,0.0003,0.0,0.0003,0.004161,0.022271,-0.009516,-0.020928,0,0,3,-0.002602,-0.020936,-0.031007,net_CVaR=0; net_MDD=0; net_stress_loss=3; cost_adjusted_return_drag=3; cash_net_CVaR=3; cash_net_MDD=3; cash_net_stress_loss=3; CVaR=0; MDD=0; stress_loss=3; return_drag=3,cash_net_stress_loss,-0.048931,2022 KRW Weakness / USD Strength
GLD + SHY,acute_global_stress_liquidity_crunch,9,6,6,0,0,3,0.0,0.011149,0.032429,0.007386,0.002666,0.0003,0.0,0.0003,0.011149,0.032429,0.007076,0.000837,3,0,3,-0.001083,-0.003211,0.012214,net_CVaR=0; net_MDD=0; net_stress_loss=3; cost_adjusted_return_drag=3; cash_net_CVaR=3; cash_net_MDD=3; cash_net_stress_loss=0; CVaR=0; MDD=0; stress_loss=3; return_drag=3,cost_adjusted_return_drag,-0.202786,2023 US Regional Bank / Credit Stress
GLD + SHY,china_trade_fragmentation_shock,3,3,3,0,0,0,0.0,0.003521,0.018473,-0.161878,-0.064651,0.0003,0.0,0.0003,0.003521,0.018473,-0.162485,-0.064898,3,0,0,0.000558,0.005037,0.056003,net_CVaR=0; net_MDD=0; net_stress_loss=3; cost_adjusted_return_drag=3; cash_net_CVaR=0; cash_net_MDD=0; cash_net_stress_loss=0; CVaR=0; MDD=0; stress_loss=3; return_drag=3,net_stress_loss,-0.261074,China Slowdown / Property Stress
GLD + SHY,geopolitical_escalation_supply_shock,3,3,3,0,0,0,0.0,0.003163,0.025104,0.005874,0.027776,0.0003,0.0,0.0003,0.003163,0.025104,0.005564,0.026299,3,0,0,-0.000434,0.009984,0.011585,net_CVaR=0; net_MDD=0; net_stress_loss=0; cost_adjusted_return_drag=0; cash_net_CVaR=3; cash_net_MDD=0; cash_net_stress_loss=0; CVaR=0; MDD=0; stress_loss=0; return_drag=0,cash_net_CVaR,-0.000767,2024 Middle East / Shipping Supply Shock
GLD + SHY,higher_for_longer_long_rate_shock,3,3,3,0,0,0,0.0,0.004512,0.027109,0.005641,0.006371,0.0003,0.0,0.0003,0.004512,0.027109,0.005366,0.00606,0,0,3,-0.001166,-0.016235,-0.013574,net_CVaR=0; net_MDD=0; net_stress_loss=0; cost_adjusted_return_drag=0; cash_net_CVaR=3; cash_net_MDD=3; cash_net_stress_loss=3; CVaR=0; MDD=0; stress_loss=0; return_drag=0,cash_net_MDD,-0.021338,2022 Global Rate Shock
GLD + SHY,semiconductor_ai_cycle_shock,3,3,3,0,0,0,0.0,0.004869,0.024957,-0.003321,-0.009297,0.0003,0.0,0.0003,0.004869,0.024957,-0.003643,-0.010197,3,0,0,-0.0004,0.00393,0.013245,net_CVaR=0; net_MDD=0; net_stress_loss=3; cost_adjusted_return_drag=3; cash_net_CVaR=3; cash_net_MDD=0; cash_net_stress_loss=0; CVaR=0; MDD=0; stress_loss=3; return_drag=3,cost_adjusted_return_drag,-0.020719,2024 AI Semiconductor Concentration / Pullback Risk
GLD + SHY,stagflation_reinflation_energy_shock,3,3,3,0,0,0,0.0,0.004565,0.027238,-0.006679,-0.009416,0.0003,0.0,0.0003,0.004565,0.027238,-0.006968,-0.009824,0,0,3,-0.000953,-0.014769,-0.012986,net_CVaR=0; net_MDD=0; net_stress_loss=3; cost_adjusted_return_drag=3; cash_net_CVaR=3; cash_net_MDD=3; cash_net_stress_loss=3; CVaR=0; MDD=0; stress_loss=3; return_drag=3,cash_net_MDD,-0.019623,Russia-Ukraine / War-Energy Shock
GLD + SHY,usd_strength_krw_weakness,3,3,3,0,0,0,0.0,0.004894,0.030605,0.003902,0.008756,0.0003,0.0,0.0003,0.004834,0.030605,0.003621,0.008126,0,0,3,-0.001929,-0.012603,-0.017865,net_CVaR=0; net_MDD=0; net_stress_loss=1; cost_adjusted_return_drag=1; cash_net_CVaR=3; cash_net_MDD=3; cash_net_stress_loss=3; CVaR=0; MDD=0; stress_loss=1; return_drag=1,cash_net_stress_loss,-0.023054,2022 KRW Weakness / USD Strength
IAU,acute_global_stress_liquidity_crunch,9,6,6,0,0,3,0.0,0.010122,0.028364,0.01263,0.0344,0.0003,0.0,0.0003,0.010122,0.028364,0.012319,0.032511,3,0,3,-0.00211,-0.007276,0.017458,net_CVaR=0; net_MDD=0; net_stress_loss=3; cost_adjusted_return_drag=3; cash_net_CVaR=3; cash_net_MDD=3; cash_net_stress_loss=0; CVaR=0; MDD=0; stress_loss=3; return_drag=3,cost_adjusted_return_drag,-0.12258,2023 US Regional Bank / Credit Stress
IAU,china_trade_fragmentation_shock,3,3,3,0,0,0,0.0,0.003631,0.019864,-0.135771,-0.054003,0.0003,0.0,0.0003,0.003631,0.019864,-0.136388,-0.054253,3,0,0,0.000668,0.006428,0.08211,net_CVaR=0; net_MDD=0; net_stress_loss=3; cost_adjusted_return_drag=3; cash_net_CVaR=0; cash_net_MDD=0; cash_net_stress_loss=0; CVaR=0; MDD=0; stress_loss=3; return_drag=3,net_stress_loss,-0.209959,China Slowdown / Property Stress
IAU,geopolitical_escalation_supply_shock,3,3,3,0,0,0,0.0,0.00241,0.026699,0.012824,0.061503,0.0003,0.0,0.0003,0.00241,0.026699,0.012512,0.059974,3,0,0,-0.001186,0.01158,0.018535,net_CVaR=0; net_MDD=0; net_stress_loss=0; cost_adjusted_return_drag=0; cash_net_CVaR=3; cash_net_MDD=0; cash_net_stress_loss=0; CVaR=0; MDD=0; stress_loss=0; return_drag=0,cash_net_CVaR,-0.00237,2024 Middle East / Shipping Supply Shock
IAU,higher_for_longer_long_rate_shock,3,3,3,0,0,0,0.0,0.003896,0.020172,0.003594,0.004058,0.0003,0.0,0.0003,0.003896,0.020172,0.003319,0.003748,0,0,3,-0.001782,-0.023171,-0.01562,net_CVaR=0; net_MDD=0; net_stress_loss=0; cost_adjusted_return_drag=0; cash_net_CVaR=3; cash_net_MDD=3; cash_net_stress_loss=3; CVaR=0; MDD=0; stress_loss=0; return_drag=0,cash_net_MDD,-0.034981,2022 Global Rate Shock
IAU,semiconductor_ai_cycle_shock,3,3,3,0,0,0,0.0,0.00443,0.025389,0.001342,0.003775,0.0003,0.0,0.0003,0.00443,0.025389,0.001018,0.002863,3,0,0,-0.000839,0.004361,0.017907,net_CVaR=0; net_MDD=0; net_stress_loss=0; cost_adjusted_return_drag=0; cash_net_CVaR=3; cash_net_MDD=0; cash_net_stress_loss=0; CVaR=0; MDD=0; stress_loss=0; return_drag=0,cash_net_CVaR,-0.001421,2024 AI Semiconductor Concentration / Pullback Risk
IAU,stagflation_reinflation_energy_shock,3,3,3,0,0,0,0.0,0.004017,0.020692,-0.009302,-0.013104,0.0003,0.0,0.0003,0.004017,0.020692,-0.00959,-0.013509,0,0,3,-0.001501,-0.021315,-0.015609,net_CVaR=0; net_MDD=0; net_stress_loss=3; cost_adjusted_return_drag=3; cash_net_CVaR=3; cash_net_MDD=3; cash_net_stress_loss=3; CVaR=0; MDD=0; stress_loss=3; return_drag=3,cash_net_MDD,-0.032529,Russia-Ukraine / War-Energy Shock
IAU,usd_strength_krw_weakness,3,3,3,0,0,0,0.0,0.003808,0.024265,-0.005027,-0.011123,0.0003,0.0,0.0003,0.003748,0.024265,-0.005304,-0.011732,0,0,3,-0.003016,-0.018942,-0.026793,net_CVaR=0; net_MDD=0; net_stress_loss=3; cost_adjusted_return_drag=3; cash_net_CVaR=3; cash_net_MDD=3; cash_net_stress_loss=3; CVaR=0; MDD=0; stress_loss=3; return_drag=3,cash_net_stress_loss,-0.040604,2022 KRW Weakness / USD Strength
IAU + DBC,acute_global_stress_liquidity_crunch,9,6,6,0,0,3,0.0,0.00849,0.021592,-0.001049,-0.039087,0.0003,0.0,0.0003,0.00849,0.021592,-0.001355,-0.040821,2,0,4,-0.003741,-0.014049,0.003779,net_CVaR=0; net_MDD=0; net_stress_loss=3; cost_adjusted_return_drag=3; cash_net_CVaR=4; cash_net_MDD=4; cash_net_stress_loss=1; CVaR=0; MDD=0; stress_loss=3; return_drag=3,cost_adjusted_return_drag,-0.260748,2023 US Regional Bank / Credit Stress
IAU + DBC,china_trade_fragmentation_shock,3,3,3,0,0,0,0.0,0.003296,0.016271,-0.162314,-0.064829,0.0003,0.0,0.0003,0.003296,0.016271,-0.162921,-0.065076,3,0,0,0.000333,0.002835,0.055566,net_CVaR=0; net_MDD=0; net_stress_loss=3; cost_adjusted_return_drag=3; cash_net_CVaR=0; cash_net_MDD=0; cash_net_stress_loss=0; CVaR=0; MDD=0; stress_loss=3; return_drag=3,net_stress_loss,-0.262927,China Slowdown / Property Stress
IAU + DBC,geopolitical_escalation_supply_shock,3,3,3,0,0,0,0.0,0.002939,0.025025,0.010124,0.048275,0.0003,0.0,0.0003,0.002939,0.025025,0.009814,0.046766,3,0,0,-0.000657,0.009905,0.015835,net_CVaR=0; net_MDD=0; net_stress_loss=0; cost_adjusted_return_drag=0; cash_net_CVaR=3; cash_net_MDD=0; cash_net_stress_loss=0; CVaR=0; MDD=0; stress_loss=0; return_drag=0,cash_net_CVaR,-0.001279,2024 Middle East / Shipping Supply Shock
IAU + DBC,higher_for_longer_long_rate_shock,3,3,3,0,0,0,0.0,0.004169,0.013468,0.022586,0.02556,0.0003,0.0,0.0003,0.004169,0.013468,0.022304,0.025241,0,0,3,-0.001509,-0.029876,0.003371,net_CVaR=0; net_MDD=0; net_stress_loss=0; cost_adjusted_return_drag=0; cash_net_CVaR=3; cash_net_MDD=3; cash_net_stress_loss=2; CVaR=0; MDD=0; stress_loss=0; return_drag=0,cash_net_MDD,-0.04899,2022 Global Rate Shock
IAU + DBC,semiconductor_ai_cycle_shock,3,3,3,0,0,0,0.0,0.004535,0.019904,-0.007769,-0.021644,0.0003,0.0,0.0003,0.004535,0.019904,-0.008089,-0.022532,2,0,1,-0.000734,-0.001124,0.008797,net_CVaR=0; net_MDD=0; net_stress_loss=3; cost_adjusted_return_drag=3; cash_net_CVaR=3; cash_net_MDD=1; cash_net_stress_loss=0; CVaR=0; MDD=0; stress_loss=3; return_drag=3,cost_adjusted_return_drag,-0.046353,2024 AI Semiconductor Concentration / Pullback Risk
IAU + DBC,stagflation_reinflation_energy_shock,3,3,3,0,0,0,0.0,0.00432,0.014799,0.005162,0.007313,0.0003,0.0,0.0003,0.00432,0.014799,0.004869,0.006897,0,0,3,-0.001198,-0.027207,-0.001145,net_CVaR=0; net_MDD=0; net_stress_loss=0; cost_adjusted_return_drag=0; cash_net_CVaR=3; cash_net_MDD=3; cash_net_stress_loss=2; CVaR=0; MDD=0; stress_loss=0; return_drag=0,cash_net_MDD,-0.04471,Russia-Ukraine / War-Energy Shock
IAU + DBC,usd_strength_krw_weakness,3,3,3,0,0,0,0.0,0.004214,0.022193,-0.009106,-0.020035,0.0003,0.0,0.0003,0.004154,0.022193,-0.009382,-0.020635,0,0,3,-0.00261,-0.021014,-0.030872,net_CVaR=0; net_MDD=0; net_stress_loss=3; cost_adjusted_return_drag=3; cash_net_CVaR=3; cash_net_MDD=3; cash_net_stress_loss=3; CVaR=0; MDD=0; stress_loss=3; return_drag=3,cash_net_stress_loss,-0.048758,2022 KRW Weakness / USD Strength
IEF,acute_global_stress_liquidity_crunch,9,6,6,0,0,3,0.0,0.014169,0.039876,0.006777,-0.004254,0.0003,0.0,0.0003,0.014169,0.039876,0.006468,-0.00608,6,0,0,0.001937,0.004235,0.011605,net_CVaR=0; net_MDD=0; net_stress_loss=3; cost_adjusted_return_drag=3; cash_net_CVaR=0; cash_net_MDD=0; cash_net_stress_loss=0; CVaR=0; MDD=0; stress_loss=3; return_drag=3,cost_adjusted_return_drag,-0.22001,2023 US Regional Bank / Credit Stress
IEF,china_trade_fragmentation_shock,3,3,3,0,0,0,0.0,0.00327,0.018401,-0.210281,-0.084444,0.0003,0.0,0.0003,0.00327,0.018401,-0.210872,-0.084688,3,0,0,0.000306,0.004965,0.0076,net_CVaR=0; net_MDD=0; net_stress_loss=3; cost_adjusted_return_drag=3; cash_net_CVaR=0; cash_net_MDD=0; cash_net_stress_loss=0; CVaR=0; MDD=0; stress_loss=3; return_drag=3,net_stress_loss,-0.321877,China Slowdown / Property Stress
IEF,geopolitical_escalation_supply_shock,3,3,3,0,0,0,0.0,0.003428,0.013121,-0.007731,-0.035692,0.0003,0.0,0.0003,0.003428,0.013121,-0.008037,-0.037082,0,0,3,-0.000169,-0.001998,-0.00202,net_CVaR=0; net_MDD=0; net_stress_loss=3; cost_adjusted_return_drag=3; cash_net_CVaR=3; cash_net_MDD=3; cash_net_stress_loss=3; CVaR=0; MDD=0; stress_loss=3; return_drag=3,cost_adjusted_return_drag,-0.055381,2024 Middle East / Shipping Supply Shock
IEF,higher_for_longer_long_rate_shock,3,3,3,0,0,0,0.0,0.004634,0.021711,-0.010223,-0.011528,0.0003,0.0,0.0003,0.004634,0.021711,-0.010493,-0.011832,0,0,3,-0.001044,-0.021633,-0.029438,net_CVaR=0; net_MDD=0; net_stress_loss=3; cost_adjusted_return_drag=3; cash_net_CVaR=3; cash_net_MDD=3; cash_net_stress_loss=3; CVaR=0; MDD=0; stress_loss=3; return_drag=3,cash_net_stress_loss,-0.04456,2022 Global Rate Shock
IEF,semiconductor_ai_cycle_shock,3,3,3,0,0,0,0.0,0.005405,0.029673,-0.006768,-0.018916,0.0003,0.0,0.0003,0.005405,0.029673,-0.007091,-0.019813,3,0,0,0.000136,0.008645,0.009797,net_CVaR=0; net_MDD=0; net_stress_loss=3; cost_adjusted_return_drag=3; cash_net_CVaR=0; cash_net_MDD=0; cash_net_stress_loss=0; CVaR=0; MDD=0; stress_loss=3; return_drag=3,cost_adjusted_return_drag,-0.029668,2024 AI Semiconductor Concentration / Pullback Risk
IEF,stagflation_reinflation_energy_shock,3,3,3,0,0,0,0.0,0.004496,0.027885,-0.023021,-0.032313,0.0003,0.0,0.0003,0.004496,0.027885,-0.023305,-0.032709,0,0,3,-0.001022,-0.014121,-0.029328,net_CVaR=0; net_MDD=0; net_stress_loss=3; cost_adjusted_return_drag=3; cash_net_CVaR=3; cash_net_MDD=3; cash_net_stress_loss=3; CVaR=0; MDD=0; stress_loss=3; return_drag=3,cost_adjusted_return_drag,-0.048973,Russia-Ukraine / War-Energy Shock
IEF,usd_strength_krw_weakness,3,3,3,0,0,0,0.0,0.005317,0.027073,0.00926,0.020819,0.0003,0.0,0.0003,0.005257,0.027073,0.008978,0.020179,0,0,3,-0.001507,-0.016135,-0.012506,net_CVaR=0; net_MDD=0; net_stress_loss=0; cost_adjusted_return_drag=0; cash_net_CVaR=3; cash_net_MDD=3; cash_net_stress_loss=3; CVaR=0; MDD=0; stress_loss=0; return_drag=0,cash_net_MDD,-0.024367,2022 KRW Weakness / USD Strength
IEF + DBC,acute_global_stress_liquidity_crunch,9,6,6,0,0,3,0.0,0.011371,0.029367,-0.005146,-0.065002,0.0003,0.0,0.0003,0.011371,0.029367,-0.005451,-0.066696,2,0,4,-0.000861,-0.006274,-0.000318,net_CVaR=0; net_MDD=0; net_stress_loss=3; cost_adjusted_return_drag=3; cash_net_CVaR=4; cash_net_MDD=4; cash_net_stress_loss=2; CVaR=0; MDD=0; stress_loss=3; return_drag=3,cost_adjusted_return_drag,-0.316073,2023 US Regional Bank / Credit Stress
IEF + DBC,china_trade_fragmentation_shock,3,3,3,0,0,0,0.0,0.003036,0.015205,-0.214477,-0.086186,0.0003,0.0,0.0003,0.003036,0.015205,-0.215067,-0.08643,3,0,0,7.2e-05,0.001769,0.003403,net_CVaR=0; net_MDD=0; net_stress_loss=3; cost_adjusted_return_drag=3; cash_net_CVaR=1; cash_net_MDD=0; cash_net_stress_loss=0; CVaR=0; MDD=0; stress_loss=3; return_drag=3,net_stress_loss,-0.330133,China Slowdown / Property Stress
IEF + DBC,geopolitical_escalation_supply_shock,3,3,3,0,0,0,0.0,0.003664,0.01514,-0.004264,-0.019826,0.0003,0.0,0.0003,0.003664,0.01514,-0.004571,-0.021241,1,0,2,6.8e-05,2e-05,0.001447,net_CVaR=0; net_MDD=0; net_stress_loss=3; cost_adjusted_return_drag=3; cash_net_CVaR=0; cash_net_MDD=2; cash_net_stress_loss=2; CVaR=0; MDD=0; stress_loss=3; return_drag=3,cost_adjusted_return_drag,-0.026576,2024 Middle East / Shipping Supply Shock
IEF + DBC,higher_for_longer_long_rate_shock,3,3,3,0,0,0,0.0,0.004808,0.018796,0.012914,0.014606,0.0003,0.0,0.0003,0.004808,0.018796,0.012636,0.014291,0,0,3,-0.00087,-0.024548,-0.006301,net_CVaR=0; net_MDD=0; net_stress_loss=0; cost_adjusted_return_drag=0; cash_net_CVaR=3; cash_net_MDD=3; cash_net_stress_loss=2; CVaR=0; MDD=0; stress_loss=0; return_drag=0,cash_net_MDD,-0.041903,2022 Global Rate Shock
IEF + DBC,semiconductor_ai_cycle_shock,3,3,3,0,0,0,0.0,0.005249,0.02287,-0.013445,-0.037328,0.0003,0.0,0.0003,0.005249,0.02287,-0.013765,-0.038205,2,0,1,-2e-05,0.001843,0.00312,net_CVaR=0; net_MDD=0; net_stress_loss=3; cost_adjusted_return_drag=3; cash_net_CVaR=1; cash_net_MDD=1; cash_net_stress_loss=0; CVaR=0; MDD=0; stress_loss=3; return_drag=3,cost_adjusted_return_drag,-0.066287,2024 AI Semiconductor Concentration / Pullback Risk
IEF + DBC,stagflation_reinflation_energy_shock,3,3,3,0,0,0,0.0,0.004698,0.019839,-0.004441,-0.006256,0.0003,0.0,0.0003,0.004698,0.019839,-0.004732,-0.006666,0,0,3,-0.00082,-0.022167,-0.010748,net_CVaR=0; net_MDD=0; net_stress_loss=2; cost_adjusted_return_drag=2; cash_net_CVaR=3; cash_net_MDD=3; cash_net_stress_loss=3; CVaR=0; MDD=0; stress_loss=2; return_drag=2,cash_net_MDD,-0.037717,Russia-Ukraine / War-Energy Shock
IEF + DBC,usd_strength_krw_weakness,3,3,3,0,0,0,0.0,0.005441,0.025461,0.000894,0.002008,0.0003,0.0,0.0003,0.005381,0.025461,0.000616,0.001388,0,0,3,-0.001383,-0.017747,-0.020872,net_CVaR=0; net_MDD=0; net_stress_loss=1; cost_adjusted_return_drag=1; cash_net_CVaR=3; cash_net_MDD=3; cash_net_stress_loss=3; CVaR=0; MDD=0; stress_loss=1; return_drag=1,cash_net_stress_loss,-0.035906,2022 KRW Weakness / USD Strength
IEF + GLD,acute_global_stress_liquidity_crunch,9,6,6,0,0,3,0.0,0.012314,0.033992,0.009807,0.015774,0.0003,0.0,0.0003,0.012314,0.033992,0.009497,0.013918,3,0,3,8.3e-05,-0.001649,0.014635,net_CVaR=0; net_MDD=0; net_stress_loss=3; cost_adjusted_return_drag=3; cash_net_CVaR=3; cash_net_MDD=3; cash_net_stress_loss=0; CVaR=0; MDD=0; stress_loss=3; return_drag=3,cost_adjusted_return_drag,-0.183055,2023 US Regional Bank / Credit Stress
IEF + GLD,china_trade_fragmentation_shock,3,3,3,0,0,0,0.0,0.003516,0.019207,-0.169663,-0.067843,0.0003,0.0,0.0003,0.003516,0.019207,-0.170268,-0.06809,3,0,0,0.000552,0.005771,0.048217,net_CVaR=0; net_MDD=0; net_stress_loss=3; cost_adjusted_return_drag=3; cash_net_CVaR=0; cash_net_MDD=0; cash_net_stress_loss=0; CVaR=0; MDD=0; stress_loss=3; return_drag=3,net_stress_loss,-0.277524,China Slowdown / Property Stress
IEF + GLD,geopolitical_escalation_supply_shock,3,3,3,0,0,0,0.0,0.003257,0.024314,0.0034,0.016053,0.0003,0.0,0.0003,0.003257,0.024314,0.003091,0.014595,3,0,0,-0.000339,0.009194,0.009111,net_CVaR=0; net_MDD=0; net_stress_loss=0; cost_adjusted_return_drag=0; cash_net_CVaR=3; cash_net_MDD=0; cash_net_stress_loss=0; CVaR=0; MDD=0; stress_loss=0; return_drag=0,cash_net_CVaR,-0.00051,2024 Middle East / Shipping Supply Shock
IEF + GLD,higher_for_longer_long_rate_shock,3,3,3,0,0,0,0.0,0.004263,0.023601,-0.002913,-0.003287,0.0003,0.0,0.0003,0.004263,0.023601,-0.003186,-0.003594,0,0,3,-0.001415,-0.019743,-0.022128,net_CVaR=0; net_MDD=0; net_stress_loss=3; cost_adjusted_return_drag=3; cash_net_CVaR=3; cash_net_MDD=3; cash_net_stress_loss=3; CVaR=0; MDD=0; stress_loss=3; return_drag=3,cash_net_stress_loss,-0.036589,2022 Global Rate Shock
IEF + GLD,semiconductor_ai_cycle_shock,3,3,3,0,0,0,0.0,0.004948,0.027278,-0.002526,-0.007078,0.0003,0.0,0.0003,0.004948,0.027278,-0.002849,-0.007982,3,0,0,-0.000321,0.006251,0.014039,net_CVaR=0; net_MDD=0; net_stress_loss=3; cost_adjusted_return_drag=3; cash_net_CVaR=3; cash_net_MDD=0; cash_net_stress_loss=0; CVaR=0; MDD=0; stress_loss=3; return_drag=3,cost_adjusted_return_drag,-0.016816,2024 AI Semiconductor Concentration / Pullback Risk
IEF + GLD,stagflation_reinflation_energy_shock,3,3,3,0,0,0,0.0,0.004243,0.023947,-0.015663,-0.02202,0.0003,0.0,0.0003,0.004243,0.023947,-0.015949,-0.02242,0,0,3,-0.001275,-0.018059,-0.02197,net_CVaR=0; net_MDD=0; net_stress_loss=3; cost_adjusted_return_drag=3; cash_net_CVaR=3; cash_net_MDD=3; cash_net_stress_loss=3; CVaR=0; MDD=0; stress_loss=3; return_drag=3,cost_adjusted_return_drag,-0.0378,Russia-Ukraine / War-Energy Shock
IEF + GLD,usd_strength_krw_weakness,3,3,3,0,0,0,0.0,0.004581,0.026407,0.001296,0.002904,0.0003,0.0,0.0003,0.004521,0.026407,0.001017,0.00228,0,0,3,-0.002243,-0.0168,-0.02047,net_CVaR=0; net_MDD=0; net_stress_loss=2; cost_adjusted_return_drag=2; cash_net_CVaR=3; cash_net_MDD=3; cash_net_stress_loss=3; CVaR=0; MDD=0; stress_loss=2; return_drag=2,cash_net_stress_loss,-0.027867,2022 KRW Weakness / USD Strength
IEF + IAU,acute_global_stress_liquidity_crunch,9,6,6,0,0,3,0.0,0.012282,0.034065,0.009996,0.016891,0.0003,0.0,0.0003,0.012282,0.034065,0.009686,0.015033,3,0,3,5e-05,-0.001576,0.014824,net_CVaR=0; net_MDD=0; net_stress_loss=3; cost_adjusted_return_drag=3; cash_net_CVaR=3; cash_net_MDD=3; cash_net_stress_loss=0; CVaR=0; MDD=0; stress_loss=3; return_drag=3,cost_adjusted_return_drag,-0.181556,2023 US Regional Bank / Credit Stress
IEF + IAU,china_trade_fragmentation_shock,3,3,3,0,0,0,0.0,0.003522,0.019239,-0.169336,-0.06771,0.0003,0.0,0.0003,0.003522,0.019239,-0.16994,-0.067957,3,0,0,0.000559,0.005803,0.048545,net_CVaR=0; net_MDD=0; net_stress_loss=3; cost_adjusted_return_drag=3; cash_net_CVaR=0; cash_net_MDD=0; cash_net_stress_loss=0; CVaR=0; MDD=0; stress_loss=3; return_drag=3,net_stress_loss,-0.27717,China Slowdown / Property Stress
IEF + IAU,geopolitical_escalation_supply_shock,3,3,3,0,0,0,0.0,0.00329,0.02431,0.003574,0.016877,0.0003,0.0,0.0003,0.00329,0.02431,0.003265,0.015418,3,0,0,-0.000306,0.00919,0.009285,net_CVaR=0; net_MDD=0; net_stress_loss=0; cost_adjusted_return_drag=0; cash_net_CVaR=3; cash_net_MDD=0; cash_net_stress_loss=0; CVaR=0; MDD=0; stress_loss=0; return_drag=0,cash_net_CVaR,-0.000469,2024 Middle East / Shipping Supply Shock
IEF + IAU,higher_for_longer_long_rate_shock,3,3,3,0,0,0,0.0,0.004271,0.023618,-0.002624,-0.00296,0.0003,0.0,0.0003,0.004271,0.023618,-0.002896,-0.003267,0,0,3,-0.001407,-0.019726,-0.021838,net_CVaR=0; net_MDD=0; net_stress_loss=3; cost_adjusted_return_drag=3; cash_net_CVaR=3; cash_net_MDD=3; cash_net_stress_loss=3; CVaR=0; MDD=0; stress_loss=3; return_drag=3,cash_net_stress_loss,-0.036273,2022 Global Rate Shock
IEF + IAU,semiconductor_ai_cycle_shock,3,3,3,0,0,0,0.0,0.004956,0.027322,-0.002308,-0.006466,0.0003,0.0,0.0003,0.004956,0.027322,-0.002631,-0.00737,3,0,0,-0.000313,0.006295,0.014258,net_CVaR=0; net_MDD=0; net_stress_loss=3; cost_adjusted_return_drag=3; cash_net_CVaR=3; cash_net_MDD=0; cash_net_stress_loss=0; CVaR=0; MDD=0; stress_loss=3; return_drag=3,cost_adjusted_return_drag,-0.016152,2024 AI Semiconductor Concentration / Pullback Risk
IEF + IAU,stagflation_reinflation_energy_shock,3,3,3,0,0,0,0.0,0.004242,0.023922,-0.015476,-0.021757,0.0003,0.0,0.0003,0.004242,0.023922,-0.015762,-0.022158,0,0,3,-0.001276,-0.018084,-0.021783,net_CVaR=0; net_MDD=0; net_stress_loss=3; cost_adjusted_return_drag=3; cash_net_CVaR=3; cash_net_MDD=3; cash_net_stress_loss=3; CVaR=0; MDD=0; stress_loss=3; return_drag=3,cost_adjusted_return_drag,-0.037515,Russia-Ukraine / War-Energy Shock
IEF + IAU,usd_strength_krw_weakness,3,3,3,0,0,0,0.0,0.004572,0.026347,0.001402,0.003141,0.0003,0.0,0.0003,0.004512,0.026347,0.001123,0.002516,0,0,3,-0.002251,-0.016861,-0.020364,net_CVaR=0; net_MDD=0; net_stress_loss=2; cost_adjusted_return_drag=2; cash_net_CVaR=3; cash_net_MDD=3; cash_net_stress_loss=3; CVaR=0; MDD=0; stress_loss=2; return_drag=2,cash_net_stress_loss,-0.027751,2022 KRW Weakness / USD Strength
SHY,acute_global_stress_liquidity_crunch,9,6,6,0,0,3,0.0,0.012695,0.03804,-0.000498,-0.04351,0.0003,0.0,0.0003,0.012695,0.03804,-0.000805,-0.045263,6,0,0,0.000463,0.002399,0.00433,net_CVaR=0; net_MDD=0; net_stress_loss=3; cost_adjusted_return_drag=3; cash_net_CVaR=0; cash_net_MDD=0; cash_net_stress_loss=0; CVaR=0; MDD=0; stress_loss=3; return_drag=3,cost_adjusted_return_drag,-0.276535,2023 US Regional Bank / Credit Stress
SHY,china_trade_fragmentation_shock,3,3,3,0,0,0,0.0,0.003225,0.016004,-0.202552,-0.081261,0.0003,0.0,0.0003,0.003225,0.016004,-0.203146,-0.081505,3,0,0,0.000261,0.002567,0.015328,net_CVaR=0; net_MDD=0; net_stress_loss=3; cost_adjusted_return_drag=3; cash_net_CVaR=0; cash_net_MDD=0; cash_net_stress_loss=0; CVaR=0; MDD=0; stress_loss=3; return_drag=3,net_stress_loss,-0.310703,China Slowdown / Property Stress
SHY,geopolitical_escalation_supply_shock,3,3,3,0,0,0,0.0,0.00353,0.015294,-0.004798,-0.022272,0.0003,0.0,0.0003,0.00353,0.015294,-0.005105,-0.023681,3,0,0,-6.7e-05,0.000174,0.000913,net_CVaR=0; net_MDD=0; net_stress_loss=3; cost_adjusted_return_drag=3; cash_net_CVaR=3; cash_net_MDD=0; cash_net_stress_loss=0; CVaR=0; MDD=0; stress_loss=3; return_drag=3,cost_adjusted_return_drag,-0.035423,2024 Middle East / Shipping Supply Shock
SHY,higher_for_longer_long_rate_shock,3,3,3,0,0,0,0.0,0.005368,0.038342,0.009781,0.01105,0.0003,0.0,0.0003,0.005368,0.038342,0.009504,0.010738,0,0,3,-0.00031,-0.005002,-0.009434,net_CVaR=0; net_MDD=0; net_stress_loss=0; cost_adjusted_return_drag=0; cash_net_CVaR=3; cash_net_MDD=3; cash_net_stress_loss=3; CVaR=0; MDD=0; stress_loss=0; return_drag=0,cash_net_stress_loss,-0.014566,2022 Global Rate Shock
SHY,semiconductor_ai_cycle_shock,3,3,3,0,0,0,0.0,0.005391,0.024383,-0.010181,-0.028378,0.0003,0.0,0.0003,0.005391,0.024383,-0.010502,-0.029265,3,0,0,0.000122,0.003356,0.006384,net_CVaR=0; net_MDD=0; net_stress_loss=3; cost_adjusted_return_drag=3; cash_net_CVaR=0; cash_net_MDD=0; cash_net_stress_loss=0; CVaR=0; MDD=0; stress_loss=3; return_drag=3,cost_adjusted_return_drag,-0.043786,2024 AI Semiconductor Concentration / Pullback Risk
SHY,stagflation_reinflation_energy_shock,3,3,3,0,0,0,0.0,0.005264,0.037673,-0.001911,-0.002697,0.0003,0.0,0.0003,0.005264,0.037673,-0.002202,-0.003108,0,0,3,-0.000254,-0.004334,-0.008218,net_CVaR=0; net_MDD=0; net_stress_loss=3; cost_adjusted_return_drag=3; cash_net_CVaR=3; cash_net_MDD=3; cash_net_stress_loss=3; CVaR=0; MDD=0; stress_loss=3; return_drag=3,cash_net_stress_loss,-0.012763,Russia-Ukraine / War-Energy Shock
SHY,usd_strength_krw_weakness,3,3,3,0,0,0,0.0,0.006456,0.03993,0.018574,0.042195,0.0003,0.0,0.0003,0.006396,0.03993,0.01829,0.041536,0,0,3,-0.000368,-0.003277,-0.003192,net_CVaR=0; net_MDD=0; net_stress_loss=0; cost_adjusted_return_drag=0; cash_net_CVaR=3; cash_net_MDD=3; cash_net_stress_loss=3; CVaR=0; MDD=0; stress_loss=0; return_drag=0,cash_net_stress_loss,-0.005216,2022 KRW Weakness / USD Strength
SHY + DBC,acute_global_stress_liquidity_crunch,9,6,6,0,0,3,0.0,0.010279,0.027764,-0.010239,-0.090685,0.0003,0.0,0.0003,0.010279,0.027764,-0.010542,-0.092334,0,0,6,-0.001953,-0.007877,-0.00541,net_CVaR=0; net_MDD=0; net_stress_loss=3; cost_adjusted_return_drag=3; cash_net_CVaR=6; cash_net_MDD=6; cash_net_stress_loss=4; CVaR=0; MDD=0; stress_loss=3; return_drag=3,cost_adjusted_return_drag,-0.348623,2023 US Regional Bank / Credit Stress
SHY + DBC,china_trade_fragmentation_shock,3,3,3,0,0,0,0.0,0.002986,0.013378,-0.209037,-0.083947,0.0003,0.0,0.0003,0.002986,0.013378,-0.209627,-0.084191,2,0,1,2.3e-05,-5.8e-05,0.008844,net_CVaR=0; net_MDD=0; net_stress_loss=3; cost_adjusted_return_drag=3; cash_net_CVaR=1; cash_net_MDD=1; cash_net_stress_loss=0; CVaR=0; MDD=0; stress_loss=3; return_drag=3,net_stress_loss,-0.323418,China Slowdown / Property Stress
SHY + DBC,geopolitical_escalation_supply_shock,3,3,3,0,0,0,0.0,0.003665,0.016556,-0.002211,-0.010315,0.0003,0.0,0.0003,0.003665,0.016556,-0.002519,-0.011744,3,0,0,6.8e-05,0.001436,0.0035,net_CVaR=0; net_MDD=0; net_stress_loss=3; cost_adjusted_return_drag=3; cash_net_CVaR=0; cash_net_MDD=0; cash_net_stress_loss=0; CVaR=0; MDD=0; stress_loss=3; return_drag=3,cost_adjusted_return_drag,-0.015748,2024 Middle East / Shipping Supply Shock
SHY + DBC,higher_for_longer_long_rate_shock,3,3,3,0,0,0,0.0,0.005218,0.025608,0.026917,0.030471,0.0003,0.0,0.0003,0.005218,0.025608,0.026634,0.03015,0,0,3,-0.00046,-0.017735,0.007702,net_CVaR=0; net_MDD=0; net_stress_loss=0; cost_adjusted_return_drag=0; cash_net_CVaR=3; cash_net_MDD=3; cash_net_stress_loss=0; CVaR=0; MDD=0; stress_loss=0; return_drag=0,cash_net_MDD,-0.033718,2022 Global Rate Shock
SHY + DBC,semiconductor_ai_cycle_shock,3,3,3,0,0,0,0.0,0.005236,0.019181,-0.015835,-0.043888,0.0003,0.0,0.0003,0.005236,0.019181,-0.016153,-0.044759,2,0,1,-3.3e-05,-0.001846,0.000731,net_CVaR=0; net_MDD=0; net_stress_loss=3; cost_adjusted_return_drag=3; cash_net_CVaR=1; cash_net_MDD=3; cash_net_stress_loss=1; CVaR=0; MDD=0; stress_loss=3; return_drag=3,cost_adjusted_return_drag,-0.074612,2024 AI Semiconductor Concentration / Pullback Risk
SHY + DBC,stagflation_reinflation_energy_shock,3,3,3,0,0,0,0.0,0.005247,0.026441,0.010336,0.01465,0.0003,0.0,0.0003,0.005247,0.026441,0.010041,0.01423,0,0,3,-0.000271,-0.015565,0.004029,net_CVaR=0; net_MDD=0; net_stress_loss=0; cost_adjusted_return_drag=0; cash_net_CVaR=3; cash_net_MDD=3; cash_net_stress_loss=2; CVaR=0; MDD=0; stress_loss=0; return_drag=0,cash_net_MDD,-0.029559,Russia-Ukraine / War-Energy Shock
SHY + DBC,usd_strength_krw_weakness,3,3,3,0,0,0,0.0,0.006182,0.033708,0.007414,0.016631,0.0003,0.0,0.0003,0.006122,0.033708,0.007134,0.015999,0,0,3,-0.000642,-0.0095,-0.014352,net_CVaR=0; net_MDD=0; net_stress_loss=0; cost_adjusted_return_drag=0; cash_net_CVaR=3; cash_net_MDD=3; cash_net_stress_loss=3; CVaR=0; MDD=0; stress_loss=0; return_drag=0,cash_net_stress_loss,-0.027526,2022 KRW Weakness / USD Strength
SHY + IAU,acute_global_stress_liquidity_crunch,9,6,6,0,0,3,0.0,0.011173,0.032525,0.007598,0.003903,0.0003,0.0,0.0003,0.011173,0.032525,0.007288,0.002073,3,0,3,-0.001059,-0.003116,0.012426,net_CVaR=0; net_MDD=0; net_stress_loss=3; cost_adjusted_return_drag=3; cash_net_CVaR=3; cash_net_MDD=3; cash_net_stress_loss=0; CVaR=0; MDD=0; stress_loss=3; return_drag=3,cost_adjusted_return_drag,-0.200929,2023 US Regional Bank / Credit Stress
SHY + IAU,china_trade_fragmentation_shock,3,3,3,0,0,0,0.0,0.003528,0.018527,-0.161511,-0.064502,0.0003,0.0,0.0003,0.003528,0.018527,-0.162118,-0.064749,3,0,0,0.000565,0.005091,0.056369,net_CVaR=0; net_MDD=0; net_stress_loss=3; cost_adjusted_return_drag=3; cash_net_CVaR=0; cash_net_MDD=0; cash_net_stress_loss=0; CVaR=0; MDD=0; stress_loss=3; return_drag=3,net_stress_loss,-0.260632,China Slowdown / Property Stress
SHY + IAU,geopolitical_escalation_supply_shock,3,3,3,0,0,0,0.0,0.0032,0.025099,0.006069,0.028707,0.0003,0.0,0.0003,0.0032,0.025099,0.005759,0.02723,3,0,0,-0.000397,0.009979,0.01178,net_CVaR=0; net_MDD=0; net_stress_loss=0; cost_adjusted_return_drag=0; cash_net_CVaR=3; cash_net_MDD=0; cash_net_stress_loss=0; CVaR=0; MDD=0; stress_loss=0; return_drag=0,cash_net_CVaR,-0.000716,2024 Middle East / Shipping Supply Shock
SHY + IAU,higher_for_longer_long_rate_shock,3,3,3,0,0,0,0.0,0.004515,0.027087,0.005966,0.006738,0.0003,0.0,0.0003,0.004515,0.027087,0.00569,0.006427,0,0,3,-0.001163,-0.016257,-0.013249,net_CVaR=0; net_MDD=0; net_stress_loss=0; cost_adjusted_return_drag=0; cash_net_CVaR=3; cash_net_MDD=3; cash_net_stress_loss=3; CVaR=0; MDD=0; stress_loss=0; return_drag=0,cash_net_MDD,-0.021368,2022 Global Rate Shock
SHY + IAU,semiconductor_ai_cycle_shock,3,3,3,0,0,0,0.0,0.004878,0.025007,-0.003075,-0.008611,0.0003,0.0,0.0003,0.004878,0.025007,-0.003398,-0.009513,3,0,0,-0.000391,0.00398,0.01349,net_CVaR=0; net_MDD=0; net_stress_loss=3; cost_adjusted_return_drag=3; cash_net_CVaR=3; cash_net_MDD=0; cash_net_stress_loss=0; CVaR=0; MDD=0; stress_loss=3; return_drag=3,cost_adjusted_return_drag,-0.01989,2024 AI Semiconductor Concentration / Pullback Risk
SHY + IAU,stagflation_reinflation_energy_shock,3,3,3,0,0,0,0.0,0.004567,0.027209,-0.006469,-0.009121,0.0003,0.0,0.0003,0.004567,0.027209,-0.006758,-0.009528,0,0,3,-0.000951,-0.014797,-0.012776,net_CVaR=0; net_MDD=0; net_stress_loss=3; cost_adjusted_return_drag=3; cash_net_CVaR=3; cash_net_MDD=3; cash_net_stress_loss=3; CVaR=0; MDD=0; stress_loss=3; return_drag=3,cash_net_MDD,-0.019659,Russia-Ukraine / War-Energy Shock
SHY + IAU,usd_strength_krw_weakness,3,3,3,0,0,0,0.0,0.004892,0.030536,0.00402,0.009022,0.0003,0.0,0.0003,0.004832,0.030536,0.00374,0.008392,0,0,3,-0.001932,-0.012671,-0.017746,net_CVaR=0; net_MDD=0; net_stress_loss=1; cost_adjusted_return_drag=1; cash_net_CVaR=3; cash_net_MDD=3; cash_net_stress_loss=3; CVaR=0; MDD=0; stress_loss=1; return_drag=1,cash_net_stress_loss,-0.02291,2022 KRW Weakness / USD Strength
TLT,acute_global_stress_liquidity_crunch,9,6,6,0,0,3,0.0,0.014221,0.03856,0.012847,0.024596,0.0003,0.0,0.0003,0.014221,0.03856,0.012536,0.022708,6,0,0,0.00199,0.00292,0.017675,net_CVaR=0; net_MDD=0; net_stress_loss=3; cost_adjusted_return_drag=3; cash_net_CVaR=0; cash_net_MDD=0; cash_net_stress_loss=0; CVaR=0; MDD=0; stress_loss=3; return_drag=3,cost_adjusted_return_drag,-0.221553,2023 US Regional Bank / Credit Stress
TLT,china_trade_fragmentation_shock,3,3,3,0,0,0,0.0,0.003149,0.019093,-0.225751,-0.090836,0.0003,0.0,0.0003,0.003149,0.019093,-0.226338,-0.091079,3,0,0,0.000186,0.005656,-0.00787,net_CVaR=0; net_MDD=0; net_stress_loss=3; cost_adjusted_return_drag=3; cash_net_CVaR=0; cash_net_MDD=0; cash_net_stress_loss=3; CVaR=0; MDD=0; stress_loss=3; return_drag=3,net_stress_loss,-0.344058,China Slowdown / Property Stress
TLT,geopolitical_escalation_supply_shock,3,3,3,0,0,0,0.0,0.003618,0.010482,-0.013445,-0.061416,0.0003,0.0,0.0003,0.003618,0.010482,-0.013749,-0.062769,0,0,3,2.2e-05,-0.004638,-0.007734,net_CVaR=0; net_MDD=0; net_stress_loss=3; cost_adjusted_return_drag=3; cash_net_CVaR=1; cash_net_MDD=3; cash_net_stress_loss=3; CVaR=0; MDD=0; stress_loss=3; return_drag=3,cost_adjusted_return_drag,-0.093457,2024 Middle East / Shipping Supply Shock
TLT,higher_for_longer_long_rate_shock,3,3,3,0,0,0,0.0,0.003973,0.005455,-0.037043,-0.041664,0.0003,0.0,0.0003,0.003973,0.005455,-0.037304,-0.041957,0,0,3,-0.001705,-0.037889,-0.056257,net_CVaR=0; net_MDD=0; net_stress_loss=3; cost_adjusted_return_drag=3; cash_net_CVaR=3; cash_net_MDD=3; cash_net_stress_loss=3; CVaR=0; MDD=0; stress_loss=3; return_drag=3,cash_net_stress_loss,-0.084772,2022 Global Rate Shock
TLT,semiconductor_ai_cycle_shock,3,3,3,0,0,0,0.0,0.005358,0.034959,-0.007749,-0.021642,0.0003,0.0,0.0003,0.005358,0.034959,-0.008072,-0.022538,3,0,0,8.9e-05,0.013932,0.008816,net_CVaR=0; net_MDD=0; net_stress_loss=3; cost_adjusted_return_drag=3; cash_net_CVaR=0; cash_net_MDD=0; cash_net_stress_loss=0; CVaR=0; MDD=0; stress_loss=3; return_drag=3,cost_adjusted_return_drag,-0.033742,2024 AI Semiconductor Concentration / Pullback Risk
TLT,stagflation_reinflation_energy_shock,3,3,3,0,0,0,0.0,0.00376,0.017746,-0.050365,-0.070179,0.0003,0.0,0.0003,0.00376,0.017746,-0.05064,-0.070556,0,0,3,-0.001758,-0.02426,-0.056672,net_CVaR=0; net_MDD=0; net_stress_loss=3; cost_adjusted_return_drag=3; cash_net_CVaR=3; cash_net_MDD=3; cash_net_stress_loss=3; CVaR=0; MDD=0; stress_loss=3; return_drag=3,cost_adjusted_return_drag,-0.105411,Russia-Ukraine / War-Energy Shock
TLT,usd_strength_krw_weakness,3,3,3,0,0,0,0.0,0.004445,0.018831,-0.00671,-0.014819,0.0003,0.0,0.0003,0.004385,0.018831,-0.006987,-0.015426,0,0,3,-0.002378,-0.024376,-0.028476,net_CVaR=0; net_MDD=0; net_stress_loss=3; cost_adjusted_return_drag=3; cash_net_CVaR=3; cash_net_MDD=3; cash_net_stress_loss=3; CVaR=0; MDD=0; stress_loss=3; return_drag=3,cash_net_stress_loss,-0.043128,2022 KRW Weakness / USD Strength
TLT + DBC,acute_global_stress_liquidity_crunch,9,6,6,0,0,3,0.0,0.011693,0.02873,-0.000897,-0.047502,0.0003,0.0,0.0003,0.011693,0.02873,-0.001203,-0.049231,2,0,4,-0.000538,-0.006911,0.003931,net_CVaR=0; net_MDD=0; net_stress_loss=3; cost_adjusted_return_drag=3; cash_net_CVaR=3; cash_net_MDD=5; cash_net_stress_loss=2; CVaR=0; MDD=0; stress_loss=3; return_drag=3,cost_adjusted_return_drag,-0.316957,2023 US Regional Bank / Credit Stress
TLT + DBC,china_trade_fragmentation_shock,3,3,3,0,0,0,0.0,0.002968,0.015924,-0.225389,-0.090686,0.0003,0.0,0.0003,0.002968,0.015924,-0.225975,-0.090929,2,0,1,5e-06,0.002488,-0.007508,net_CVaR=0; net_MDD=0; net_stress_loss=3; cost_adjusted_return_drag=3; cash_net_CVaR=1; cash_net_MDD=0; cash_net_stress_loss=3; CVaR=0; MDD=0; stress_loss=3; return_drag=3,net_stress_loss,-0.343485,China Slowdown / Property Stress
TLT + DBC,geopolitical_escalation_supply_shock,3,3,3,0,0,0,0.0,0.00374,0.013564,-0.008264,-0.038157,0.0003,0.0,0.0003,0.00374,0.013564,-0.00857,-0.039547,0,0,3,0.000143,-0.001555,-0.002553,net_CVaR=0; net_MDD=0; net_stress_loss=3; cost_adjusted_return_drag=3; cash_net_CVaR=0; cash_net_MDD=3; cash_net_stress_loss=3; CVaR=0; MDD=0; stress_loss=3; return_drag=3,cost_adjusted_return_drag,-0.047437,2024 Middle East / Shipping Supply Shock
TLT + DBC,higher_for_longer_long_rate_shock,3,3,3,0,0,0,0.0,0.0044,0.014531,-0.00586,-0.006603,0.0003,0.0,0.0003,0.0044,0.014531,-0.006132,-0.00691,0,0,3,-0.001278,-0.028813,-0.025074,net_CVaR=0; net_MDD=0; net_stress_loss=2; cost_adjusted_return_drag=2; cash_net_CVaR=3; cash_net_MDD=3; cash_net_stress_loss=3; CVaR=0; MDD=0; stress_loss=2; return_drag=2,cash_net_MDD,-0.046949,2022 Global Rate Shock
TLT + DBC,semiconductor_ai_cycle_shock,3,3,3,0,0,0,0.0,0.005189,0.02656,-0.014132,-0.039216,0.0003,0.0,0.0003,0.005189,0.02656,-0.014452,-0.040093,2,0,1,-8e-05,0.005533,0.002433,net_CVaR=0; net_MDD=0; net_stress_loss=3; cost_adjusted_return_drag=3; cash_net_CVaR=2; cash_net_MDD=0; cash_net_stress_loss=1; CVaR=0; MDD=0; stress_loss=3; return_drag=3,cost_adjusted_return_drag,-0.068687,2024 AI Semiconductor Concentration / Pullback Risk
TLT + DBC,stagflation_reinflation_energy_shock,3,3,3,0,0,0,0.0,0.004227,0.015547,-0.023582,-0.033111,0.0003,0.0,0.0003,0.004227,0.015547,-0.023866,-0.033508,0,0,3,-0.001291,-0.026459,-0.029889,net_CVaR=0; net_MDD=0; net_stress_loss=3; cost_adjusted_return_drag=3; cash_net_CVaR=3; cash_net_MDD=3; cash_net_stress_loss=3; CVaR=0; MDD=0; stress_loss=3; return_drag=3,cost_adjusted_return_drag,-0.045966,Russia-Ukraine / War-Energy Shock
TLT + DBC,usd_strength_krw_weakness,3,3,3,0,0,0,0.0,0.004849,0.02152,-0.010284,-0.022601,0.0003,0.0,0.0003,0.004789,0.02152,-0.01056,-0.023199,0,0,3,-0.001975,-0.021687,-0.032051,net_CVaR=0; net_MDD=0; net_stress_loss=3; cost_adjusted_return_drag=3; cash_net_CVaR=3; cash_net_MDD=3; cash_net_stress_loss=3; CVaR=0; MDD=0; stress_loss=3; return_drag=3,cash_net_stress_loss,-0.050273,2022 KRW Weakness / USD Strength
TLT + GLD,acute_global_stress_liquidity_crunch,9,6,6,0,0,3,0.0,0.01242,0.033614,0.012538,0.028899,0.0003,0.0,0.0003,0.01242,0.033614,0.012227,0.027012,3,0,3,0.000188,-0.002027,0.017367,net_CVaR=0; net_MDD=0; net_stress_loss=3; cost_adjusted_return_drag=3; cash_net_CVaR=3; cash_net_MDD=3; cash_net_stress_loss=0; CVaR=0; MDD=0; stress_loss=3; return_drag=3,cost_adjusted_return_drag,-0.183996,2023 US Regional Bank / Credit Stress
TLT + GLD,china_trade_fragmentation_shock,3,3,3,0,0,0,0.0,0.003455,0.019535,-0.176271,-0.070557,0.0003,0.0,0.0003,0.003455,0.019535,-0.176873,-0.070803,3,0,0,0.000492,0.006099,0.04161,net_CVaR=0; net_MDD=0; net_stress_loss=3; cost_adjusted_return_drag=3; cash_net_CVaR=0; cash_net_MDD=0; cash_net_stress_loss=0; CVaR=0; MDD=0; stress_loss=3; return_drag=3,net_stress_loss,-0.290072,China Slowdown / Property Stress
TLT + GLD,geopolitical_escalation_supply_shock,3,3,3,0,0,0,0.0,0.003206,0.023766,0.000829,0.004003,0.0003,0.0,0.0003,0.003206,0.023766,0.000521,0.002564,3,0,0,-0.000391,0.008647,0.00654,net_CVaR=0; net_MDD=0; net_stress_loss=1; cost_adjusted_return_drag=1; cash_net_CVaR=3; cash_net_MDD=0; cash_net_stress_loss=0; CVaR=0; MDD=0; stress_loss=1; return_drag=1,cost_adjusted_return_drag,-0.023489,2024 Middle East / Shipping Supply Shock
TLT + GLD,higher_for_longer_long_rate_shock,3,3,3,0,0,0,0.0,0.004074,0.017651,-0.014982,-0.016878,0.0003,0.0,0.0003,0.004074,0.017651,-0.01525,-0.017179,0,0,3,-0.001604,-0.025693,-0.034197,net_CVaR=0; net_MDD=0; net_stress_loss=3; cost_adjusted_return_drag=3; cash_net_CVaR=3; cash_net_MDD=3; cash_net_stress_loss=3; CVaR=0; MDD=0; stress_loss=3; return_drag=3,cash_net_stress_loss,-0.060716,2022 Global Rate Shock
TLT + GLD,semiconductor_ai_cycle_shock,3,3,3,0,0,0,0.0,0.004919,0.02967,-0.002968,-0.008312,0.0003,0.0,0.0003,0.004919,0.02967,-0.003291,-0.009215,3,0,0,-0.00035,0.008643,0.013598,net_CVaR=0; net_MDD=0; net_stress_loss=3; cost_adjusted_return_drag=3; cash_net_CVaR=3; cash_net_MDD=0; cash_net_stress_loss=0; CVaR=0; MDD=0; stress_loss=3; return_drag=3,cost_adjusted_return_drag,-0.019277,2024 AI Semiconductor Concentration / Pullback Risk
TLT + GLD,stagflation_reinflation_energy_shock,3,3,3,0,0,0,0.0,0.003948,0.020005,-0.027968,-0.039155,0.0003,0.0,0.0003,0.003948,0.020005,-0.028249,-0.039546,0,0,3,-0.001569,-0.022001,-0.034275,net_CVaR=0; net_MDD=0; net_stress_loss=3; cost_adjusted_return_drag=3; cash_net_CVaR=3; cash_net_MDD=3; cash_net_stress_loss=3; CVaR=0; MDD=0; stress_loss=3; return_drag=3,cost_adjusted_return_drag,-0.071922,Russia-Ukraine / War-Energy Shock
TLT + GLD,usd_strength_krw_weakness,3,3,3,0,0,0,0.0,0.004188,0.023333,-0.00589,-0.013018,0.0003,0.0,0.0003,0.004128,0.023333,-0.006167,-0.013627,0,0,3,-0.002636,-0.019875,-0.027656,net_CVaR=0; net_MDD=0; net_stress_loss=3; cost_adjusted_return_drag=3; cash_net_CVaR=3; cash_net_MDD=3; cash_net_stress_loss=3; CVaR=0; MDD=0; stress_loss=3; return_drag=3,cash_net_stress_loss,-0.042234,2022 KRW Weakness / USD Strength
TLT + IAU,acute_global_stress_liquidity_crunch,9,6,6,0,0,3,0.0,0.012347,0.033702,0.012727,0.03003,0.0003,0.0,0.0003,0.012347,0.033702,0.012416,0.028141,3,0,3,0.000115,-0.001939,0.017556,net_CVaR=0; net_MDD=0; net_stress_loss=3; cost_adjusted_return_drag=3; cash_net_CVaR=3; cash_net_MDD=3; cash_net_stress_loss=0; CVaR=0; MDD=0; stress_loss=3; return_drag=3,cost_adjusted_return_drag,-0.182498,2023 US Regional Bank / Credit Stress
TLT + IAU,china_trade_fragmentation_shock,3,3,3,0,0,0,0.0,0.003461,0.01955,-0.175943,-0.070424,0.0003,0.0,0.0003,0.003461,0.01955,-0.176546,-0.07067,3,0,0,0.000498,0.006114,0.041937,net_CVaR=0; net_MDD=0; net_stress_loss=3; cost_adjusted_return_drag=3; cash_net_CVaR=0; cash_net_MDD=0; cash_net_stress_loss=0; CVaR=0; MDD=0; stress_loss=3; return_drag=3,net_stress_loss,-0.289717,China Slowdown / Property Stress
TLT + IAU,geopolitical_escalation_supply_shock,3,3,3,0,0,0,0.0,0.003239,0.023762,0.001003,0.00482,0.0003,0.0,0.0003,0.003239,0.023762,0.000695,0.00338,3,0,0,-0.000358,0.008643,0.006714,net_CVaR=0; net_MDD=0; net_stress_loss=1; cost_adjusted_return_drag=1; cash_net_CVaR=3; cash_net_MDD=0; cash_net_stress_loss=0; CVaR=0; MDD=0; stress_loss=1; return_drag=1,cost_adjusted_return_drag,-0.022614,2024 Middle East / Shipping Supply Shock
TLT + IAU,higher_for_longer_long_rate_shock,3,3,3,0,0,0,0.0,0.004079,0.017669,-0.014692,-0.016551,0.0003,0.0,0.0003,0.004079,0.017669,-0.01496,-0.016853,0,0,3,-0.001599,-0.025675,-0.033907,net_CVaR=0; net_MDD=0; net_stress_loss=3; cost_adjusted_return_drag=3; cash_net_CVaR=3; cash_net_MDD=3; cash_net_stress_loss=3; CVaR=0; MDD=0; stress_loss=3; return_drag=3,cash_net_stress_loss,-0.0604,2022 Global Rate Shock
TLT + IAU,semiconductor_ai_cycle_shock,3,3,3,0,0,0,0.0,0.004917,0.029714,-0.002749,-0.0077,0.0003,0.0,0.0003,0.004917,0.029714,-0.003073,-0.008604,3,0,0,-0.000352,0.008687,0.013816,net_CVaR=0; net_MDD=0; net_stress_loss=3; cost_adjusted_return_drag=3; cash_net_CVaR=3; cash_net_MDD=0; cash_net_stress_loss=0; CVaR=0; MDD=0; stress_loss=3; return_drag=3,cost_adjusted_return_drag,-0.018613,2024 AI Semiconductor Concentration / Pullback Risk
TLT + IAU,stagflation_reinflation_energy_shock,3,3,3,0,0,0,0.0,0.003948,0.02004,-0.027781,-0.038894,0.0003,0.0,0.0003,0.003948,0.02004,-0.028062,-0.039285,0,0,3,-0.00157,-0.021966,-0.034087,net_CVaR=0; net_MDD=0; net_stress_loss=3; cost_adjusted_return_drag=3; cash_net_CVaR=3; cash_net_MDD=3; cash_net_stress_loss=3; CVaR=0; MDD=0; stress_loss=3; return_drag=3,cost_adjusted_return_drag,-0.07164,Russia-Ukraine / War-Energy Shock
TLT + IAU,usd_strength_krw_weakness,3,3,3,0,0,0,0.0,0.004179,0.023348,-0.005784,-0.012785,0.0003,0.0,0.0003,0.004119,0.023348,-0.006061,-0.013394,0,0,3,-0.002644,-0.019859,-0.02755,net_CVaR=0; net_MDD=0; net_stress_loss=3; cost_adjusted_return_drag=3; cash_net_CVaR=3; cash_net_MDD=3; cash_net_stress_loss=3; CVaR=0; MDD=0; stress_loss=3; return_drag=3,cash_net_stress_loss,-0.042118,2022 KRW Weakness / USD Strength
USO,acute_global_stress_liquidity_crunch,9,6,0,0,6,3,1.0,-0.00772,-0.031588,-0.072866,-0.299264,0.0003,0.0,0.0003,-0.00772,-0.031588,-0.073147,-0.300501,0,0,6,-0.019952,-0.067229,-0.068037,net_CVaR=6; net_MDD=6; net_stress_loss=6; cost_adjusted_return_drag=6; cash_net_CVaR=6; cash_net_MDD=6; cash_net_stress_loss=6; CVaR=6; MDD=6; stress_loss=6; return_drag=6,cost_adjusted_return_drag,-0.514008,2023 US Regional Bank / Credit Stress
USO,china_trade_fragmentation_shock,3,3,3,0,0,0,0.0,0.00199,0.005725,-0.204894,-0.082222,0.0003,0.0,0.0003,0.00199,0.005725,-0.205487,-0.082466,0,0,3,-0.000973,-0.007711,0.012987,net_CVaR=0; net_MDD=0; net_stress_loss=3; cost_adjusted_return_drag=3; cash_net_CVaR=3; cash_net_MDD=3; cash_net_stress_loss=0; CVaR=0; MDD=0; stress_loss=3; return_drag=3,net_stress_loss,-0.313343,China Slowdown / Property Stress
USO,geopolitical_escalation_supply_shock,3,3,3,0,0,0,0.0,0.002044,0.014449,-0.005216,-0.024193,0.0003,0.0,0.0003,0.002044,0.014449,-0.005523,-0.025604,2,0,1,-0.001552,-0.000671,0.000495,net_CVaR=0; net_MDD=0; net_stress_loss=3; cost_adjusted_return_drag=3; cash_net_CVaR=3; cash_net_MDD=1; cash_net_stress_loss=0; CVaR=0; MDD=0; stress_loss=3; return_drag=3,cost_adjusted_return_drag,-0.038292,2024 Middle East / Shipping Supply Shock
USO,higher_for_longer_long_rate_shock,3,3,2,0,1,0,0.3333,-0.000869,-0.029749,0.104366,0.118912,0.0003,0.0,0.0003,-0.000869,-0.029749,0.104059,0.118558,0,0,3,-0.006547,-0.073093,0.085152,net_CVaR=1; net_MDD=3; net_stress_loss=0; cost_adjusted_return_drag=0; cash_net_CVaR=3; cash_net_MDD=3; cash_net_stress_loss=0; CVaR=1; MDD=3; stress_loss=0; return_drag=0,cash_net_MDD,-0.110352,2022 Global Rate Shock
USO,semiconductor_ai_cycle_shock,3,3,3,0,0,0,0.0,0.003936,0.003113,-0.032414,-0.08873,0.0003,0.0,0.0003,0.003936,0.003113,-0.032726,-0.089561,0,0,3,-0.001333,-0.017914,-0.015849,net_CVaR=0; net_MDD=0; net_stress_loss=3; cost_adjusted_return_drag=3; cash_net_CVaR=3; cash_net_MDD=3; cash_net_stress_loss=3; CVaR=0; MDD=0; stress_loss=3; return_drag=3,cost_adjusted_return_drag,-0.133301,2024 AI Semiconductor Concentration / Pullback Risk
USO,stagflation_reinflation_energy_shock,3,3,3,0,0,0,0.0,0.001498,-0.021494,0.055628,0.079676,0.0003,0.0,0.0003,0.001498,-0.021494,0.055318,0.079226,0,0,3,-0.00402,-0.0635,0.049321,net_CVaR=0; net_MDD=3; net_stress_loss=0; cost_adjusted_return_drag=0; cash_net_CVaR=3; cash_net_MDD=3; cash_net_stress_loss=0; CVaR=0; MDD=3; stress_loss=0; return_drag=0,cash_net_MDD,-0.098234,Russia-Ukraine / War-Energy Shock
USO,usd_strength_krw_weakness,3,3,2,0,1,0,0.3333,0.003081,0.003503,-0.027855,-0.060069,0.0003,0.0,0.0003,0.003021,0.003383,-0.028122,-0.060627,0,0,3,-0.003743,-0.039705,-0.049621,net_CVaR=0; net_MDD=1; net_stress_loss=3; cost_adjusted_return_drag=3; cash_net_CVaR=3; cash_net_MDD=3; cash_net_stress_loss=3; CVaR=0; MDD=1; stress_loss=3; return_drag=3,cost_adjusted_return_drag,-0.090099,2022 KRW Weakness / USD Strength
XLE,acute_global_stress_liquidity_crunch,9,6,0,0,6,3,1.0,-0.005165,-0.029009,-0.050247,-0.244341,0.0003,0.0,0.0003,-0.005165,-0.029009,-0.050537,-0.245696,0,0,6,-0.017397,-0.064649,-0.045419,net_CVaR=6; net_MDD=6; net_stress_loss=6; cost_adjusted_return_drag=6; cash_net_CVaR=6; cash_net_MDD=6; cash_net_stress_loss=6; CVaR=6; MDD=6; stress_loss=6; return_drag=6,cost_adjusted_return_drag,-0.48492,2023 US Regional Bank / Credit Stress
XLE,china_trade_fragmentation_shock,3,3,3,0,0,0,0.0,0.002693,0.011369,-0.204792,-0.082176,0.0003,0.0,0.0003,0.002693,0.011369,-0.205385,-0.08242,0,0,3,-0.00027,-0.002067,0.013089,net_CVaR=0; net_MDD=0; net_stress_loss=3; cost_adjusted_return_drag=3; cash_net_CVaR=3; cash_net_MDD=3; cash_net_stress_loss=0; CVaR=0; MDD=0; stress_loss=3; return_drag=3,net_stress_loss,-0.312571,China Slowdown / Property Stress
XLE,geopolitical_escalation_supply_shock,3,3,3,0,0,0,0.0,0.001637,0.01761,0.010551,0.050391,0.0003,0.0,0.0003,0.001637,0.01761,0.010238,0.048869,3,0,0,-0.00196,0.00249,0.016262,net_CVaR=0; net_MDD=0; net_stress_loss=0; cost_adjusted_return_drag=0; cash_net_CVaR=3; cash_net_MDD=0; cash_net_stress_loss=0; CVaR=0; MDD=0; stress_loss=0; return_drag=0,cash_net_CVaR,-0.003768,2024 Middle East / Shipping Supply Shock
XLE,higher_for_longer_long_rate_shock,3,3,2,0,1,0,0.3333,-0.000293,-0.005949,0.148878,0.170265,0.0003,0.0,0.0003,-0.000293,-0.005949,0.148554,0.169891,0,0,3,-0.005971,-0.049292,0.129663,net_CVaR=1; net_MDD=3; net_stress_loss=0; cost_adjusted_return_drag=0; cash_net_CVaR=3; cash_net_MDD=3; cash_net_stress_loss=0; CVaR=1; MDD=3; stress_loss=0; return_drag=0,cash_net_MDD,-0.075303,2022 Global Rate Shock
XLE,semiconductor_ai_cycle_shock,3,3,3,0,0,0,0.0,0.00346,0.010749,-0.024393,-0.06721,0.0003,0.0,0.0003,0.00346,0.010749,-0.024708,-0.06806,0,0,3,-0.001809,-0.010278,-0.007827,net_CVaR=0; net_MDD=0; net_stress_loss=3; cost_adjusted_return_drag=3; cash_net_CVaR=3; cash_net_MDD=3; cash_net_stress_loss=3; CVaR=0; MDD=0; stress_loss=3; return_drag=3,cost_adjusted_return_drag,-0.101493,2024 AI Semiconductor Concentration / Pullback Risk
XLE,stagflation_reinflation_energy_shock,3,3,2,0,1,0,0.3333,-9.4e-05,-0.002085,0.091487,0.1322,0.0003,0.0,0.0003,-9.4e-05,-0.002085,0.091163,0.13172,0,0,3,-0.005612,-0.044091,0.08518,net_CVaR=1; net_MDD=3; net_stress_loss=0; cost_adjusted_return_drag=0; cash_net_CVaR=3; cash_net_MDD=3; cash_net_stress_loss=0; CVaR=1; MDD=3; stress_loss=0; return_drag=0,cash_net_MDD,-0.068123,Russia-Ukraine / War-Energy Shock
XLE,usd_strength_krw_weakness,3,3,3,0,0,0,0.0,-7.3e-05,0.016394,0.017627,0.040002,0.0003,0.0,0.0003,-0.000133,0.016394,0.01734,0.039337,0,0,3,-0.006897,-0.026813,-0.004139,net_CVaR=1; net_MDD=0; net_stress_loss=0; cost_adjusted_return_drag=0; cash_net_CVaR=3; cash_net_MDD=3; cash_net_stress_loss=3; CVaR=1; MDD=0; stress_loss=0; return_drag=0,cash_net_MDD,-0.04051,2022 KRW Weakness / USD Strength
XLP,acute_global_stress_liquidity_crunch,9,6,6,0,0,3,0.0,0.002864,0.013065,-0.009962,-0.084383,0.0003,0.0,0.0003,0.002864,0.013065,-0.010266,-0.086049,0,0,6,-0.009368,-0.022575,-0.005134,net_CVaR=0; net_MDD=0; net_stress_loss=3; cost_adjusted_return_drag=3; cash_net_CVaR=6; cash_net_MDD=6; cash_net_stress_loss=3; CVaR=0; MDD=0; stress_loss=3; return_drag=3,cost_adjusted_return_drag,-0.294255,2023 US Regional Bank / Credit Stress
XLP,china_trade_fragmentation_shock,3,3,3,0,0,0,0.0,0.003243,0.015619,-0.186839,-0.0748,0.0003,0.0,0.0003,0.003243,0.015619,-0.187438,-0.075045,3,0,0,0.00028,0.002183,0.031042,net_CVaR=0; net_MDD=0; net_stress_loss=3; cost_adjusted_return_drag=3; cash_net_CVaR=0; cash_net_MDD=0; cash_net_stress_loss=0; CVaR=0; MDD=0; stress_loss=3; return_drag=3,net_stress_loss,-0.286108,China Slowdown / Property Stress
XLP,geopolitical_escalation_supply_shock,3,3,3,0,0,0,0.0,0.004109,0.01203,0.00541,0.025593,0.0003,0.0,0.0003,0.004109,0.01203,0.0051,0.024112,3,0,0,0.000512,-0.00309,0.011121,net_CVaR=0; net_MDD=0; net_stress_loss=0; cost_adjusted_return_drag=0; cash_net_CVaR=0; cash_net_MDD=3; cash_net_stress_loss=0; CVaR=0; MDD=0; stress_loss=0; return_drag=0,cash_net_MDD,-0.004677,2024 Middle East / Shipping Supply Shock
XLP,higher_for_longer_long_rate_shock,3,3,3,0,0,0,0.0,0.001994,0.028546,0.017746,0.020063,0.0003,0.0,0.0003,0.001994,0.028546,0.017467,0.019748,0,0,3,-0.003684,-0.014798,-0.001469,net_CVaR=0; net_MDD=0; net_stress_loss=0; cost_adjusted_return_drag=0; cash_net_CVaR=3; cash_net_MDD=3; cash_net_stress_loss=3; CVaR=0; MDD=0; stress_loss=0; return_drag=0,cash_net_MDD,-0.025297,2022 Global Rate Shock
XLP,semiconductor_ai_cycle_shock,3,3,3,0,0,0,0.0,0.005079,0.023937,0.000193,0.000544,0.0003,0.0,0.0003,0.005079,0.023937,-0.000131,-0.000369,3,0,0,-0.00019,0.002909,0.016759,net_CVaR=0; net_MDD=0; net_stress_loss=3; cost_adjusted_return_drag=3; cash_net_CVaR=3; cash_net_MDD=0; cash_net_stress_loss=0; CVaR=0; MDD=0; stress_loss=0; return_drag=0,cost_adjusted_return_drag,-0.000555,2024 AI Semiconductor Concentration / Pullback Risk
XLP,stagflation_reinflation_energy_shock,3,3,3,0,0,0,0.0,0.001851,0.025778,-0.003226,-0.004552,0.0003,0.0,0.0003,0.001851,0.025778,-0.003517,-0.004962,0,0,3,-0.003667,-0.016228,-0.009533,net_CVaR=0; net_MDD=0; net_stress_loss=3; cost_adjusted_return_drag=3; cash_net_CVaR=3; cash_net_MDD=3; cash_net_stress_loss=3; CVaR=0; MDD=0; stress_loss=3; return_drag=3,cash_net_MDD,-0.027354,Russia-Ukraine / War-Energy Shock
XLP,usd_strength_krw_weakness,3,3,3,0,0,0,0.0,0.003264,0.016609,0.018009,0.040886,0.0003,0.0,0.0003,0.003204,0.016609,0.017724,0.040226,0,0,3,-0.003559,-0.026598,-0.003757,net_CVaR=0; net_MDD=0; net_stress_loss=0; cost_adjusted_return_drag=0; cash_net_CVaR=3; cash_net_MDD=3; cash_net_stress_loss=3; CVaR=0; MDD=0; stress_loss=0; return_drag=0,cash_net_MDD,-0.040121,2022 KRW Weakness / USD Strength
XLU,acute_global_stress_liquidity_crunch,9,6,1,0,5,3,0.8333,-6e-05,-0.00027,-0.019427,-0.125074,0.0003,0.0,0.0003,-8.5e-05,-0.00032,-0.019729,-0.126662,0,0,6,-0.012292,-0.03591,-0.014599,net_CVaR=3; net_MDD=3; net_stress_loss=6; cost_adjusted_return_drag=6; cash_net_CVaR=6; cash_net_MDD=6; cash_net_stress_loss=6; CVaR=3; MDD=3; stress_loss=6; return_drag=6,cost_adjusted_return_drag,-0.334168,2023 US Regional Bank / Credit Stress
XLU,china_trade_fragmentation_shock,3,3,3,0,0,0,0.0,0.003923,0.0197,-0.17129,-0.068433,0.0003,0.0,0.0003,0.003923,0.0197,-0.171897,-0.068681,3,0,0,0.000959,0.006263,0.04659,net_CVaR=0; net_MDD=0; net_stress_loss=3; cost_adjusted_return_drag=3; cash_net_CVaR=0; cash_net_MDD=0; cash_net_stress_loss=0; CVaR=0; MDD=0; stress_loss=3; return_drag=3,net_stress_loss,-0.261352,China Slowdown / Property Stress
XLU,geopolitical_escalation_supply_shock,3,3,3,0,0,0,0.0,0.003544,0.023588,0.028542,0.140939,0.0003,0.0,0.0003,0.003544,0.023588,0.028225,0.139291,3,0,0,-5.2e-05,0.008468,0.034253,net_CVaR=0; net_MDD=0; net_stress_loss=0; cost_adjusted_return_drag=0; cash_net_CVaR=1; cash_net_MDD=0; cash_net_stress_loss=0; CVaR=0; MDD=0; stress_loss=0; return_drag=0,cash_net_CVaR,-0.000741,2024 Middle East / Shipping Supply Shock
XLU,higher_for_longer_long_rate_shock,3,3,3,0,0,0,0.0,0.001915,0.014184,0.015272,0.017262,0.0003,0.0,0.0003,0.001915,0.014184,0.014993,0.016947,0,0,3,-0.003763,-0.02916,-0.003943,net_CVaR=0; net_MDD=0; net_stress_loss=0; cost_adjusted_return_drag=0; cash_net_CVaR=3; cash_net_MDD=3; cash_net_stress_loss=3; CVaR=0; MDD=0; stress_loss=0; return_drag=0,cash_net_MDD,-0.051413,2022 Global Rate Shock
XLU,semiconductor_ai_cycle_shock,3,3,3,0,0,0,0.0,0.005791,0.031625,0.016879,0.048082,0.0003,0.0,0.0003,0.005791,0.031625,0.016549,0.047128,3,0,0,0.000523,0.010598,0.033445,net_CVaR=0; net_MDD=0; net_stress_loss=0; cost_adjusted_return_drag=0; cash_net_CVaR=0; cash_net_MDD=0; cash_net_stress_loss=0; CVaR=0; MDD=0; stress_loss=0; return_drag=0,cash_net_CVaR,0.000415,2024 AI Semiconductor Concentration / Pullback Risk
XLU,stagflation_reinflation_energy_shock,3,3,3,0,0,0,0.0,0.002144,0.012258,-0.00113,-0.001596,0.0003,0.0,0.0003,0.002144,0.012258,-0.001422,-0.002007,0,0,3,-0.003374,-0.029748,-0.007437,net_CVaR=0; net_MDD=0; net_stress_loss=3; cost_adjusted_return_drag=3; cash_net_CVaR=3; cash_net_MDD=3; cash_net_stress_loss=3; CVaR=0; MDD=0; stress_loss=3; return_drag=3,cash_net_MDD,-0.050317,Russia-Ukraine / War-Energy Shock
XLU,usd_strength_krw_weakness,3,3,3,0,0,0,0.0,0.002566,0.000978,0.00205,0.004573,0.0003,0.0,0.0003,0.002506,0.000978,0.001769,0.003945,0,0,3,-0.004258,-0.04223,-0.019716,net_CVaR=0; net_MDD=1; net_stress_loss=0; cost_adjusted_return_drag=0; cash_net_CVaR=3; cash_net_MDD=3; cash_net_stress_loss=3; CVaR=0; MDD=1; stress_loss=0; return_drag=0,cash_net_MDD,-0.065113,2022 KRW Weakness / USD Strength
XLV,acute_global_stress_liquidity_crunch,9,6,6,0,0,3,0.0,0.002079,0.008125,-0.009423,-0.082303,0.0003,0.0,0.0003,0.002079,0.008125,-0.009728,-0.083975,0,0,6,-0.010153,-0.027516,-0.004595,net_CVaR=0; net_MDD=0; net_stress_loss=3; cost_adjusted_return_drag=3; cash_net_CVaR=6; cash_net_MDD=6; cash_net_stress_loss=3; CVaR=0; MDD=0; stress_loss=3; return_drag=3,cost_adjusted_return_drag,-0.29416,2023 US Regional Bank / Credit Stress
XLV,china_trade_fragmentation_shock,3,3,3,0,0,0,0.0,0.003026,0.015959,-0.206481,-0.082874,0.0003,0.0,0.0003,0.003026,0.015959,-0.207075,-0.083118,3,0,0,6.3e-05,0.002523,0.011399,net_CVaR=0; net_MDD=0; net_stress_loss=3; cost_adjusted_return_drag=3; cash_net_CVaR=0; cash_net_MDD=0; cash_net_stress_loss=0; CVaR=0; MDD=0; stress_loss=3; return_drag=3,net_stress_loss,-0.315456,China Slowdown / Property Stress
XLV,geopolitical_escalation_supply_shock,3,3,3,0,0,0,0.0,0.002676,0.008338,-0.010331,-0.047464,0.0003,0.0,0.0003,0.002676,0.008338,-0.010636,-0.048836,0,0,3,-0.000921,-0.006781,-0.00462,net_CVaR=0; net_MDD=0; net_stress_loss=3; cost_adjusted_return_drag=3; cash_net_CVaR=3; cash_net_MDD=3; cash_net_stress_loss=3; CVaR=0; MDD=0; stress_loss=3; return_drag=3,cost_adjusted_return_drag,-0.072834,2024 Middle East / Shipping Supply Shock
XLV,higher_for_longer_long_rate_shock,3,3,3,0,0,0,0.0,0.002137,0.026636,0.023946,0.02709,0.0003,0.0,0.0003,0.002137,0.026636,0.023665,0.026771,0,0,3,-0.003541,-0.016708,0.004732,net_CVaR=0; net_MDD=0; net_stress_loss=0; cost_adjusted_return_drag=0; cash_net_CVaR=3; cash_net_MDD=3; cash_net_stress_loss=0; CVaR=0; MDD=0; stress_loss=0; return_drag=0,cash_net_MDD,-0.025408,2022 Global Rate Shock
XLV,semiconductor_ai_cycle_shock,3,3,3,0,0,0,0.0,0.005167,0.023424,-0.006784,-0.018962,0.0003,0.0,0.0003,0.005167,0.023424,-0.007107,-0.019858,3,0,0,-0.000102,0.002396,0.009781,net_CVaR=0; net_MDD=0; net_stress_loss=3; cost_adjusted_return_drag=3; cash_net_CVaR=3; cash_net_MDD=0; cash_net_stress_loss=0; CVaR=0; MDD=0; stress_loss=3; return_drag=3,cost_adjusted_return_drag,-0.029736,2024 AI Semiconductor Concentration / Pullback Risk
XLV,stagflation_reinflation_energy_shock,3,3,3,0,0,0,0.0,0.001915,0.026736,0.010211,0.014458,0.0003,0.0,0.0003,0.001915,0.026736,0.009916,0.014039,0,0,3,-0.003602,-0.01527,0.003905,net_CVaR=0; net_MDD=0; net_stress_loss=0; cost_adjusted_return_drag=0; cash_net_CVaR=3; cash_net_MDD=3; cash_net_stress_loss=0; CVaR=0; MDD=0; stress_loss=0; return_drag=0,cash_net_MDD,-0.02338,Russia-Ukraine / War-Energy Shock
XLV,usd_strength_krw_weakness,3,3,3,0,0,0,0.0,0.002552,0.023056,0.027849,0.063918,0.0003,0.0,0.0003,0.002492,0.023056,0.027559,0.063233,0,0,3,-0.004272,-0.020151,0.006083,net_CVaR=0; net_MDD=0; net_stress_loss=0; cost_adjusted_return_drag=0; cash_net_CVaR=3; cash_net_MDD=3; cash_net_stress_loss=0; CVaR=0; MDD=0; stress_loss=0; return_drag=0,cash_net_MDD,-0.03048,2022 KRW Weakness / USD Strength
