ticker,asset_class,region,calendar_type,rows,expected_rows_calendar,missing_rate,coverage_ratio,coverage_ratio_calendar,invalid_price_count,duplicate_count,outlier_count,fx_missing_count,calendar_status,price_integrity_status,fx_status,dq_blocking,dq_reason_codes,dq_status,status
000270.KS,kr_stock,KR,KRX_TRADING_DAYS,4782,4947,0.0,1.0,0.966646,0,0,0,0,WARN,PASS,PASS,False,calendar_coverage_warn,WARN,WARN
000660.KS,kr_stock,KR,KRX_TRADING_DAYS,4782,4947,0.0,1.0,0.966646,0,0,0,0,WARN,PASS,PASS,False,calendar_coverage_warn,WARN,WARN
000810.KS,kr_stock,KR,KRX_TRADING_DAYS,4782,4947,0.0,1.0,0.966646,0,0,0,0,WARN,PASS,PASS,False,calendar_coverage_warn,WARN,WARN
003670.KS,kr_stock,KR,KRX_TRADING_DAYS,4782,4947,0.0,1.0,0.966646,0,0,0,0,WARN,PASS,PASS,False,calendar_coverage_warn,WARN,WARN
005380.KS,kr_stock,KR,KRX_TRADING_DAYS,4782,4947,0.0,1.0,0.966646,0,0,0,0,WARN,PASS,PASS,False,calendar_coverage_warn,WARN,WARN
005490.KS,kr_stock,KR,KRX_TRADING_DAYS,4782,4947,0.0,1.0,0.966646,0,0,0,0,WARN,PASS,PASS,False,calendar_coverage_warn,WARN,WARN
005930.KS,kr_stock,KR,KRX_TRADING_DAYS,4782,4947,0.0,1.0,0.966646,0,0,0,0,WARN,PASS,PASS,False,calendar_coverage_warn,WARN,WARN
006400.KS,kr_stock,KR,KRX_TRADING_DAYS,4782,4947,0.0,1.0,0.966646,0,0,0,0,WARN,PASS,PASS,False,calendar_coverage_warn,WARN,WARN
011200.KS,kr_stock,KR,KRX_TRADING_DAYS,4782,4947,0.0,1.0,0.966646,0,0,0,0,WARN,PASS,PASS,False,calendar_coverage_warn,WARN,WARN
017670.KS,kr_stock,KR,KRX_TRADING_DAYS,4782,4947,0.0,1.0,0.966646,0,0,0,0,WARN,PASS,PASS,False,calendar_coverage_warn,WARN,WARN
032830.KS,kr_stock,KR,KRX_TRADING_DAYS,3937,4071,0.0,0.823296,0.967084,0,0,0,0,WARN,PASS,PASS,False,calendar_coverage_warn,WARN,WARN
034020.KS,kr_stock,KR,KRX_TRADING_DAYS,4782,4947,0.0,1.0,0.966646,0,0,0,0,WARN,PASS,PASS,False,calendar_coverage_warn,WARN,WARN
035420.KS,kr_stock,KR,KRX_TRADING_DAYS,4782,4947,0.0,1.0,0.966646,0,0,1,0,WARN,WARN,PASS,False,calendar_coverage_warn|extreme_return_outlier_warn,WARN,WARN
035720.KS,kr_stock,KR,KRX_TRADING_DAYS,4782,4947,0.0,1.0,0.966646,0,0,0,0,WARN,PASS,PASS,False,calendar_coverage_warn,WARN,WARN
051910.KS,kr_stock,KR,KRX_TRADING_DAYS,4782,4947,0.0,1.0,0.966646,0,0,1,0,WARN,WARN,PASS,False,calendar_coverage_warn|extreme_return_outlier_warn,WARN,WARN
055550.KS,kr_stock,KR,KRX_TRADING_DAYS,4782,4947,0.0,1.0,0.966646,0,0,0,0,WARN,PASS,PASS,False,calendar_coverage_warn,WARN,WARN
066570.KS,kr_stock,KR,KRX_TRADING_DAYS,4782,4947,0.0,1.0,0.966646,0,0,0,0,WARN,PASS,PASS,False,calendar_coverage_warn,WARN,WARN
068270.KS,kr_stock,KR,KRX_TRADING_DAYS,4782,4947,0.0,1.0,0.966646,0,0,0,0,WARN,PASS,PASS,False,calendar_coverage_warn,WARN,WARN
105560.KS,kr_stock,KR,KRX_TRADING_DAYS,4782,4947,0.0,1.0,0.966646,0,0,0,0,WARN,PASS,PASS,False,calendar_coverage_warn,WARN,WARN
207940.KS,kr_stock,KR,KRX_TRADING_DAYS,2327,2374,0.0,0.486616,0.980202,0,0,0,0,PASS,PASS,PASS,False,,PASS,PASS
AAPL,us_stock,US,US_MARKET_TRADING_DAYS,4875,4877,0.0,1.0,0.99959,0,0,0,12,PASS,PASS,WARN,False,fx_missing_warn,WARN,WARN
AMZN,us_stock,US,US_MARKET_TRADING_DAYS,4875,4877,0.0,1.0,0.99959,0,0,0,12,PASS,PASS,WARN,False,fx_missing_warn,WARN,WARN
AVGO,us_stock,US,US_MARKET_TRADING_DAYS,4222,4224,0.0,0.866051,0.999527,0,0,0,0,PASS,PASS,PASS,False,,PASS,PASS
BNB-USD,crypto,CRYPTO,CRYPTO_24_7,3114,3114,0.0,1.0,1.0,0,0,2,0,PASS,WARN,PASS,False,extreme_return_outlier_warn,WARN,WARN
BRK-B,us_stock,US,US_MARKET_TRADING_DAYS,4875,4877,0.0,1.0,0.99959,0,0,0,12,PASS,PASS,WARN,False,fx_missing_warn,WARN,WARN
BTC-USD,crypto,CRYPTO,CRYPTO_24_7,4263,4263,0.0,1.368979,1.0,0,0,0,0,PASS,PASS,PASS,False,,PASS,PASS
COST,us_stock,US,US_MARKET_TRADING_DAYS,4875,4877,0.0,1.0,0.99959,0,0,0,12,PASS,PASS,WARN,False,fx_missing_warn,WARN,WARN
DBC,commodity_etf,US,US_MARKET_TRADING_DAYS,4875,4877,0.0,1.0,0.99959,0,0,0,12,PASS,PASS,WARN,False,fx_missing_warn,WARN,WARN
DIA,etf,US,US_MARKET_TRADING_DAYS,4875,4877,0.0,1.0,0.99959,0,0,0,12,PASS,PASS,WARN,False,fx_missing_warn,WARN,WARN
EFA,etf,GLOBAL,US_MARKET_TRADING_DAYS,4875,4877,0.0,1.0,0.99959,0,0,0,12,PASS,PASS,WARN,False,fx_missing_warn,WARN,WARN
ETH-USD,crypto,CRYPTO,CRYPTO_24_7,3114,3114,0.0,1.0,1.0,0,0,0,0,PASS,PASS,PASS,False,,PASS,PASS
EWY,etf,KR,KRX_TRADING_DAYS,4875,4947,0.0,1.0,0.985446,0,0,0,12,PASS,PASS,WARN,False,fx_missing_warn,WARN,WARN
GLD,gold_etf,US,US_MARKET_TRADING_DAYS,4875,4877,0.0,1.0,0.99959,0,0,0,12,PASS,PASS,WARN,False,fx_missing_warn,WARN,WARN
GOOGL,us_stock,US,US_MARKET_TRADING_DAYS,4875,4877,0.0,1.0,0.99959,0,0,0,12,PASS,PASS,WARN,False,fx_missing_warn,WARN,WARN
HD,us_stock,US,US_MARKET_TRADING_DAYS,4875,4877,0.0,1.0,0.99959,0,0,0,12,PASS,PASS,WARN,False,fx_missing_warn,WARN,WARN
HYG,bond_etf,US,US_MARKET_TRADING_DAYS,4808,4810,0.0,0.986256,0.999584,0,0,0,12,PASS,PASS,WARN,False,fx_missing_warn,WARN,WARN
IAU,gold_etf,US,US_MARKET_TRADING_DAYS,4875,4877,0.0,1.0,0.99959,0,0,0,12,PASS,PASS,WARN,False,fx_missing_warn,WARN,WARN
IEF,bond_etf,US,US_MARKET_TRADING_DAYS,4875,4877,0.0,1.0,0.99959,0,0,0,12,PASS,PASS,WARN,False,fx_missing_warn,WARN,WARN
ITA,etf,US,US_MARKET_TRADING_DAYS,4875,4877,0.0,1.0,0.99959,0,0,0,12,PASS,PASS,WARN,False,fx_missing_warn,WARN,WARN
IWM,etf,US,US_MARKET_TRADING_DAYS,4875,4877,0.0,1.0,0.99959,0,0,0,12,PASS,PASS,WARN,False,fx_missing_warn,WARN,WARN
JNJ,us_stock,US,US_MARKET_TRADING_DAYS,4875,4877,0.0,1.0,0.99959,0,0,0,12,PASS,PASS,WARN,False,fx_missing_warn,WARN,WARN
JPM,us_stock,US,US_MARKET_TRADING_DAYS,4875,4877,0.0,1.0,0.99959,0,0,0,12,PASS,PASS,WARN,False,fx_missing_warn,WARN,WARN
KO,us_stock,US,US_MARKET_TRADING_DAYS,4875,4877,0.0,1.0,0.99959,0,0,0,12,PASS,PASS,WARN,False,fx_missing_warn,WARN,WARN
LQD,bond_etf,US,US_MARKET_TRADING_DAYS,4875,4877,0.0,1.0,0.99959,0,0,0,12,PASS,PASS,WARN,False,fx_missing_warn,WARN,WARN
MA,us_stock,US,US_MARKET_TRADING_DAYS,4875,4877,0.0,1.0,0.99959,0,0,0,12,PASS,PASS,WARN,False,fx_missing_warn,WARN,WARN
META,us_stock,US,US_MARKET_TRADING_DAYS,3520,3523,0.0,0.722051,0.999148,0,0,0,0,PASS,PASS,PASS,False,,PASS,PASS
MSFT,us_stock,US,US_MARKET_TRADING_DAYS,4875,4877,0.0,1.0,0.99959,0,0,0,12,PASS,PASS,WARN,False,fx_missing_warn,WARN,WARN
NVDA,us_stock,US,US_MARKET_TRADING_DAYS,4875,4877,0.0,1.0,0.99959,0,0,0,12,PASS,PASS,WARN,False,fx_missing_warn,WARN,WARN
PFE,us_stock,US,US_MARKET_TRADING_DAYS,4875,4877,0.0,1.0,0.99959,0,0,0,12,PASS,PASS,WARN,False,fx_missing_warn,WARN,WARN
PG,us_stock,US,US_MARKET_TRADING_DAYS,4875,4877,0.0,1.0,0.99959,0,0,0,12,PASS,PASS,WARN,False,fx_missing_warn,WARN,WARN
PPA,etf,US,US_MARKET_TRADING_DAYS,4875,4877,0.0,1.0,0.99959,0,0,0,12,PASS,PASS,WARN,False,fx_missing_warn,WARN,WARN
QQQ,etf,US,US_MARKET_TRADING_DAYS,4875,4877,0.0,1.0,0.99959,0,0,0,12,PASS,PASS,WARN,False,fx_missing_warn,WARN,WARN
SHY,bond_etf,US,US_MARKET_TRADING_DAYS,4875,4877,0.0,1.0,0.99959,0,0,0,12,PASS,PASS,WARN,False,fx_missing_warn,WARN,WARN
SOL-USD,crypto,CRYPTO,CRYPTO_24_7,2231,2231,0.0,0.716442,1.0,0,0,0,0,PASS,PASS,PASS,False,,PASS,PASS
SPY,etf,US,US_MARKET_TRADING_DAYS,4875,4877,0.0,1.0,0.99959,0,0,0,12,PASS,PASS,WARN,False,fx_missing_warn,WARN,WARN
TIP,bond_etf,US,US_MARKET_TRADING_DAYS,4875,4877,0.0,1.0,0.99959,0,0,0,12,PASS,PASS,WARN,False,fx_missing_warn,WARN,WARN
TLT,bond_etf,US,US_MARKET_TRADING_DAYS,4875,4877,0.0,1.0,0.99959,0,0,0,12,PASS,PASS,WARN,False,fx_missing_warn,WARN,WARN
TSLA,us_stock,US,US_MARKET_TRADING_DAYS,3997,3999,0.0,0.819897,0.9995,0,0,0,0,PASS,PASS,PASS,False,,PASS,PASS
UNH,us_stock,US,US_MARKET_TRADING_DAYS,4875,4877,0.0,1.0,0.99959,0,0,0,12,PASS,PASS,WARN,False,fx_missing_warn,WARN,WARN
USO,commodity_etf,US,US_MARKET_TRADING_DAYS,4875,4877,0.0,1.0,0.99959,0,0,0,12,PASS,PASS,WARN,False,fx_missing_warn,WARN,WARN
V,us_stock,US,US_MARKET_TRADING_DAYS,4571,4573,0.0,0.937641,0.999563,0,0,0,12,PASS,PASS,WARN,False,fx_missing_warn,WARN,WARN
VNQ,etf,US,US_MARKET_TRADING_DAYS,4875,4877,0.0,1.0,0.99959,0,0,0,12,PASS,PASS,WARN,False,fx_missing_warn,WARN,WARN
VTI,etf,US,US_MARKET_TRADING_DAYS,4875,4877,0.0,1.0,0.99959,0,0,0,12,PASS,PASS,WARN,False,fx_missing_warn,WARN,WARN
VXUS,etf,GLOBAL,US_MARKET_TRADING_DAYS,3849,3852,0.0,0.789538,0.999221,0,0,0,0,PASS,PASS,PASS,False,,PASS,PASS
XLE,etf,US,US_MARKET_TRADING_DAYS,4875,4877,0.0,1.0,0.99959,0,0,0,12,PASS,PASS,WARN,False,fx_missing_warn,WARN,WARN
XLP,etf,US,US_MARKET_TRADING_DAYS,4875,4877,0.0,1.0,0.99959,0,0,0,12,PASS,PASS,WARN,False,fx_missing_warn,WARN,WARN
XLU,etf,US,US_MARKET_TRADING_DAYS,4875,4877,0.0,1.0,0.99959,0,0,0,12,PASS,PASS,WARN,False,fx_missing_warn,WARN,WARN
XLV,etf,US,US_MARKET_TRADING_DAYS,4875,4877,0.0,1.0,0.99959,0,0,0,12,PASS,PASS,WARN,False,fx_missing_warn,WARN,WARN
XOM,us_stock,US,US_MARKET_TRADING_DAYS,4875,4877,0.0,1.0,0.99959,0,0,0,12,PASS,PASS,WARN,False,fx_missing_warn,WARN,WARN
XRP-USD,crypto,CRYPTO,CRYPTO_24_7,3114,3114,0.0,1.0,1.0,0,0,2,0,PASS,WARN,PASS,False,extreme_return_outlier_warn,WARN,WARN
