candidate_source,candidate_name,recommendation_status,backtest_gate_status,formal_gate_blockers,formal_gate_blocker_count,target_evaluated_count,target_improved_count,target_worsened_count,target_insufficient_history_count,target_lags_cash_count,target_bootstrap_robust_count,target_bootstrap_count,target_bootstrap_min_p_improve,target_bootstrap_avg_p_improve,target_avg_cash_net_stress_delta,target_min_cash_net_stress_delta,target_avg_cash_net_mdd_delta,target_min_cash_net_mdd_delta,target_avg_cash_net_cvar_delta,target_min_cash_net_cvar_delta,target_max_turnover,combo_min_adv_60,liquidity_order_notional_krw,liquidity_adv_usage_pct,liquidity_capacity_status,formal_readiness_score,backtest_reason,reference_reason,gate_fail_reasons
multi,GLD + SHY,REFERENCE_ONLY,REFERENCE_ONLY_CASH_BASELINE,cash_baseline_lag|bootstrap_not_robust|return_drag_reference|reference_only,4,2,2,0,0,2,0,2,0.405,0.47,-0.014164,-0.014408,-0.016912,-0.017709,-0.001156,-0.001288,0.2,598507121135.5558,,,OK_ADV_FLOOR_NO_ORDER_SIZE,68.1,target-scenario hedge did not beat cash-only de-risking in 2 stress case,annual return drag soft warning,
multi,IEF + IAU,REFERENCE_ONLY,REFERENCE_ONLY_CASH_BASELINE,cash_baseline_lag|bootstrap_not_robust|return_drag_reference|reference_only,4,2,2,0,0,2,0,2,0.405,0.455,-0.010013,-0.01002,-0.009785,-0.010335,-0.000647,-0.000679,0.100001,1268387351300.059,,,OK_ADV_FLOOR_NO_ORDER_SIZE,68.1,target-scenario hedge did not beat cash-only de-risking in 2 stress case,annual return drag soft warning,
multi,SHY + IAU,REFERENCE_ONLY,REFERENCE_ONLY_CASH_BASELINE,cash_baseline_lag|bootstrap_not_robust|return_drag_reference|reference_only,4,2,2,0,0,2,0,2,0.395,0.415,-0.00727,-0.007329,-0.009127,-0.00967,-0.000605,-0.000648,0.100001,598507121135.5558,,,OK_ADV_FLOOR_NO_ORDER_SIZE,67.9,target-scenario hedge did not beat cash-only de-risking in 2 stress case,annual return drag soft warning,
multi,SHY + IAU,REFERENCE_ONLY,REFERENCE_ONLY_CASH_BASELINE,cash_baseline_lag|bootstrap_not_robust|return_drag_reference|reference_only,4,2,2,0,0,2,0,2,0.39,0.4775,-0.01386,-0.014039,-0.01694,-0.017733,-0.00115,-0.001279,0.2,598507121135.5558,,,OK_ADV_FLOOR_NO_ORDER_SIZE,67.8,target-scenario hedge did not beat cash-only de-risking in 2 stress case,annual return drag soft warning,
multi,GLD + SHY,REFERENCE_ONLY,REFERENCE_ONLY_CASH_BASELINE,cash_baseline_lag|bootstrap_not_robust|return_drag_reference|reference_only,4,2,2,0,0,2,0,2,0.37,0.46,-0.007443,-0.007539,-0.009113,-0.009658,-0.00061,-0.000654,0.100001,598507121135.5558,,,OK_ADV_FLOOR_NO_ORDER_SIZE,67.4,target-scenario hedge did not beat cash-only de-risking in 2 stress case,annual return drag soft warning,
multi,IEF + IAU,REFERENCE_ONLY,REFERENCE_ONLY_CASH_BASELINE,cash_baseline_lag|bootstrap_not_robust|return_drag_reference|reference_only,4,2,2,0,0,2,0,2,0.36,0.425,-0.020026,-0.020039,-0.019954,-0.020811,-0.001372,-0.001498,0.2,1268387351300.059,,,OK_ADV_FLOOR_NO_ORDER_SIZE,67.2,target-scenario hedge did not beat cash-only de-risking in 2 stress case,annual return drag soft warning,
multi,IEF + GLD,REFERENCE_ONLY,REFERENCE_ONLY_CASH_BASELINE,cash_baseline_lag|bootstrap_not_robust|return_drag_reference|reference_only,4,2,2,0,0,2,0,2,0.335,0.4075,-0.010165,-0.010204,-0.009772,-0.010324,-0.000651,-0.000685,0.100001,1378840058167.9148,,,OK_ADV_FLOOR_NO_ORDER_SIZE,66.7,target-scenario hedge did not beat cash-only de-risking in 2 stress case,annual return drag soft warning,
multi,IEF + GLD,REFERENCE_ONLY,REFERENCE_ONLY_CASH_BASELINE,cash_baseline_lag|bootstrap_not_robust|return_drag_reference|reference_only,4,2,2,0,0,2,0,2,0.33,0.41,-0.020329,-0.020408,-0.019926,-0.020787,-0.001376,-0.001507,0.2,1378840058167.9148,,,OK_ADV_FLOOR_NO_ORDER_SIZE,66.6,target-scenario hedge did not beat cash-only de-risking in 2 stress case,annual return drag soft warning,
multi,TLT + GLD,REFERENCE_ONLY,REFERENCE_ONLY_CASH_BASELINE,cash_baseline_lag|bootstrap_not_robust|return_drag_reference|reference_only,4,2,2,0,0,2,0,2,0.28,0.35,-0.014227,-0.014228,-0.010727,-0.011303,-0.000717,-0.000736,0.100001,4175625624321.1646,,,OK_ADV_FLOOR_NO_ORDER_SIZE,65.6,target-scenario hedge did not beat cash-only de-risking in 2 stress case,annual return drag soft warning,
multi,TLT + IAU,REFERENCE_ONLY,REFERENCE_ONLY_CASH_BASELINE,cash_baseline_lag|bootstrap_not_robust|return_drag_reference|reference_only,4,2,2,0,0,2,0,2,0.28,0.3575,-0.014075,-0.014108,-0.01074,-0.011313,-0.000713,-0.00073,0.100001,1268387351300.059,,,OK_ADV_FLOOR_NO_ORDER_SIZE,65.6,target-scenario hedge did not beat cash-only de-risking in 2 stress case,annual return drag soft warning,
multi,TLT + IAU,REFERENCE_ONLY,REFERENCE_ONLY_CASH_BASELINE,cash_baseline_lag|bootstrap_not_robust|return_drag_reference|reference_only,4,2,2,0,0,2,0,2,0.275,0.335,-0.028148,-0.028213,-0.021836,-0.022732,-0.001522,-0.001569,0.2,1268387351300.059,,,OK_ADV_FLOOR_NO_ORDER_SIZE,65.5,target-scenario hedge did not beat cash-only de-risking in 2 stress case,annual return drag soft warning,
multi,TLT + GLD,REFERENCE_ONLY,REFERENCE_ONLY_CASH_BASELINE,cash_baseline_lag|bootstrap_not_robust|return_drag_reference|reference_only,4,2,2,0,0,2,0,2,0.27,0.355,-0.028452,-0.028452,-0.021808,-0.022709,-0.001526,-0.001579,0.2,4175625624321.1646,,,OK_ADV_FLOOR_NO_ORDER_SIZE,65.4,target-scenario hedge did not beat cash-only de-risking in 2 stress case,annual return drag soft warning,
one_to_one,GLD,REFERENCE_ONLY,VALIDATION_THIN,validation_thin|cash_baseline_lag|bootstrap_not_robust|return_drag_reference|reference_only,5,1,1,0,0,1,0,1,0.47,0.47,-0.016239,-0.016239,-0.021138,-0.021138,-0.001381,-0.001381,0.2,6879693699387.566,,,OK_ADV_FLOOR_NO_ORDER_SIZE,59.4,target-scenario backtest has only 1 evaluated stress case; 표본 부족,annual return drag soft warning,
multi,GLD + SHY,FAIL_GATE,REFERENCE_ONLY_CASH_BASELINE,fail_gate|cash_baseline_lag|bootstrap_not_robust,3,2,2,0,0,2,0,2,0.46,0.495,-0.019079,-0.0196,-0.02048,-0.021338,-0.001412,-0.001555,0.3,598507121135.5558,,,OK_ADV_FLOOR_NO_ORDER_SIZE,59.2,target-scenario hedge did not beat cash-only de-risking in 2 stress case,,연환산 수익률 훼손 하드 게이트
multi,SHY + IAU,FAIL_GATE,REFERENCE_ONLY_CASH_BASELINE,fail_gate|cash_baseline_lag|bootstrap_not_robust,3,2,2,0,0,2,0,2,0.45,0.505,-0.018754,-0.019205,-0.020514,-0.021368,-0.001415,-0.00156,0.3,598507121135.5558,,,OK_ADV_FLOOR_NO_ORDER_SIZE,59.0,target-scenario hedge did not beat cash-only de-risking in 2 stress case,,연환산 수익률 훼손 하드 게이트
one_to_one,XLE,FAIL_GATE,VALIDATION_THIN,fail_gate|validation_thin|cash_baseline_lag|bootstrap_not_robust|return_drag_reference,5,1,1,0,0,1,0,1,0.95,0.95,0.08486,0.08486,-0.043499,-0.043499,-0.005413,-0.005413,0.2,4514352933179.832,,,OK_ADV_FLOOR_NO_ORDER_SIZE,59.0,target-scenario backtest has only 1 evaluated stress case; 표본 부족,Sharpe soft warning; annual return drag soft warning,MDD 개선 미달; Stress 개선 미달; beta/corr 감소 미달; downside beta 증가 하드 게이트
one_to_one,XLE,FAIL_GATE,VALIDATION_THIN,fail_gate|validation_thin|cash_baseline_lag|bootstrap_not_robust|return_drag_reference,5,1,1,0,0,1,0,1,0.945,0.945,0.042437,0.042437,-0.020652,-0.020652,-0.001818,-0.001818,0.100001,4514352933179.832,,,OK_ADV_FLOOR_NO_ORDER_SIZE,58.9,target-scenario backtest has only 1 evaluated stress case; 표본 부족,annual return drag soft warning,MDD 개선 미달; Stress 개선 미달; beta/corr 감소 미달
one_to_one,IAU,REFERENCE_ONLY,VALIDATION_THIN,validation_thin|cash_baseline_lag|bootstrap_not_robust|reference_only,4,1,1,0,0,1,0,1,0.435,0.435,-0.00795,-0.00795,-0.010232,-0.010232,-0.000669,-0.000669,0.100001,1268387351300.059,,,OK_ADV_FLOOR_NO_ORDER_SIZE,58.7,target-scenario backtest has only 1 evaluated stress case; 표본 부족,target-scenario backtest has only 1 evaluated stress case; 표본 부족,
one_to_one,GLD,REFERENCE_ONLY,VALIDATION_THIN,validation_thin|cash_baseline_lag|bootstrap_not_robust|reference_only,4,1,1,0,0,1,0,1,0.42,0.42,-0.00812,-0.00812,-0.010211,-0.010211,-0.000672,-0.000672,0.100001,6879693699387.566,,,OK_ADV_FLOOR_NO_ORDER_SIZE,58.4,target-scenario backtest has only 1 evaluated stress case; 표본 부족,target-scenario backtest has only 1 evaluated stress case; 표본 부족,
one_to_one,IAU,REFERENCE_ONLY,VALIDATION_THIN,validation_thin|cash_baseline_lag|bootstrap_not_robust|return_drag_reference|reference_only,5,1,1,0,0,1,0,1,0.355,0.355,-0.015898,-0.015898,-0.021182,-0.021182,-0.001384,-0.001384,0.2,1268387351300.059,,,OK_ADV_FLOOR_NO_ORDER_SIZE,57.1,target-scenario backtest has only 1 evaluated stress case; 표본 부족,annual return drag soft warning,
one_to_one,IEF,REFERENCE_ONLY,VALIDATION_THIN,validation_thin|cash_baseline_lag|bootstrap_not_robust|return_drag_reference|reference_only,5,1,1,0,0,1,0,1,0.355,0.355,-0.014855,-0.014855,-0.007731,-0.007731,-0.000423,-0.000423,0.100001,1378840058167.9148,,,OK_ADV_FLOOR_NO_ORDER_SIZE,57.1,target-scenario backtest has only 1 evaluated stress case; 표본 부족,annual return drag soft warning,
one_to_one,DBC,FAIL_GATE,VALIDATION_THIN,fail_gate|validation_thin|bootstrap_not_robust|liquidity_below_formal|return_drag_reference,5,1,1,0,0,0,0,1,0.83,0.83,0.016154,0.016154,-0.018958,-0.018958,9.6e-05,9.6e-05,0.100001,73595336412.57709,,,BELOW_FORMAL_ADV_FLOOR_NO_ORDER_SIZE,56.6,target-scenario backtest has only 1 evaluated stress case; 표본 부족,annual return drag soft warning,Stress 개선 미달
multi,IEF + GLD,FAIL_GATE,REFERENCE_ONLY_CASH_BASELINE,fail_gate|cash_baseline_lag|bootstrap_not_robust,3,2,2,0,0,2,0,2,0.305,0.335,-0.03649,-0.036589,-0.027005,-0.028117,-0.002008,-0.002053,0.3,1378840058167.9148,,,OK_ADV_FLOOR_NO_ORDER_SIZE,56.1,target-scenario hedge did not beat cash-only de-risking in 2 stress case,,연환산 수익률 훼손 하드 게이트
one_to_one,USO,FAIL_GATE,VALIDATION_THIN,fail_gate|validation_thin|cash_baseline_lag|bootstrap_not_robust|return_drag_reference,5,1,1,0,0,1,0,1,0.775,0.775,0.024511,0.024511,-0.028754,-0.028754,-0.000558,-0.000558,0.100001,6164918368774.204,,,OK_ADV_FLOOR_NO_ORDER_SIZE,55.5,target-scenario backtest has only 1 evaluated stress case; 표본 부족,annual return drag soft warning,MDD 개선 미달; Stress 개선 미달
multi,IEF + IAU,FAIL_GATE,REFERENCE_ONLY_CASH_BASELINE,fail_gate|cash_baseline_lag|bootstrap_not_robust,3,2,2,0,0,2,0,2,0.26,0.3425,-0.03623,-0.036273,-0.026976,-0.028031,-0.002005,-0.002045,0.3,1268387351300.059,,,OK_ADV_FLOOR_NO_ORDER_SIZE,55.2,target-scenario hedge did not beat cash-only de-risking in 2 stress case,,연환산 수익률 훼손 하드 게이트
one_to_one,USO,FAIL_GATE,VALIDATION_THIN,fail_gate|validation_thin|cash_baseline_lag|bootstrap_not_robust|return_drag_reference,5,1,1,0,0,1,0,1,0.76,0.76,0.049014,0.049014,-0.063513,-0.063513,-0.003687,-0.003687,0.2,6164918368774.204,,,OK_ADV_FLOOR_NO_ORDER_SIZE,55.2,target-scenario backtest has only 1 evaluated stress case; 표본 부족,Sharpe soft warning; annual return drag soft warning,MDD 개선 미달; Stress 개선 미달; downside beta 증가 하드 게이트
multi,TLT + IAU,FAIL_GATE,REFERENCE_ONLY_CASH_BASELINE,fail_gate|cash_baseline_lag|bootstrap_not_robust,3,2,2,0,0,2,0,2,0.175,0.2725,-0.060593,-0.060785,-0.038886,-0.04298,-0.002518,-0.002539,0.3,1268387351300.059,,,OK_ADV_FLOOR_NO_ORDER_SIZE,53.5,target-scenario hedge did not beat cash-only de-risking in 2 stress case,,연환산 수익률 훼손 하드 게이트
multi,TLT + GLD,FAIL_GATE,REFERENCE_ONLY_CASH_BASELINE,fail_gate|cash_baseline_lag|bootstrap_not_robust,3,2,2,0,0,2,0,2,0.165,0.255,-0.060853,-0.06099,-0.039006,-0.043066,-0.002517,-0.002537,0.3,4175625624321.1646,,,OK_ADV_FLOOR_NO_ORDER_SIZE,53.3,target-scenario hedge did not beat cash-only de-risking in 2 stress case,,연환산 수익률 훼손 하드 게이트
one_to_one,TLT,REFERENCE_ONLY,VALIDATION_THIN,validation_thin|cash_baseline_lag|bootstrap_not_robust|return_drag_reference|reference_only,5,1,1,0,0,1,0,1,0.165,0.165,-0.028263,-0.028263,-0.015025,-0.015025,-0.000689,-0.000689,0.100001,4175625624321.1646,,,OK_ADV_FLOOR_NO_ORDER_SIZE,53.3,target-scenario backtest has only 1 evaluated stress case; 표본 부족,annual return drag soft warning,
one_to_one,SHY,FAIL_GATE,VALIDATION_THIN,fail_gate|validation_thin|cash_baseline_lag|bootstrap_not_robust,4,1,1,0,0,1,0,1,0.595,0.595,-0.00971,-0.00971,-0.005025,-0.005025,-0.000303,-0.000303,0.2,598507121135.5558,,,OK_ADV_FLOOR_NO_ORDER_SIZE,51.9,target-scenario backtest has only 1 evaluated stress case; 표본 부족,,연환산 수익률 훼손 하드 게이트; active adverse scenario 민감도 증가
multi,SHY + DBC,REFERENCE_ONLY,REFERENCE_ONLY_CASH_BASELINE,cash_baseline_lag|bootstrap_not_robust|liquidity_below_formal|return_drag_reference|reference_only,5,2,2,0,0,2,0,2,0.575,0.65,0.000342,-0.000173,-0.005974,-0.006397,-5.7e-05,-8.2e-05,0.100001,73595336412.57709,,,BELOW_FORMAL_ADV_FLOOR_NO_ORDER_SIZE,51.5,target-scenario hedge did not beat cash-only de-risking in 2 stress case,annual return drag soft warning,
one_to_one,SHY,FAIL_GATE,VALIDATION_THIN,fail_gate|validation_thin|cash_baseline_lag|bootstrap_not_robust|return_drag_reference,5,1,1,0,0,1,0,1,0.565,0.565,-0.004854,-0.004854,-0.002546,-0.002546,-0.000158,-0.000158,0.100001,598507121135.5558,,,OK_ADV_FLOOR_NO_ORDER_SIZE,51.3,target-scenario backtest has only 1 evaluated stress case; 표본 부족,annual return drag soft warning,active adverse scenario 민감도 증가
multi,IEF + DBC,REFERENCE_ONLY,REFERENCE_ONLY_CASH_BASELINE,cash_baseline_lag|bootstrap_not_robust|liquidity_below_formal|return_drag_reference|reference_only,5,2,2,0,0,2,0,2,0.385,0.4675,-0.00788,-0.008616,-0.009947,-0.010514,-0.000316,-0.000361,0.100001,73595336412.57709,,,BELOW_FORMAL_ADV_FLOOR_NO_ORDER_SIZE,47.7,target-scenario hedge did not beat cash-only de-risking in 2 stress case,annual return drag soft warning,
one_to_one,IEF,FAIL_GATE,VALIDATION_THIN,fail_gate|validation_thin|cash_baseline_lag|bootstrap_not_robust,4,1,1,0,0,1,0,1,0.365,0.365,-0.029708,-0.029708,-0.021257,-0.021257,-0.00099,-0.00099,0.2,1378840058167.9148,,,OK_ADV_FLOOR_NO_ORDER_SIZE,47.3,target-scenario backtest has only 1 evaluated stress case; 표본 부족,,연환산 수익률 훼손 하드 게이트
one_to_one,TLT,FAIL_GATE,VALIDATION_THIN,fail_gate|validation_thin|cash_baseline_lag|bootstrap_not_robust,4,1,1,0,0,1,0,1,0.24,0.24,-0.05652,-0.05652,-0.037814,-0.037814,-0.001648,-0.001648,0.2,4175625624321.1646,,,OK_ADV_FLOOR_NO_ORDER_SIZE,44.8,target-scenario backtest has only 1 evaluated stress case; 표본 부족,,연환산 수익률 훼손 하드 게이트
multi,SHY + DBC,FAIL_GATE,REFERENCE_ONLY_CASH_BASELINE,fail_gate|cash_baseline_lag|bootstrap_not_robust|liquidity_below_formal,4,2,2,0,0,2,0,2,0.7,0.755,0.015706,0.011721,-0.031638,-0.033718,-0.000875,-0.001194,0.3,73595336412.57709,,,BELOW_FORMAL_ADV_FLOOR_NO_ORDER_SIZE,44.0,target-scenario hedge did not beat cash-only de-risking in 2 stress case,,연환산 수익률 훼손 하드 게이트
multi,TLT + DBC,REFERENCE_ONLY,REFERENCE_ONLY_CASH_BASELINE,cash_baseline_lag|bootstrap_not_robust|liquidity_below_formal|return_drag_reference|reference_only,5,2,2,0,0,2,0,2,0.19,0.2625,-0.018711,-0.019552,-0.012499,-0.013126,-0.000521,-0.000577,0.100001,73595336412.57709,,,BELOW_FORMAL_ADV_FLOOR_NO_ORDER_SIZE,43.8,target-scenario hedge did not beat cash-only de-risking in 2 stress case,annual return drag soft warning,
multi,IEF + DBC,FAIL_GATE,REFERENCE_ONLY_CASH_BASELINE,fail_gate|cash_baseline_lag|bootstrap_not_robust|liquidity_below_formal,4,2,2,0,0,2,0,2,0.555,0.6575,-0.002788,-0.00727,-0.03981,-0.041903,-0.001482,-0.001583,0.3,73595336412.57709,,,BELOW_FORMAL_ADV_FLOOR_NO_ORDER_SIZE,41.1,target-scenario hedge did not beat cash-only de-risking in 2 stress case,,연환산 수익률 훼손 하드 게이트
multi,IAU + DBC,REFERENCE_ONLY,VALIDATION_THIN,validation_thin|cash_baseline_lag|bootstrap_not_robust|liquidity_below_formal|return_drag_reference|reference_only,6,1,1,0,0,1,0,1,0.55,0.55,-0.003129,-0.003129,-0.012021,-0.012021,-0.000506,-0.000506,0.100001,73595336412.57709,,,BELOW_FORMAL_ADV_FLOOR_NO_ORDER_SIZE,41.0,target-scenario backtest has only 1 evaluated stress case; 표본 부족,annual return drag soft warning,
multi,SHY + DBC,FAIL_GATE,REFERENCE_ONLY_CASH_BASELINE,fail_gate|cash_baseline_lag|bootstrap_not_robust|liquidity_below_formal,4,2,2,0,0,2,0,2,0.545,0.6175,0.000682,-0.000347,-0.012338,-0.013091,-0.000166,-0.000177,0.2,73595336412.57709,,,BELOW_FORMAL_ADV_FLOOR_NO_ORDER_SIZE,40.9,target-scenario hedge did not beat cash-only de-risking in 2 stress case,,연환산 수익률 훼손 하드 게이트
one_to_one,XLP,REFERENCE_ONLY,VALIDATION_INSUFFICIENT,validation_insufficient|return_drag_reference|reference_only,3,0,0,0,0,0,0,0,,,,,,,,,,1919142658012.324,,,OK_ADV_FLOOR_NO_ORDER_SIZE,40.0,target-scenario historical validation has insufficient history; 검증 부족,annual return drag soft warning,
one_to_one,XLU,REFERENCE_ONLY,VALIDATION_INSUFFICIENT,validation_insufficient|return_drag_reference|reference_only,3,0,0,0,0,0,0,0,,,,,,,,,,1650141913885.7173,,,OK_ADV_FLOOR_NO_ORDER_SIZE,40.0,target-scenario historical validation has insufficient history; 검증 부족,annual return drag soft warning,
one_to_one,XLV,REFERENCE_ONLY,VALIDATION_INSUFFICIENT,validation_insufficient|return_drag_reference|reference_only,3,0,0,0,0,0,0,0,,,,,,,,,,2648432768783.628,,,OK_ADV_FLOOR_NO_ORDER_SIZE,40.0,target-scenario historical validation has insufficient history; 검증 부족,annual return drag soft warning,
multi,IAU + DBC,REFERENCE_ONLY,VALIDATION_THIN,validation_thin|cash_baseline_lag|bootstrap_not_robust|liquidity_below_formal|return_drag_reference|reference_only,6,1,1,0,0,1,0,1,0.495,0.495,-0.006258,-0.006258,-0.024892,-0.024892,-0.001077,-0.001077,0.2,73595336412.57709,,,BELOW_FORMAL_ADV_FLOOR_NO_ORDER_SIZE,39.9,target-scenario backtest has only 1 evaluated stress case; 표본 부족,annual return drag soft warning,
multi,GLD + DBC,REFERENCE_ONLY,VALIDATION_THIN,validation_thin|cash_baseline_lag|bootstrap_not_robust|liquidity_below_formal|return_drag_reference|reference_only,6,1,1,0,0,1,0,1,0.47,0.47,-0.00653,-0.00653,-0.024857,-0.024857,-0.001075,-0.001075,0.2,73595336412.57709,,,BELOW_FORMAL_ADV_FLOOR_NO_ORDER_SIZE,39.4,target-scenario backtest has only 1 evaluated stress case; 표본 부족,annual return drag soft warning,
multi,GLD + DBC,REFERENCE_ONLY,VALIDATION_THIN,validation_thin|cash_baseline_lag|bootstrap_not_robust|liquidity_below_formal|return_drag_reference|reference_only,6,1,1,0,0,1,0,1,0.46,0.46,-0.003265,-0.003265,-0.012004,-0.012004,-0.000508,-0.000508,0.100001,73595336412.57709,,,BELOW_FORMAL_ADV_FLOOR_NO_ORDER_SIZE,39.2,target-scenario backtest has only 1 evaluated stress case; 표본 부족,annual return drag soft warning,
one_to_one,XLE,FAIL_GATE,FAIL_BACKTEST,fail_gate|target_worsened|validation_thin|cash_baseline_lag|bootstrap_not_robust|liquidity_below_formal,6,1,0,1,0,1,0,1,0.93,0.93,0.12727,0.12727,-0.068123,-0.068123,-0.009605,-0.009605,0.3,,,,MISSING_ADV,38.6,target-scenario backtest worsened risk metrics; 정식 추천 불가,,FAIL: 단일 자산 최대 20.0% 초과 - XLE=30.0000%; target-scenario backtest worsened risk metrics; 정식 추천 불가
multi,IEF + DBC,FAIL_GATE,REFERENCE_ONLY_CASH_BASELINE,fail_gate|cash_baseline_lag|bootstrap_not_robust|liquidity_below_formal,4,2,2,0,0,2,0,2,0.4,0.4925,-0.015759,-0.01723,-0.020316,-0.021225,-0.000736,-0.000756,0.2,73595336412.57709,,,BELOW_FORMAL_ADV_FLOOR_NO_ORDER_SIZE,38.0,target-scenario hedge did not beat cash-only de-risking in 2 stress case,,연환산 수익률 훼손 하드 게이트
multi,TLT + DBC,FAIL_GATE,REFERENCE_ONLY_CASH_BASELINE,fail_gate|cash_baseline_lag|bootstrap_not_robust|liquidity_below_formal,4,2,2,0,0,2,0,2,0.34,0.395,-0.027151,-0.031869,-0.045054,-0.046949,-0.002048,-0.002113,0.3,73595336412.57709,,,BELOW_FORMAL_ADV_FLOOR_NO_ORDER_SIZE,36.8,target-scenario hedge did not beat cash-only de-risking in 2 stress case,,연환산 수익률 훼손 하드 게이트
one_to_one,DBC,FAIL_GATE,VALIDATION_THIN,fail_gate|validation_thin|cash_baseline_lag|bootstrap_not_robust|liquidity_below_formal,5,1,1,0,0,1,0,1,0.785,0.785,0.048446,0.048446,-0.065285,-0.065285,-0.004003,-0.004003,0.3,,,,MISSING_ADV,35.7,target-scenario backtest has only 1 evaluated stress case; 표본 부족,,FAIL: 단일 자산 최대 20.0% 초과 - DBC=30.0000%
one_to_one,USO,FAIL_GATE,VALIDATION_THIN,fail_gate|validation_thin|cash_baseline_lag|bootstrap_not_robust|liquidity_below_formal,5,1,1,0,0,1,0,1,0.75,0.75,0.073509,0.073509,-0.098234,-0.098234,-0.007815,-0.007815,0.3,,,,MISSING_ADV,35.0,target-scenario backtest has only 1 evaluated stress case; 표본 부족,,FAIL: 단일 자산 최대 20.0% 초과 - USO=30.0000%
one_to_one,DBC,FAIL_GATE,VALIDATION_THIN,fail_gate|validation_thin|cash_baseline_lag|bootstrap_not_robust|liquidity_below_formal|return_drag_reference,6,1,1,0,0,1,0,1,0.725,0.725,0.032303,0.032303,-0.04138,-0.04138,-0.001354,-0.001354,0.2,73595336412.57709,,,BELOW_FORMAL_ADV_FLOOR_NO_ORDER_SIZE,34.5,target-scenario backtest has only 1 evaluated stress case; 표본 부족,annual return drag soft warning,Stress 개선 미달
multi,TLT + DBC,FAIL_GATE,REFERENCE_ONLY_CASH_BASELINE,fail_gate|cash_baseline_lag|bootstrap_not_robust|liquidity_below_formal,4,2,2,0,0,2,0,2,0.165,0.26,-0.037418,-0.039099,-0.025355,-0.026362,-0.001284,-0.001312,0.2,73595336412.57709,,,BELOW_FORMAL_ADV_FLOOR_NO_ORDER_SIZE,33.3,target-scenario hedge did not beat cash-only de-risking in 2 stress case,,연환산 수익률 훼손 하드 게이트
one_to_one,SHY,FAIL_GATE,VALIDATION_THIN,fail_gate|validation_thin|cash_baseline_lag|bootstrap_not_robust|liquidity_below_formal,5,1,1,0,0,1,0,1,0.625,0.625,-0.014566,-0.014566,-0.007435,-0.007435,-0.000469,-0.000469,0.3,,,,MISSING_ADV,32.5,target-scenario backtest has only 1 evaluated stress case; 표본 부족,,FAIL: 단일 자산 최대 20.0% 초과 - SHY=30.0000%
multi,GLD + DBC,FAIL_GATE,VALIDATION_THIN,fail_gate|validation_thin|cash_baseline_lag|bootstrap_not_robust|liquidity_below_formal,5,1,1,0,0,1,0,1,0.56,0.56,0.004765,0.004765,-0.04472,-0.04472,-0.001991,-0.001991,0.3,73595336412.57709,,,BELOW_FORMAL_ADV_FLOOR_NO_ORDER_SIZE,31.2,target-scenario backtest has only 1 evaluated stress case; 표본 부족,,연환산 수익률 훼손 하드 게이트
multi,IAU + DBC,FAIL_GATE,VALIDATION_THIN,fail_gate|validation_thin|cash_baseline_lag|bootstrap_not_robust|liquidity_below_formal,5,1,1,0,0,1,0,1,0.56,0.56,0.005071,0.005071,-0.04471,-0.04471,-0.00201,-0.00201,0.3,73595336412.57709,,,BELOW_FORMAL_ADV_FLOOR_NO_ORDER_SIZE,31.2,target-scenario backtest has only 1 evaluated stress case; 표본 부족,,연환산 수익률 훼손 하드 게이트
one_to_one,XLP,FAIL_GATE,VALIDATION_INSUFFICIENT,fail_gate|validation_insufficient,2,0,0,0,0,0,0,0,,,,,,,,,,1919142658012.324,,,OK_ADV_FLOOR_NO_ORDER_SIZE,30.0,target-scenario historical validation has insufficient history; 검증 부족,,연환산 수익률 훼손 하드 게이트
one_to_one,XLV,FAIL_GATE,VALIDATION_INSUFFICIENT,fail_gate|validation_insufficient,2,0,0,0,0,0,0,0,,,,,,,,,,2648432768783.628,,,OK_ADV_FLOOR_NO_ORDER_SIZE,30.0,target-scenario historical validation has insufficient history; 검증 부족,,연환산 수익률 훼손 하드 게이트
one_to_one,XLU,FAIL_GATE,VALIDATION_INSUFFICIENT,fail_gate|validation_insufficient|return_drag_reference,3,0,0,0,0,0,0,0,,,,,,,,,,1650141913885.7173,,,OK_ADV_FLOOR_NO_ORDER_SIZE,30.0,target-scenario historical validation has insufficient history; 검증 부족,annual return drag soft warning,Stress 개선 미달
one_to_one,IAU,FAIL_GATE,VALIDATION_THIN,fail_gate|validation_thin|cash_baseline_lag|bootstrap_not_robust|liquidity_below_formal,5,1,1,0,0,1,0,1,0.475,0.475,-0.023845,-0.023845,-0.032529,-0.032529,-0.002449,-0.002449,0.3,,,,MISSING_ADV,29.5,target-scenario backtest has only 1 evaluated stress case; 표본 부족,,FAIL: 단일 자산 최대 20.0% 초과 - IAU=30.0000%
one_to_one,GLD,FAIL_GATE,VALIDATION_THIN,fail_gate|validation_thin|cash_baseline_lag|bootstrap_not_robust|liquidity_below_formal,5,1,1,0,0,1,0,1,0.41,0.41,-0.024356,-0.024356,-0.03246,-0.03246,-0.002444,-0.002444,0.3,,,,MISSING_ADV,28.2,target-scenario backtest has only 1 evaluated stress case; 표본 부족,,FAIL: 단일 자산 최대 20.0% 초과 - GLD=30.0000%
one_to_one,IEF,FAIL_GATE,VALIDATION_THIN,fail_gate|validation_thin|cash_baseline_lag|bootstrap_not_robust|liquidity_below_formal,5,1,1,0,0,1,0,1,0.37,0.37,-0.04456,-0.04456,-0.035911,-0.035911,-0.001718,-0.001718,0.3,,,,MISSING_ADV,27.4,target-scenario backtest has only 1 evaluated stress case; 표본 부족,,FAIL: 단일 자산 최대 20.0% 초과 - IEF=30.0000%
one_to_one,TLT,FAIL_GATE,VALIDATION_THIN,fail_gate|validation_thin|cash_baseline_lag|bootstrap_not_robust|liquidity_below_formal,5,1,1,0,0,1,0,1,0.185,0.185,-0.084772,-0.084772,-0.060828,-0.060828,-0.002778,-0.002778,0.3,,,,MISSING_ADV,23.7,target-scenario backtest has only 1 evaluated stress case; 표본 부족,,FAIL: 단일 자산 최대 20.0% 초과 - TLT=30.0000%
one_to_one,XLP,FAIL_GATE,VALIDATION_INSUFFICIENT,fail_gate|validation_insufficient|liquidity_below_formal,3,0,0,0,0,0,0,0,,,,,,,,,,,,,MISSING_ADV,10.0,target-scenario historical validation has insufficient history; 검증 부족,,FAIL: 단일 자산 최대 20.0% 초과 - XLP=30.0000%
one_to_one,XLU,FAIL_GATE,VALIDATION_INSUFFICIENT,fail_gate|validation_insufficient|liquidity_below_formal,3,0,0,0,0,0,0,0,,,,,,,,,,,,,MISSING_ADV,10.0,target-scenario historical validation has insufficient history; 검증 부족,,FAIL: 단일 자산 최대 20.0% 초과 - XLU=30.0000%
one_to_one,XLV,FAIL_GATE,VALIDATION_INSUFFICIENT,fail_gate|validation_insufficient|liquidity_below_formal,3,0,0,0,0,0,0,0,,,,,,,,,,,,,MISSING_ADV,10.0,target-scenario historical validation has insufficient history; 검증 부족,,FAIL: 단일 자산 최대 20.0% 초과 - XLV=30.0000%
