action_id,action_status,action_type,risk_sleeve,risk_sleeve_label_ko,scenario,risk_scenario_codes,source_tickers,source_asset,offset_tickers,candidate_tickers,hedge_asset,candidate_label,linked_recommendation_status,formal_gate_source,scenario_weight,before_sleeve_vulnerability,after_sleeve_vulnerability,vulnerability_delta,vulnerability_improve_pct,source_contribution_pct,contribution_pct,contribution_pct_of_sleeve,current_weight,proposed_weight,source_current_weight_pct,source_proposed_weight_pct,hedge_current_weight_pct,hedge_proposed_weight_pct,base_cvar_95,proposed_cvar_95,cvar_delta,base_mdd,proposed_mdd,mdd_delta,base_beta_sp500_krw,proposed_beta_sp500_krw,beta_delta,base_stress_avg_ret_krw,proposed_stress_avg_ret_krw,stress_delta,base_sharpe_krw_proxy,proposed_sharpe_krw_proxy,sharpe_delta,metric_source,metric_coverage_reason,turnover_pct,existing_portfolio_kept_pct,max_single_trim_pct,constraint_status,constraint_reasons,action_reason_ko,status_reason_ko,plain_korean_reason,expected_effect,rejected_reason_ko,can_execute_action,selected_in_action_plan,selection_reason_ko,not_selected_reason_ko,before_weights_json,after_weights_json
action_004,REVIEW_ACTION,TRIM_AND_HEDGE,geopolitical_supply_chain,지정학·공급망 충격,geopolitical_supply_chain,china_trade_fragmentation_shock|geopolitical_escalation_supply_shock,NVDA,NVDA,,IAU,IAU,IAU,REFERENCE_ONLY,,,0.44535735,0.39870627,-0.04665108,10.475,28.4395,28.4395,28.4395,19.671008,14.671008,19.671008,14.671008,0.0,5.0,-0.029724515537877156,-0.02726495683101788,0.00245956,-0.29393945043893577,-0.27862173248589983,0.01531772,0.769429655515568,0.6944681384358463,-0.07496152,-0.000913795691816565,-0.0008820114571836043,3.178e-05,1.6152490595848201,1.6124055212138335,-0.00284354,computed_from_action_before_after_weights,,10.000002,94.999999,5.0,PASS,,지정학·공급망 충격 취약성을 만든 NVDA에 대해 IAU로 원인 보유자산 일부 축소 후 헷지를 적용하면 sleeve 취약도 변화가 -0.0467입니다. 정식 추천 기준은 미달해 검토 후보입니다.,취약성 완화 효과는 있으나 linked recommendation status가 REFERENCE_ONLY라서 정식 실행 추천이 아니라 실행 전 검토 후보로 유지합니다.,"IAU 조정은 지정학·공급망 충격 취약성을 낮추는 검토안이며 전후 지표는 CVaR 개선, MDD 개선, stress 개선으로 확인됩니다.",취약성 0.0467 감소; CVaR 0.25%p 개선; MDD 1.53%p 개선; stress 0.00%p 개선; Sharpe 0.00 악화,"FORMAL_ACTION 제외 사유: 기존 추천 gate 상태가 REFERENCE_ONLY입니다. stress/backtest, CVaR·MDD 안정성, 거래 제약 검증이 추가로 충족되어야 정식 추천으로 올릴 수 있습니다.",False,True,취약성 기여가 큰 보유자산이 확인되어 단순 추가 헷지보다 TRIM_AND_HEDGE가 우선입니다.,,"{""011200.KS"": 19.671008, ""207940.KS"": 19.671008, ""AVGO"": 10.062931, ""MSFT"": 19.671008, ""NVDA"": 19.671008, ""XOM"": 11.253036}","{""011200.KS"": 19.671008, ""207940.KS"": 19.671008, ""AVGO"": 10.062931, ""IAU"": 5.0, ""MSFT"": 19.671008, ""NVDA"": 14.671008, ""XOM"": 11.253036}"
action_002,REVIEW_ACTION,TRIM_AND_HEDGE,geopolitical_supply_chain,지정학·공급망 충격,geopolitical_supply_chain,china_trade_fragmentation_shock|geopolitical_escalation_supply_shock,NVDA,NVDA,,GLD,GLD,GLD,REFERENCE_ONLY,,,0.44535735,0.39887955,-0.0464778,10.4361,28.4395,28.4395,28.4395,19.671008,14.671008,19.671008,14.671008,0.0,5.0,-0.029724515537877156,-0.02726184246239737,0.00246267,-0.29393945043893577,-0.2786499164914388,0.01528953,0.769429655515568,0.6944883410808405,-0.07494131,-0.000913795691816565,-0.0008831483106449533,3.065e-05,1.6152490595848201,1.6116520641832182,-0.003597,computed_from_action_before_after_weights,,10.000002,94.999999,5.0,PASS,,지정학·공급망 충격 취약성을 만든 NVDA에 대해 GLD로 원인 보유자산 일부 축소 후 헷지를 적용하면 sleeve 취약도 변화가 -0.0465입니다. 정식 추천 기준은 미달해 검토 후보입니다.,취약성 완화 효과는 있으나 linked recommendation status가 REFERENCE_ONLY라서 정식 실행 추천이 아니라 실행 전 검토 후보로 유지합니다.,"GLD 조정은 지정학·공급망 충격 취약성을 낮추는 검토안이며 전후 지표는 CVaR 개선, MDD 개선, stress 개선으로 확인됩니다.",취약성 0.0465 감소; CVaR 0.25%p 개선; MDD 1.53%p 개선; stress 0.00%p 개선; Sharpe 0.00 악화,"FORMAL_ACTION 제외 사유: 기존 추천 gate 상태가 REFERENCE_ONLY입니다. stress/backtest, CVaR·MDD 안정성, 거래 제약 검증이 추가로 충족되어야 정식 추천으로 올릴 수 있습니다.",False,True,"상위 sleeve 커버리지 이후 남은 후보 중 상태, 개선폭, turnover 기준으로 선택했습니다.",,"{""011200.KS"": 19.671008, ""207940.KS"": 19.671008, ""AVGO"": 10.062931, ""MSFT"": 19.671008, ""NVDA"": 19.671008, ""XOM"": 11.253036}","{""011200.KS"": 19.671008, ""207940.KS"": 19.671008, ""AVGO"": 10.062931, ""GLD"": 5.0, ""MSFT"": 19.671008, ""NVDA"": 14.671008, ""XOM"": 11.253036}"
action_012,REVIEW_ACTION,TRIM_AND_HEDGE,geopolitical_supply_chain,지정학·공급망 충격,geopolitical_supply_chain,china_trade_fragmentation_shock|geopolitical_escalation_supply_shock,NVDA,NVDA,,TLT|IAU,TLT,TLT + IAU,REFERENCE_ONLY,,,0.44535735,0.40109417,-0.04426318,9.9388,28.4395,28.4395,28.4395,19.671008,14.671008,19.671008,14.671008,0.0,2.5,-0.029724515537877156,-0.027160576555541195,0.00256394,-0.29393945043893577,-0.2763432122890831,0.01759624,0.769429655515568,0.6905058106679489,-0.07892384,-0.000913795691816565,-0.0008731945378806269,4.06e-05,1.6152490595848201,1.5994343675321498,-0.01581469,computed_from_action_before_after_weights,,10.000002,94.999999,5.0,PASS,,"지정학·공급망 충격 취약성을 만든 NVDA에 대해 TLT, IAU로 원인 보유자산 일부 축소 후 헷지를 적용하면 sleeve 취약도 변화가 -0.0443입니다. 정식 추천 기준은 미달해 검토 후보입니다.",취약성 완화 효과는 있으나 linked recommendation status가 REFERENCE_ONLY라서 정식 실행 추천이 아니라 실행 전 검토 후보로 유지합니다.,"TLT + IAU 조정은 지정학·공급망 충격 취약성을 낮추는 검토안이며 전후 지표는 CVaR 개선, MDD 개선, stress 개선으로 확인됩니다.",취약성 0.0443 감소; CVaR 0.26%p 개선; MDD 1.76%p 개선; stress 0.00%p 개선; Sharpe 0.02 악화,"FORMAL_ACTION 제외 사유: 기존 추천 gate 상태가 REFERENCE_ONLY입니다. stress/backtest, CVaR·MDD 안정성, 거래 제약 검증이 추가로 충족되어야 정식 추천으로 올릴 수 있습니다.",False,True,"상위 sleeve 커버리지 이후 남은 후보 중 상태, 개선폭, turnover 기준으로 선택했습니다.",,"{""011200.KS"": 19.671008, ""207940.KS"": 19.671008, ""AVGO"": 10.062931, ""MSFT"": 19.671008, ""NVDA"": 19.671008, ""XOM"": 11.253036}","{""011200.KS"": 19.671008, ""207940.KS"": 19.671008, ""AVGO"": 10.062931, ""IAU"": 2.5, ""MSFT"": 19.671008, ""NVDA"": 14.671008, ""TLT"": 2.5, ""XOM"": 11.253036}"
action_006,REVIEW_ACTION,TRIM_AND_HEDGE,geopolitical_supply_chain,지정학·공급망 충격,geopolitical_supply_chain,china_trade_fragmentation_shock|geopolitical_escalation_supply_shock,NVDA,NVDA,,TLT|GLD,TLT,TLT + GLD,REFERENCE_ONLY,,,0.44535735,0.40118081,-0.04417654,9.9193,28.4395,28.4395,28.4395,19.671008,14.671008,19.671008,14.671008,0.0,2.5,-0.029724515537877156,-0.02715889643299876,0.00256562,-0.29393945043893577,-0.27635713615099733,0.01758231,0.769429655515568,0.6905159119904459,-0.07891374,-0.000913795691816565,-0.0008737629646113012,4.003e-05,1.6152490595848201,1.5990601946423604,-0.01618886,computed_from_action_before_after_weights,,10.000002,94.999999,5.0,PASS,,"지정학·공급망 충격 취약성을 만든 NVDA에 대해 TLT, GLD로 원인 보유자산 일부 축소 후 헷지를 적용하면 sleeve 취약도 변화가 -0.0442입니다. 정식 추천 기준은 미달해 검토 후보입니다.",취약성 완화 효과는 있으나 linked recommendation status가 REFERENCE_ONLY라서 정식 실행 추천이 아니라 실행 전 검토 후보로 유지합니다.,"TLT + GLD 조정은 지정학·공급망 충격 취약성을 낮추는 검토안이며 전후 지표는 CVaR 개선, MDD 개선, stress 개선으로 확인됩니다.",취약성 0.0442 감소; CVaR 0.26%p 개선; MDD 1.76%p 개선; stress 0.00%p 개선; Sharpe 0.02 악화,"FORMAL_ACTION 제외 사유: 기존 추천 gate 상태가 REFERENCE_ONLY입니다. stress/backtest, CVaR·MDD 안정성, 거래 제약 검증이 추가로 충족되어야 정식 추천으로 올릴 수 있습니다.",False,True,"상위 sleeve 커버리지 이후 남은 후보 중 상태, 개선폭, turnover 기준으로 선택했습니다.",,"{""011200.KS"": 19.671008, ""207940.KS"": 19.671008, ""AVGO"": 10.062931, ""MSFT"": 19.671008, ""NVDA"": 19.671008, ""XOM"": 11.253036}","{""011200.KS"": 19.671008, ""207940.KS"": 19.671008, ""AVGO"": 10.062931, ""GLD"": 2.5, ""MSFT"": 19.671008, ""NVDA"": 14.671008, ""TLT"": 2.5, ""XOM"": 11.253036}"
action_016,REVIEW_ACTION,TRIM_AND_HEDGE,geopolitical_supply_chain,지정학·공급망 충격,geopolitical_supply_chain,china_trade_fragmentation_shock|geopolitical_escalation_supply_shock,NVDA,NVDA,,IEF|IAU,IEF,IEF + IAU,REFERENCE_ONLY,,,0.44535735,0.40216641,-0.04319094,9.698,28.4395,28.4395,28.4395,19.671008,14.671008,19.671008,14.671008,0.0,2.5,-0.029724515537877156,-0.02720499922804013,0.00251952,-0.29393945043893577,-0.2766612556512261,0.01727819,0.769429655515568,0.6924406428506088,-0.07698901,-0.000913795691816565,-0.0008826581347422424,3.114e-05,1.6152490595848201,1.596398664520348,-0.0188504,computed_from_action_before_after_weights,,10.000002,94.999999,5.0,PASS,,"지정학·공급망 충격 취약성을 만든 NVDA에 대해 IEF, IAU로 원인 보유자산 일부 축소 후 헷지를 적용하면 sleeve 취약도 변화가 -0.0432입니다. 정식 추천 기준은 미달해 검토 후보입니다.",취약성 완화 효과는 있으나 linked recommendation status가 REFERENCE_ONLY라서 정식 실행 추천이 아니라 실행 전 검토 후보로 유지합니다.,"IEF + IAU 조정은 지정학·공급망 충격 취약성을 낮추는 검토안이며 전후 지표는 CVaR 개선, MDD 개선, stress 개선으로 확인됩니다.",취약성 0.0432 감소; CVaR 0.25%p 개선; MDD 1.73%p 개선; stress 0.00%p 개선; Sharpe 0.02 악화,"FORMAL_ACTION 제외 사유: 기존 추천 gate 상태가 REFERENCE_ONLY입니다. stress/backtest, CVaR·MDD 안정성, 거래 제약 검증이 추가로 충족되어야 정식 추천으로 올릴 수 있습니다.",False,True,"상위 sleeve 커버리지 이후 남은 후보 중 상태, 개선폭, turnover 기준으로 선택했습니다.",,"{""011200.KS"": 19.671008, ""207940.KS"": 19.671008, ""AVGO"": 10.062931, ""MSFT"": 19.671008, ""NVDA"": 19.671008, ""XOM"": 11.253036}","{""011200.KS"": 19.671008, ""207940.KS"": 19.671008, ""AVGO"": 10.062931, ""IAU"": 2.5, ""IEF"": 2.5, ""MSFT"": 19.671008, ""NVDA"": 14.671008, ""XOM"": 11.253036}"
action_018,REVIEW_ACTION,TRIM_AND_HEDGE,geopolitical_supply_chain,지정학·공급망 충격,geopolitical_supply_chain,china_trade_fragmentation_shock|geopolitical_escalation_supply_shock,NVDA,NVDA,,IEF|GLD,IEF,IEF + GLD,REFERENCE_ONLY,,,0.44535735,0.40225305,-0.0431043,9.6786,28.4395,28.4395,28.4395,19.671008,14.671008,19.671008,14.671008,0.0,2.5,-0.029724515537877156,-0.02720343059416424,0.00252108,-0.29393945043893577,-0.2766753200768092,0.01726413,0.769429655515568,0.6924507441731058,-0.07697891,-0.000913795691816565,-0.0008832265614729171,3.057e-05,1.6152490595848201,1.5960250607469442,-0.019224,computed_from_action_before_after_weights,,10.000002,94.999999,5.0,PASS,,"지정학·공급망 충격 취약성을 만든 NVDA에 대해 IEF, GLD로 원인 보유자산 일부 축소 후 헷지를 적용하면 sleeve 취약도 변화가 -0.0431입니다. 정식 추천 기준은 미달해 검토 후보입니다.",취약성 완화 효과는 있으나 linked recommendation status가 REFERENCE_ONLY라서 정식 실행 추천이 아니라 실행 전 검토 후보로 유지합니다.,"IEF + GLD 조정은 지정학·공급망 충격 취약성을 낮추는 검토안이며 전후 지표는 CVaR 개선, MDD 개선, stress 개선으로 확인됩니다.",취약성 0.0431 감소; CVaR 0.25%p 개선; MDD 1.73%p 개선; stress 0.00%p 개선; Sharpe 0.02 악화,"FORMAL_ACTION 제외 사유: 기존 추천 gate 상태가 REFERENCE_ONLY입니다. stress/backtest, CVaR·MDD 안정성, 거래 제약 검증이 추가로 충족되어야 정식 추천으로 올릴 수 있습니다.",False,True,"상위 sleeve 커버리지 이후 남은 후보 중 상태, 개선폭, turnover 기준으로 선택했습니다.",,"{""011200.KS"": 19.671008, ""207940.KS"": 19.671008, ""AVGO"": 10.062931, ""MSFT"": 19.671008, ""NVDA"": 19.671008, ""XOM"": 11.253036}","{""011200.KS"": 19.671008, ""207940.KS"": 19.671008, ""AVGO"": 10.062931, ""GLD"": 2.5, ""IEF"": 2.5, ""MSFT"": 19.671008, ""NVDA"": 14.671008, ""XOM"": 11.253036}"
action_022,REVIEW_ACTION,TRIM_AND_HEDGE,geopolitical_supply_chain,지정학·공급망 충격,geopolitical_supply_chain,china_trade_fragmentation_shock|geopolitical_escalation_supply_shock,NVDA,NVDA,,SHY|IAU,SHY,SHY + IAU,REFERENCE_ONLY,,,0.44535735,0.40295794,-0.04239941,9.5203,28.4395,28.4395,28.4395,19.671008,14.671008,19.671008,14.671008,0.0,2.5,-0.029724515537877156,-0.027238542036801316,0.00248597,-0.29393945043893577,-0.2769184814777439,0.01702097,0.769429655515568,0.6936383447118714,-0.07579131,-0.000913795691816565,-0.0008882352087527345,2.556e-05,1.6152490595848201,1.594650973825004,-0.02059809,computed_from_action_before_after_weights,,10.000002,94.999999,5.0,PASS,,"지정학·공급망 충격 취약성을 만든 NVDA에 대해 SHY, IAU로 원인 보유자산 일부 축소 후 헷지를 적용하면 sleeve 취약도 변화가 -0.0424입니다. 정식 추천 기준은 미달해 검토 후보입니다.",취약성 완화 효과는 있으나 linked recommendation status가 REFERENCE_ONLY라서 정식 실행 추천이 아니라 실행 전 검토 후보로 유지합니다.,"SHY + IAU 조정은 지정학·공급망 충격 취약성을 낮추는 검토안이며 전후 지표는 CVaR 개선, MDD 개선, stress 개선으로 확인됩니다.",취약성 0.0424 감소; CVaR 0.25%p 개선; MDD 1.70%p 개선; stress 0.00%p 개선; Sharpe 0.02 악화,"FORMAL_ACTION 제외 사유: 기존 추천 gate 상태가 REFERENCE_ONLY입니다. stress/backtest, CVaR·MDD 안정성, 거래 제약 검증이 추가로 충족되어야 정식 추천으로 올릴 수 있습니다.",False,False,,같은 risk sleeve에서 더 적합한 액션이 선택되어 후보 감사 목록에만 남겼습니다.,"{""011200.KS"": 19.671008, ""207940.KS"": 19.671008, ""AVGO"": 10.062931, ""MSFT"": 19.671008, ""NVDA"": 19.671008, ""XOM"": 11.253036}","{""011200.KS"": 19.671008, ""207940.KS"": 19.671008, ""AVGO"": 10.062931, ""IAU"": 2.5, ""MSFT"": 19.671008, ""NVDA"": 14.671008, ""SHY"": 2.5, ""XOM"": 11.253036}"
action_024,REVIEW_ACTION,TRIM_AND_HEDGE,geopolitical_supply_chain,지정학·공급망 충격,geopolitical_supply_chain,china_trade_fragmentation_shock|geopolitical_escalation_supply_shock,NVDA,NVDA,,GLD|SHY,GLD,GLD + SHY,REFERENCE_ONLY,,,0.44535735,0.40304458,-0.04231277,9.5009,28.4395,28.4395,28.4395,19.671008,14.671008,19.671008,14.671008,0.0,2.5,-0.029724515537877156,-0.027237053396875113,0.00248746,-0.29393945043893577,-0.27693258384701347,0.01700687,0.769429655515568,0.6936484460343684,-0.07578121,-0.000913795691816565,-0.0008888036354834089,2.499e-05,1.6152490595848201,1.5942776949053876,-0.02097136,computed_from_action_before_after_weights,,10.000002,94.999999,5.0,PASS,,"지정학·공급망 충격 취약성을 만든 NVDA에 대해 GLD, SHY로 원인 보유자산 일부 축소 후 헷지를 적용하면 sleeve 취약도 변화가 -0.0423입니다. 정식 추천 기준은 미달해 검토 후보입니다.",취약성 완화 효과는 있으나 linked recommendation status가 REFERENCE_ONLY라서 정식 실행 추천이 아니라 실행 전 검토 후보로 유지합니다.,"GLD + SHY 조정은 지정학·공급망 충격 취약성을 낮추는 검토안이며 전후 지표는 CVaR 개선, MDD 개선, stress 개선으로 확인됩니다.",취약성 0.0423 감소; CVaR 0.25%p 개선; MDD 1.70%p 개선; stress 0.00%p 개선; Sharpe 0.02 악화,"FORMAL_ACTION 제외 사유: 기존 추천 gate 상태가 REFERENCE_ONLY입니다. stress/backtest, CVaR·MDD 안정성, 거래 제약 검증이 추가로 충족되어야 정식 추천으로 올릴 수 있습니다.",False,False,,같은 risk sleeve에서 더 적합한 액션이 선택되어 후보 감사 목록에만 남겼습니다.,"{""011200.KS"": 19.671008, ""207940.KS"": 19.671008, ""AVGO"": 10.062931, ""MSFT"": 19.671008, ""NVDA"": 19.671008, ""XOM"": 11.253036}","{""011200.KS"": 19.671008, ""207940.KS"": 19.671008, ""AVGO"": 10.062931, ""GLD"": 2.5, ""MSFT"": 19.671008, ""NVDA"": 14.671008, ""SHY"": 2.5, ""XOM"": 11.253036}"
action_010,REVIEW_ACTION,TRIM_AND_HEDGE,geopolitical_supply_chain,지정학·공급망 충격,geopolitical_supply_chain,china_trade_fragmentation_shock|geopolitical_escalation_supply_shock,NVDA,NVDA,,TLT,TLT,TLT,REFERENCE_ONLY,,,0.44535735,0.40348207,-0.04187528,9.4026,28.4395,28.4395,28.4395,19.671008,14.671008,19.671008,14.671008,0.0,5.0,-0.029724515537877156,-0.02706867775956046,0.00265584,-0.29393945043893577,-0.2740706701245982,0.01986878,0.769429655515568,0.6865434829000515,-0.08288617,-0.000913795691816565,-0.0008643776185776486,4.942e-05,1.6152490595848201,1.585375749785801,-0.02987331,computed_from_action_before_after_weights,,10.000002,94.999999,5.0,PASS,,지정학·공급망 충격 취약성을 만든 NVDA에 대해 TLT로 원인 보유자산 일부 축소 후 헷지를 적용하면 sleeve 취약도 변화가 -0.0419입니다. 정식 추천 기준은 미달해 검토 후보입니다.,취약성 완화 효과는 있으나 linked recommendation status가 REFERENCE_ONLY라서 정식 실행 추천이 아니라 실행 전 검토 후보로 유지합니다.,"TLT 조정은 지정학·공급망 충격 취약성을 낮추는 검토안이며 전후 지표는 CVaR 개선, MDD 개선, stress 개선으로 확인됩니다.",취약성 0.0419 감소; CVaR 0.27%p 개선; MDD 1.99%p 개선; stress 0.00%p 개선; Sharpe 0.03 악화,"FORMAL_ACTION 제외 사유: 기존 추천 gate 상태가 REFERENCE_ONLY입니다. stress/backtest, CVaR·MDD 안정성, 거래 제약 검증이 추가로 충족되어야 정식 추천으로 올릴 수 있습니다.",False,False,,같은 risk sleeve에서 더 적합한 액션이 선택되어 후보 감사 목록에만 남겼습니다.,"{""011200.KS"": 19.671008, ""207940.KS"": 19.671008, ""AVGO"": 10.062931, ""MSFT"": 19.671008, ""NVDA"": 19.671008, ""XOM"": 11.253036}","{""011200.KS"": 19.671008, ""207940.KS"": 19.671008, ""AVGO"": 10.062931, ""MSFT"": 19.671008, ""NVDA"": 14.671008, ""TLT"": 5.0, ""XOM"": 11.253036}"
action_020,REVIEW_ACTION,TRIM_AND_HEDGE,geopolitical_supply_chain,지정학·공급망 충격,geopolitical_supply_chain,china_trade_fragmentation_shock|geopolitical_escalation_supply_shock,NVDA,NVDA,,IEF,IEF,IEF,REFERENCE_ONLY,,,0.44535735,0.40562655,-0.0397308,8.9211,28.4395,28.4395,28.4395,19.671008,14.671008,19.671008,14.671008,0.0,5.0,-0.029724515537877156,-0.02715029736278271,0.00257422,-0.29393945043893577,-0.2746998548330196,0.0192396,0.769429655515568,0.6904131472653712,-0.07901651,-0.000913795691816565,-0.0008833048123008808,3.049e-05,1.6152490595848201,1.57970862346853,-0.03554044,computed_from_action_before_after_weights,,10.000002,94.999999,5.0,PASS,,지정학·공급망 충격 취약성을 만든 NVDA에 대해 IEF로 원인 보유자산 일부 축소 후 헷지를 적용하면 sleeve 취약도 변화가 -0.0397입니다. 정식 추천 기준은 미달해 검토 후보입니다.,취약성 완화 효과는 있으나 linked recommendation status가 REFERENCE_ONLY라서 정식 실행 추천이 아니라 실행 전 검토 후보로 유지합니다.,"IEF 조정은 지정학·공급망 충격 취약성을 낮추는 검토안이며 전후 지표는 CVaR 개선, MDD 개선, stress 개선으로 확인됩니다.",취약성 0.0397 감소; CVaR 0.26%p 개선; MDD 1.92%p 개선; stress 0.00%p 개선; Sharpe 0.04 악화,"FORMAL_ACTION 제외 사유: 기존 추천 gate 상태가 REFERENCE_ONLY입니다. stress/backtest, CVaR·MDD 안정성, 거래 제약 검증이 추가로 충족되어야 정식 추천으로 올릴 수 있습니다.",False,False,,같은 risk sleeve에서 더 적합한 액션이 선택되어 후보 감사 목록에만 남겼습니다.,"{""011200.KS"": 19.671008, ""207940.KS"": 19.671008, ""AVGO"": 10.062931, ""MSFT"": 19.671008, ""NVDA"": 19.671008, ""XOM"": 11.253036}","{""011200.KS"": 19.671008, ""207940.KS"": 19.671008, ""AVGO"": 10.062931, ""IEF"": 5.0, ""MSFT"": 19.671008, ""NVDA"": 14.671008, ""XOM"": 11.253036}"
action_026,REVIEW_ACTION,TRIM_AND_HEDGE,geopolitical_supply_chain,지정학·공급망 충격,geopolitical_supply_chain,china_trade_fragmentation_shock|geopolitical_escalation_supply_shock,NVDA,NVDA,,IAU|DBC,IAU,IAU + DBC,REFERENCE_ONLY,,,0.44535735,0.40609148,-0.03926587,8.8167,28.4395,28.4395,28.4395,19.671008,14.671008,19.671008,14.671008,0.0,2.5,-0.029724515537877156,-0.027463988654993304,0.00226053,-0.29393945043893577,-0.28249111914779546,0.01144833,0.769429655515568,0.699959904078938,-0.06946975,-0.000913795691816565,-0.0009747612047407414,-6.097e-05,1.6152490595848201,1.59857436134339,-0.0166747,computed_from_action_before_after_weights,,10.000002,94.999999,5.0,PASS,,"지정학·공급망 충격 취약성을 만든 NVDA에 대해 IAU, DBC로 원인 보유자산 일부 축소 후 헷지를 적용하면 sleeve 취약도 변화가 -0.0393입니다. 정식 추천 기준은 미달해 검토 후보입니다.",취약성 완화 효과는 있으나 linked recommendation status가 REFERENCE_ONLY라서 정식 실행 추천이 아니라 실행 전 검토 후보로 유지합니다.,"IAU + DBC 조정은 지정학·공급망 충격 취약성을 낮추는 검토안이며 전후 지표는 CVaR 개선, MDD 개선, stress 악화으로 확인됩니다.",취약성 0.0393 감소; CVaR 0.23%p 개선; MDD 1.14%p 개선; stress 0.01%p 악화; Sharpe 0.02 악화,"FORMAL_ACTION 제외 사유: 기존 추천 gate 상태가 REFERENCE_ONLY입니다. stress/backtest, CVaR·MDD 안정성, 거래 제약 검증이 추가로 충족되어야 정식 추천으로 올릴 수 있습니다.",False,False,,같은 risk sleeve에서 더 적합한 액션이 선택되어 후보 감사 목록에만 남겼습니다.,"{""011200.KS"": 19.671008, ""207940.KS"": 19.671008, ""AVGO"": 10.062931, ""MSFT"": 19.671008, ""NVDA"": 19.671008, ""XOM"": 11.253036}","{""011200.KS"": 19.671008, ""207940.KS"": 19.671008, ""AVGO"": 10.062931, ""DBC"": 2.5, ""IAU"": 2.5, ""MSFT"": 19.671008, ""NVDA"": 14.671008, ""XOM"": 11.253036}"
action_028,REVIEW_ACTION,TRIM_AND_HEDGE,geopolitical_supply_chain,지정학·공급망 충격,geopolitical_supply_chain,china_trade_fragmentation_shock|geopolitical_escalation_supply_shock,NVDA,NVDA,,GLD|DBC,GLD,GLD + DBC,REFERENCE_ONLY,,,0.44535735,0.40617812,-0.03917923,8.7973,28.4395,28.4395,28.4395,19.671008,14.671008,19.671008,14.671008,0.0,2.5,-0.029724515537877156,-0.027462505994706066,0.00226201,-0.29393945043893577,-0.2825051173859643,0.01143433,0.769429655515568,0.6999700054014352,-0.06945965,-0.000913795691816565,-0.000975329631471416,-6.153e-05,1.6152490595848201,1.5982035170109872,-0.01704554,computed_from_action_before_after_weights,,10.000002,94.999999,5.0,PASS,,"지정학·공급망 충격 취약성을 만든 NVDA에 대해 GLD, DBC로 원인 보유자산 일부 축소 후 헷지를 적용하면 sleeve 취약도 변화가 -0.0392입니다. 정식 추천 기준은 미달해 검토 후보입니다.",취약성 완화 효과는 있으나 linked recommendation status가 REFERENCE_ONLY라서 정식 실행 추천이 아니라 실행 전 검토 후보로 유지합니다.,"GLD + DBC 조정은 지정학·공급망 충격 취약성을 낮추는 검토안이며 전후 지표는 CVaR 개선, MDD 개선, stress 악화으로 확인됩니다.",취약성 0.0392 감소; CVaR 0.23%p 개선; MDD 1.14%p 개선; stress 0.01%p 악화; Sharpe 0.02 악화,"FORMAL_ACTION 제외 사유: 기존 추천 gate 상태가 REFERENCE_ONLY입니다. stress/backtest, CVaR·MDD 안정성, 거래 제약 검증이 추가로 충족되어야 정식 추천으로 올릴 수 있습니다.",False,False,,같은 risk sleeve에서 더 적합한 액션이 선택되어 후보 감사 목록에만 남겼습니다.,"{""011200.KS"": 19.671008, ""207940.KS"": 19.671008, ""AVGO"": 10.062931, ""MSFT"": 19.671008, ""NVDA"": 19.671008, ""XOM"": 11.253036}","{""011200.KS"": 19.671008, ""207940.KS"": 19.671008, ""AVGO"": 10.062931, ""DBC"": 2.5, ""GLD"": 2.5, ""MSFT"": 19.671008, ""NVDA"": 14.671008, ""XOM"": 11.253036}"
action_103,REVIEW_ACTION,TRIM_AND_HEDGE,rate_shock_growth_duration,장기금리·성장주 듀레이션,rate_shock_growth_duration,higher_for_longer_long_rate_shock,NVDA,NVDA,,TLT|IAU,TLT,TLT + IAU,REFERENCE_ONLY,,,0.4124587,0.37592753,-0.03653118,8.8569,44.9454,44.9454,44.9454,19.671008,14.671008,19.671008,14.671008,0.0,2.5,-0.029724515537877156,-0.027160576555541195,0.00256394,-0.29393945043893577,-0.2763432122890831,0.01759624,0.769429655515568,0.6905058106679489,-0.07892384,-0.000913795691816565,-0.0008731945378806269,4.06e-05,1.6152490595848201,1.5994343675321498,-0.01581469,computed_from_action_before_after_weights,,10.000002,94.999999,5.0,PASS,,"장기금리·성장주 듀레이션 취약성을 만든 NVDA에 대해 TLT, IAU로 원인 보유자산 일부 축소 후 헷지를 적용하면 sleeve 취약도 변화가 -0.0365입니다. 정식 추천 기준은 미달해 검토 후보입니다.",취약성 완화 효과는 있으나 linked recommendation status가 REFERENCE_ONLY라서 정식 실행 추천이 아니라 실행 전 검토 후보로 유지합니다.,"TLT + IAU 조정은 장기금리·성장주 듀레이션 취약성을 낮추는 검토안이며 전후 지표는 CVaR 개선, MDD 개선, stress 개선으로 확인됩니다.",취약성 0.0365 감소; CVaR 0.26%p 개선; MDD 1.76%p 개선; stress 0.00%p 개선; Sharpe 0.02 악화,"FORMAL_ACTION 제외 사유: 기존 추천 gate 상태가 REFERENCE_ONLY입니다. stress/backtest, CVaR·MDD 안정성, 거래 제약 검증이 추가로 충족되어야 정식 추천으로 올릴 수 있습니다.",False,True,취약성 기여가 큰 보유자산이 확인되어 단순 추가 헷지보다 TRIM_AND_HEDGE가 우선입니다.,,"{""011200.KS"": 19.671008, ""207940.KS"": 19.671008, ""AVGO"": 10.062931, ""MSFT"": 19.671008, ""NVDA"": 19.671008, ""XOM"": 11.253036}","{""011200.KS"": 19.671008, ""207940.KS"": 19.671008, ""AVGO"": 10.062931, ""IAU"": 2.5, ""MSFT"": 19.671008, ""NVDA"": 14.671008, ""TLT"": 2.5, ""XOM"": 11.253036}"
action_099,REVIEW_ACTION,TRIM_AND_HEDGE,rate_shock_growth_duration,장기금리·성장주 듀레이션,rate_shock_growth_duration,higher_for_longer_long_rate_shock,NVDA,NVDA,,TLT|GLD,TLT,TLT + GLD,REFERENCE_ONLY,,,0.4124587,0.37594783,-0.03651088,8.852,44.9454,44.9454,44.9454,19.671008,14.671008,19.671008,14.671008,0.0,2.5,-0.029724515537877156,-0.02715889643299876,0.00256562,-0.29393945043893577,-0.27635713615099733,0.01758231,0.769429655515568,0.6905159119904459,-0.07891374,-0.000913795691816565,-0.0008737629646113012,4.003e-05,1.6152490595848201,1.5990601946423604,-0.01618886,computed_from_action_before_after_weights,,10.000002,94.999999,5.0,PASS,,"장기금리·성장주 듀레이션 취약성을 만든 NVDA에 대해 TLT, GLD로 원인 보유자산 일부 축소 후 헷지를 적용하면 sleeve 취약도 변화가 -0.0365입니다. 정식 추천 기준은 미달해 검토 후보입니다.",취약성 완화 효과는 있으나 linked recommendation status가 REFERENCE_ONLY라서 정식 실행 추천이 아니라 실행 전 검토 후보로 유지합니다.,"TLT + GLD 조정은 장기금리·성장주 듀레이션 취약성을 낮추는 검토안이며 전후 지표는 CVaR 개선, MDD 개선, stress 개선으로 확인됩니다.",취약성 0.0365 감소; CVaR 0.26%p 개선; MDD 1.76%p 개선; stress 0.00%p 개선; Sharpe 0.02 악화,"FORMAL_ACTION 제외 사유: 기존 추천 gate 상태가 REFERENCE_ONLY입니다. stress/backtest, CVaR·MDD 안정성, 거래 제약 검증이 추가로 충족되어야 정식 추천으로 올릴 수 있습니다.",False,False,,같은 risk sleeve에서 더 적합한 액션이 선택되어 후보 감사 목록에만 남겼습니다.,"{""011200.KS"": 19.671008, ""207940.KS"": 19.671008, ""AVGO"": 10.062931, ""MSFT"": 19.671008, ""NVDA"": 19.671008, ""XOM"": 11.253036}","{""011200.KS"": 19.671008, ""207940.KS"": 19.671008, ""AVGO"": 10.062931, ""GLD"": 2.5, ""MSFT"": 19.671008, ""NVDA"": 14.671008, ""TLT"": 2.5, ""XOM"": 11.253036}"
action_105,REVIEW_ACTION,TRIM_AND_HEDGE,rate_shock_growth_duration,장기금리·성장주 듀레이션,rate_shock_growth_duration,higher_for_longer_long_rate_shock,NVDA,NVDA,,IEF|IAU,IEF,IEF + IAU,REFERENCE_ONLY,,,0.4124587,0.37739198,-0.03506673,8.5019,44.9454,44.9454,44.9454,19.671008,14.671008,19.671008,14.671008,0.0,2.5,-0.029724515537877156,-0.02720499922804013,0.00251952,-0.29393945043893577,-0.2766612556512261,0.01727819,0.769429655515568,0.6924406428506088,-0.07698901,-0.000913795691816565,-0.0008826581347422424,3.114e-05,1.6152490595848201,1.596398664520348,-0.0188504,computed_from_action_before_after_weights,,10.000002,94.999999,5.0,PASS,,"장기금리·성장주 듀레이션 취약성을 만든 NVDA에 대해 IEF, IAU로 원인 보유자산 일부 축소 후 헷지를 적용하면 sleeve 취약도 변화가 -0.0351입니다. 정식 추천 기준은 미달해 검토 후보입니다.",취약성 완화 효과는 있으나 linked recommendation status가 REFERENCE_ONLY라서 정식 실행 추천이 아니라 실행 전 검토 후보로 유지합니다.,"IEF + IAU 조정은 장기금리·성장주 듀레이션 취약성을 낮추는 검토안이며 전후 지표는 CVaR 개선, MDD 개선, stress 개선으로 확인됩니다.",취약성 0.0351 감소; CVaR 0.25%p 개선; MDD 1.73%p 개선; stress 0.00%p 개선; Sharpe 0.02 악화,"FORMAL_ACTION 제외 사유: 기존 추천 gate 상태가 REFERENCE_ONLY입니다. stress/backtest, CVaR·MDD 안정성, 거래 제약 검증이 추가로 충족되어야 정식 추천으로 올릴 수 있습니다.",False,False,,같은 risk sleeve에서 더 적합한 액션이 선택되어 후보 감사 목록에만 남겼습니다.,"{""011200.KS"": 19.671008, ""207940.KS"": 19.671008, ""AVGO"": 10.062931, ""MSFT"": 19.671008, ""NVDA"": 19.671008, ""XOM"": 11.253036}","{""011200.KS"": 19.671008, ""207940.KS"": 19.671008, ""AVGO"": 10.062931, ""IAU"": 2.5, ""IEF"": 2.5, ""MSFT"": 19.671008, ""NVDA"": 14.671008, ""XOM"": 11.253036}"
action_107,REVIEW_ACTION,TRIM_AND_HEDGE,rate_shock_growth_duration,장기금리·성장주 듀레이션,rate_shock_growth_duration,higher_for_longer_long_rate_shock,NVDA,NVDA,,IEF|GLD,IEF,IEF + GLD,REFERENCE_ONLY,,,0.4124587,0.37741228,-0.03504643,8.497,44.9454,44.9454,44.9454,19.671008,14.671008,19.671008,14.671008,0.0,2.5,-0.029724515537877156,-0.02720343059416424,0.00252108,-0.29393945043893577,-0.2766753200768092,0.01726413,0.769429655515568,0.6924507441731058,-0.07697891,-0.000913795691816565,-0.0008832265614729171,3.057e-05,1.6152490595848201,1.5960250607469442,-0.019224,computed_from_action_before_after_weights,,10.000002,94.999999,5.0,PASS,,"장기금리·성장주 듀레이션 취약성을 만든 NVDA에 대해 IEF, GLD로 원인 보유자산 일부 축소 후 헷지를 적용하면 sleeve 취약도 변화가 -0.0350입니다. 정식 추천 기준은 미달해 검토 후보입니다.",취약성 완화 효과는 있으나 linked recommendation status가 REFERENCE_ONLY라서 정식 실행 추천이 아니라 실행 전 검토 후보로 유지합니다.,"IEF + GLD 조정은 장기금리·성장주 듀레이션 취약성을 낮추는 검토안이며 전후 지표는 CVaR 개선, MDD 개선, stress 개선으로 확인됩니다.",취약성 0.0350 감소; CVaR 0.25%p 개선; MDD 1.73%p 개선; stress 0.00%p 개선; Sharpe 0.02 악화,"FORMAL_ACTION 제외 사유: 기존 추천 gate 상태가 REFERENCE_ONLY입니다. stress/backtest, CVaR·MDD 안정성, 거래 제약 검증이 추가로 충족되어야 정식 추천으로 올릴 수 있습니다.",False,False,,같은 risk sleeve에서 더 적합한 액션이 선택되어 후보 감사 목록에만 남겼습니다.,"{""011200.KS"": 19.671008, ""207940.KS"": 19.671008, ""AVGO"": 10.062931, ""MSFT"": 19.671008, ""NVDA"": 19.671008, ""XOM"": 11.253036}","{""011200.KS"": 19.671008, ""207940.KS"": 19.671008, ""AVGO"": 10.062931, ""GLD"": 2.5, ""IEF"": 2.5, ""MSFT"": 19.671008, ""NVDA"": 14.671008, ""XOM"": 11.253036}"
action_111,REVIEW_ACTION,TRIM_AND_HEDGE,rate_shock_growth_duration,장기금리·성장주 듀레이션,rate_shock_growth_duration,higher_for_longer_long_rate_shock,NVDA,NVDA,,SHY|IAU,SHY,SHY + IAU,REFERENCE_ONLY,,,0.4124587,0.3783743,-0.0340844,8.2637,44.9454,44.9454,44.9454,19.671008,14.671008,19.671008,14.671008,0.0,2.5,-0.029724515537877156,-0.027238542036801316,0.00248597,-0.29393945043893577,-0.2769184814777439,0.01702097,0.769429655515568,0.6936383447118714,-0.07579131,-0.000913795691816565,-0.0008882352087527345,2.556e-05,1.6152490595848201,1.594650973825004,-0.02059809,computed_from_action_before_after_weights,,10.000002,94.999999,5.0,PASS,,"장기금리·성장주 듀레이션 취약성을 만든 NVDA에 대해 SHY, IAU로 원인 보유자산 일부 축소 후 헷지를 적용하면 sleeve 취약도 변화가 -0.0341입니다. 정식 추천 기준은 미달해 검토 후보입니다.",취약성 완화 효과는 있으나 linked recommendation status가 REFERENCE_ONLY라서 정식 실행 추천이 아니라 실행 전 검토 후보로 유지합니다.,"SHY + IAU 조정은 장기금리·성장주 듀레이션 취약성을 낮추는 검토안이며 전후 지표는 CVaR 개선, MDD 개선, stress 개선으로 확인됩니다.",취약성 0.0341 감소; CVaR 0.25%p 개선; MDD 1.70%p 개선; stress 0.00%p 개선; Sharpe 0.02 악화,"FORMAL_ACTION 제외 사유: 기존 추천 gate 상태가 REFERENCE_ONLY입니다. stress/backtest, CVaR·MDD 안정성, 거래 제약 검증이 추가로 충족되어야 정식 추천으로 올릴 수 있습니다.",False,False,,같은 risk sleeve에서 더 적합한 액션이 선택되어 후보 감사 목록에만 남겼습니다.,"{""011200.KS"": 19.671008, ""207940.KS"": 19.671008, ""AVGO"": 10.062931, ""MSFT"": 19.671008, ""NVDA"": 19.671008, ""XOM"": 11.253036}","{""011200.KS"": 19.671008, ""207940.KS"": 19.671008, ""AVGO"": 10.062931, ""IAU"": 2.5, ""MSFT"": 19.671008, ""NVDA"": 14.671008, ""SHY"": 2.5, ""XOM"": 11.253036}"
action_113,REVIEW_ACTION,TRIM_AND_HEDGE,rate_shock_growth_duration,장기금리·성장주 듀레이션,rate_shock_growth_duration,higher_for_longer_long_rate_shock,NVDA,NVDA,,GLD|SHY,GLD,GLD + SHY,REFERENCE_ONLY,,,0.4124587,0.3783946,-0.0340641,8.2588,44.9454,44.9454,44.9454,19.671008,14.671008,19.671008,14.671008,0.0,2.5,-0.029724515537877156,-0.027237053396875113,0.00248746,-0.29393945043893577,-0.27693258384701347,0.01700687,0.769429655515568,0.6936484460343684,-0.07578121,-0.000913795691816565,-0.0008888036354834089,2.499e-05,1.6152490595848201,1.5942776949053876,-0.02097136,computed_from_action_before_after_weights,,10.000002,94.999999,5.0,PASS,,"장기금리·성장주 듀레이션 취약성을 만든 NVDA에 대해 GLD, SHY로 원인 보유자산 일부 축소 후 헷지를 적용하면 sleeve 취약도 변화가 -0.0341입니다. 정식 추천 기준은 미달해 검토 후보입니다.",취약성 완화 효과는 있으나 linked recommendation status가 REFERENCE_ONLY라서 정식 실행 추천이 아니라 실행 전 검토 후보로 유지합니다.,"GLD + SHY 조정은 장기금리·성장주 듀레이션 취약성을 낮추는 검토안이며 전후 지표는 CVaR 개선, MDD 개선, stress 개선으로 확인됩니다.",취약성 0.0341 감소; CVaR 0.25%p 개선; MDD 1.70%p 개선; stress 0.00%p 개선; Sharpe 0.02 악화,"FORMAL_ACTION 제외 사유: 기존 추천 gate 상태가 REFERENCE_ONLY입니다. stress/backtest, CVaR·MDD 안정성, 거래 제약 검증이 추가로 충족되어야 정식 추천으로 올릴 수 있습니다.",False,False,,같은 risk sleeve에서 더 적합한 액션이 선택되어 후보 감사 목록에만 남겼습니다.,"{""011200.KS"": 19.671008, ""207940.KS"": 19.671008, ""AVGO"": 10.062931, ""MSFT"": 19.671008, ""NVDA"": 19.671008, ""XOM"": 11.253036}","{""011200.KS"": 19.671008, ""207940.KS"": 19.671008, ""AVGO"": 10.062931, ""GLD"": 2.5, ""MSFT"": 19.671008, ""NVDA"": 14.671008, ""SHY"": 2.5, ""XOM"": 11.253036}"
action_127,REVIEW_ACTION,TRIM_AND_HEDGE,rate_shock_growth_duration,장기금리·성장주 듀레이션,rate_shock_growth_duration,higher_for_longer_long_rate_shock,NVDA,NVDA,,TLT|DBC,TLT,TLT + DBC,REFERENCE_ONLY,,,0.4124587,0.3795315,-0.0329272,7.9832,44.9454,44.9454,44.9454,19.671008,14.671008,19.671008,14.671008,0.0,2.5,-0.029724515537877156,-0.02736286534522003,0.00236165,-0.29393945043893577,-0.28022300578661863,0.01371644,0.769429655515568,0.6959975763110405,-0.07343208,-0.000913795691816565,-0.0009659442854377636,-5.215e-05,1.6152490595848201,1.5853733700049268,-0.02987569,computed_from_action_before_after_weights,,10.000002,94.999999,5.0,PASS,,"장기금리·성장주 듀레이션 취약성을 만든 NVDA에 대해 TLT, DBC로 원인 보유자산 일부 축소 후 헷지를 적용하면 sleeve 취약도 변화가 -0.0329입니다. 정식 추천 기준은 미달해 검토 후보입니다.",취약성 완화 효과는 있으나 linked recommendation status가 REFERENCE_ONLY라서 정식 실행 추천이 아니라 실행 전 검토 후보로 유지합니다.,"TLT + DBC 조정은 장기금리·성장주 듀레이션 취약성을 낮추는 검토안이며 전후 지표는 CVaR 개선, MDD 개선, stress 악화으로 확인됩니다.",취약성 0.0329 감소; CVaR 0.24%p 개선; MDD 1.37%p 개선; stress 0.01%p 악화; Sharpe 0.03 악화,"FORMAL_ACTION 제외 사유: 기존 추천 gate 상태가 REFERENCE_ONLY입니다. stress/backtest, CVaR·MDD 안정성, 거래 제약 검증이 추가로 충족되어야 정식 추천으로 올릴 수 있습니다.",False,False,,같은 risk sleeve에서 더 적합한 액션이 선택되어 후보 감사 목록에만 남겼습니다.,"{""011200.KS"": 19.671008, ""207940.KS"": 19.671008, ""AVGO"": 10.062931, ""MSFT"": 19.671008, ""NVDA"": 19.671008, ""XOM"": 11.253036}","{""011200.KS"": 19.671008, ""207940.KS"": 19.671008, ""AVGO"": 10.062931, ""DBC"": 2.5, ""MSFT"": 19.671008, ""NVDA"": 14.671008, ""TLT"": 2.5, ""XOM"": 11.253036}"
action_129,REVIEW_ACTION,TRIM_AND_HEDGE,rate_shock_growth_duration,장기금리·성장주 듀레이션,rate_shock_growth_duration,higher_for_longer_long_rate_shock,NVDA,NVDA,,IEF|DBC,IEF,IEF + DBC,REFERENCE_ONLY,,,0.4124587,0.38099595,-0.03146275,7.6281,44.9454,44.9454,44.9454,19.671008,14.671008,19.671008,14.671008,0.0,2.5,-0.029724515537877156,-0.027408523025369284,0.00231599,-0.29393945043893577,-0.2805419335192366,0.01339752,0.769429655515568,0.6979324084937006,-0.07149725,-0.000913795691816565,-0.0009754078822993791,-6.161e-05,1.6152490595848201,1.582233393057663,-0.03301567,computed_from_action_before_after_weights,,10.000002,94.999999,5.0,PASS,,"장기금리·성장주 듀레이션 취약성을 만든 NVDA에 대해 IEF, DBC로 원인 보유자산 일부 축소 후 헷지를 적용하면 sleeve 취약도 변화가 -0.0315입니다. 정식 추천 기준은 미달해 검토 후보입니다.",취약성 완화 효과는 있으나 linked recommendation status가 REFERENCE_ONLY라서 정식 실행 추천이 아니라 실행 전 검토 후보로 유지합니다.,"IEF + DBC 조정은 장기금리·성장주 듀레이션 취약성을 낮추는 검토안이며 전후 지표는 CVaR 개선, MDD 개선, stress 악화으로 확인됩니다.",취약성 0.0315 감소; CVaR 0.23%p 개선; MDD 1.34%p 개선; stress 0.01%p 악화; Sharpe 0.03 악화,"FORMAL_ACTION 제외 사유: 기존 추천 gate 상태가 REFERENCE_ONLY입니다. stress/backtest, CVaR·MDD 안정성, 거래 제약 검증이 추가로 충족되어야 정식 추천으로 올릴 수 있습니다.",False,False,,같은 risk sleeve에서 더 적합한 액션이 선택되어 후보 감사 목록에만 남겼습니다.,"{""011200.KS"": 19.671008, ""207940.KS"": 19.671008, ""AVGO"": 10.062931, ""MSFT"": 19.671008, ""NVDA"": 19.671008, ""XOM"": 11.253036}","{""011200.KS"": 19.671008, ""207940.KS"": 19.671008, ""AVGO"": 10.062931, ""DBC"": 2.5, ""IEF"": 2.5, ""MSFT"": 19.671008, ""NVDA"": 14.671008, ""XOM"": 11.253036}"
action_131,REVIEW_ACTION,TRIM_AND_HEDGE,rate_shock_growth_duration,장기금리·성장주 듀레이션,rate_shock_growth_duration,higher_for_longer_long_rate_shock,NVDA,NVDA,,SHY|DBC,SHY,SHY + DBC,REFERENCE_ONLY,,,0.4124587,0.38197828,-0.03048043,7.3899,44.9454,44.9454,44.9454,19.671008,14.671008,19.671008,14.671008,0.0,2.5,-0.029724515537877156,-0.027444672349959797,0.00227984,-0.29393945043893577,-0.2807990711000369,0.01314038,0.769429655515568,0.6991301103549631,-0.07029955,-0.000913795691816565,-0.0009809849563098712,-6.719e-05,1.6152490595848201,1.580398963730086,-0.0348501,computed_from_action_before_after_weights,,10.000002,94.999999,5.0,PASS,,"장기금리·성장주 듀레이션 취약성을 만든 NVDA에 대해 SHY, DBC로 원인 보유자산 일부 축소 후 헷지를 적용하면 sleeve 취약도 변화가 -0.0305입니다. 정식 추천 기준은 미달해 검토 후보입니다.",취약성 완화 효과는 있으나 linked recommendation status가 REFERENCE_ONLY라서 정식 실행 추천이 아니라 실행 전 검토 후보로 유지합니다.,"SHY + DBC 조정은 장기금리·성장주 듀레이션 취약성을 낮추는 검토안이며 전후 지표는 CVaR 개선, MDD 개선, stress 악화으로 확인됩니다.",취약성 0.0305 감소; CVaR 0.23%p 개선; MDD 1.31%p 개선; stress 0.01%p 악화; Sharpe 0.03 악화,"FORMAL_ACTION 제외 사유: 기존 추천 gate 상태가 REFERENCE_ONLY입니다. stress/backtest, CVaR·MDD 안정성, 거래 제약 검증이 추가로 충족되어야 정식 추천으로 올릴 수 있습니다.",False,False,,같은 risk sleeve에서 더 적합한 액션이 선택되어 후보 감사 목록에만 남겼습니다.,"{""011200.KS"": 19.671008, ""207940.KS"": 19.671008, ""AVGO"": 10.062931, ""MSFT"": 19.671008, ""NVDA"": 19.671008, ""XOM"": 11.253036}","{""011200.KS"": 19.671008, ""207940.KS"": 19.671008, ""AVGO"": 10.062931, ""DBC"": 2.5, ""MSFT"": 19.671008, ""NVDA"": 14.671008, ""SHY"": 2.5, ""XOM"": 11.253036}"
action_101,REVIEW_ACTION,TRIM_AND_HEDGE,rate_shock_growth_duration,장기금리·성장주 듀레이션,rate_shock_growth_duration,higher_for_longer_long_rate_shock,NVDA,NVDA,,TLT,TLT,TLT,REFERENCE_ONLY,,,0.4124587,0.38428265,-0.02817605,6.8312,44.9454,44.9454,44.9454,19.671008,14.671008,19.671008,14.671008,0.0,5.0,-0.029724515537877156,-0.02706867775956046,0.00265584,-0.29393945043893577,-0.2740706701245982,0.01986878,0.769429655515568,0.6865434829000515,-0.08288617,-0.000913795691816565,-0.0008643776185776486,4.942e-05,1.6152490595848201,1.585375749785801,-0.02987331,computed_from_action_before_after_weights,,10.000002,94.999999,5.0,PASS,,장기금리·성장주 듀레이션 취약성을 만든 NVDA에 대해 TLT로 원인 보유자산 일부 축소 후 헷지를 적용하면 sleeve 취약도 변화가 -0.0282입니다. 정식 추천 기준은 미달해 검토 후보입니다.,취약성 완화 효과는 있으나 linked recommendation status가 REFERENCE_ONLY라서 정식 실행 추천이 아니라 실행 전 검토 후보로 유지합니다.,"TLT 조정은 장기금리·성장주 듀레이션 취약성을 낮추는 검토안이며 전후 지표는 CVaR 개선, MDD 개선, stress 개선으로 확인됩니다.",취약성 0.0282 감소; CVaR 0.27%p 개선; MDD 1.99%p 개선; stress 0.00%p 개선; Sharpe 0.03 악화,"FORMAL_ACTION 제외 사유: 기존 추천 gate 상태가 REFERENCE_ONLY입니다. stress/backtest, CVaR·MDD 안정성, 거래 제약 검증이 추가로 충족되어야 정식 추천으로 올릴 수 있습니다.",False,False,,같은 risk sleeve에서 더 적합한 액션이 선택되어 후보 감사 목록에만 남겼습니다.,"{""011200.KS"": 19.671008, ""207940.KS"": 19.671008, ""AVGO"": 10.062931, ""MSFT"": 19.671008, ""NVDA"": 19.671008, ""XOM"": 11.253036}","{""011200.KS"": 19.671008, ""207940.KS"": 19.671008, ""AVGO"": 10.062931, ""MSFT"": 19.671008, ""NVDA"": 14.671008, ""TLT"": 5.0, ""XOM"": 11.253036}"
action_109,REVIEW_ACTION,TRIM_AND_HEDGE,rate_shock_growth_duration,장기금리·성장주 듀레이션,rate_shock_growth_duration,higher_for_longer_long_rate_shock,NVDA,NVDA,,IEF,IEF,IEF,REFERENCE_ONLY,,,0.4124587,0.38721155,-0.02524715,6.1211,44.9454,44.9454,44.9454,19.671008,14.671008,19.671008,14.671008,0.0,5.0,-0.029724515537877156,-0.02715029736278271,0.00257422,-0.29393945043893577,-0.2746998548330196,0.0192396,0.769429655515568,0.6904131472653712,-0.07901651,-0.000913795691816565,-0.0008833048123008808,3.049e-05,1.6152490595848201,1.57970862346853,-0.03554044,computed_from_action_before_after_weights,,10.000002,94.999999,5.0,PASS,,장기금리·성장주 듀레이션 취약성을 만든 NVDA에 대해 IEF로 원인 보유자산 일부 축소 후 헷지를 적용하면 sleeve 취약도 변화가 -0.0252입니다. 정식 추천 기준은 미달해 검토 후보입니다.,취약성 완화 효과는 있으나 linked recommendation status가 REFERENCE_ONLY라서 정식 실행 추천이 아니라 실행 전 검토 후보로 유지합니다.,"IEF 조정은 장기금리·성장주 듀레이션 취약성을 낮추는 검토안이며 전후 지표는 CVaR 개선, MDD 개선, stress 개선으로 확인됩니다.",취약성 0.0252 감소; CVaR 0.26%p 개선; MDD 1.92%p 개선; stress 0.00%p 개선; Sharpe 0.04 악화,"FORMAL_ACTION 제외 사유: 기존 추천 gate 상태가 REFERENCE_ONLY입니다. stress/backtest, CVaR·MDD 안정성, 거래 제약 검증이 추가로 충족되어야 정식 추천으로 올릴 수 있습니다.",False,False,,같은 risk sleeve에서 더 적합한 액션이 선택되어 후보 감사 목록에만 남겼습니다.,"{""011200.KS"": 19.671008, ""207940.KS"": 19.671008, ""AVGO"": 10.062931, ""MSFT"": 19.671008, ""NVDA"": 19.671008, ""XOM"": 11.253036}","{""011200.KS"": 19.671008, ""207940.KS"": 19.671008, ""AVGO"": 10.062931, ""IEF"": 5.0, ""MSFT"": 19.671008, ""NVDA"": 14.671008, ""XOM"": 11.253036}"
action_149,REVIEW_ACTION,TRIM_AND_HEDGE,rate_shock_growth_duration,장기금리·성장주 듀레이션,rate_shock_growth_duration,higher_for_longer_long_rate_shock,NVDA,NVDA,,SHY,SHY,SHY,FAIL_GATE,,,0.4124587,0.3891762,-0.0232825,5.6448,44.9454,44.9454,44.9454,19.671008,14.671008,19.671008,14.671008,0.0,5.0,-0.029724515537877156,-0.027223247308407316,0.00250127,-0.29393945043893577,-0.275214787404756,0.01872466,0.769429655515568,0.6928085509878963,-0.0766211,-0.000913795691816565,-0.0008944589603218649,1.934e-05,1.6152490595848201,1.5762063322296624,-0.03904273,computed_from_action_before_after_weights,,10.000002,94.999999,5.0,PASS,,장기금리·성장주 듀레이션 취약성을 만든 NVDA에 대해 SHY로 원인 보유자산 일부 축소 후 헷지를 적용하면 sleeve 취약도 변화가 -0.0233입니다. 정식 추천 기준은 미달해 검토 후보입니다.,취약성 완화 효과는 있으나 linked recommendation status가 FAIL_GATE라서 정식 실행 추천이 아니라 실행 전 검토 후보로 유지합니다.,"SHY 조정은 장기금리·성장주 듀레이션 취약성을 낮추는 검토안이며 전후 지표는 CVaR 개선, MDD 개선, stress 개선으로 확인됩니다.",취약성 0.0233 감소; CVaR 0.25%p 개선; MDD 1.87%p 개선; stress 0.00%p 개선; Sharpe 0.04 악화,"FORMAL_ACTION 제외 사유: 기존 추천 gate 상태가 FAIL_GATE입니다. stress/backtest, CVaR·MDD 안정성, 거래 제약 검증이 추가로 충족되어야 정식 추천으로 올릴 수 있습니다.",False,False,,같은 risk sleeve에서 더 적합한 액션이 선택되어 후보 감사 목록에만 남겼습니다.,"{""011200.KS"": 19.671008, ""207940.KS"": 19.671008, ""AVGO"": 10.062931, ""MSFT"": 19.671008, ""NVDA"": 19.671008, ""XOM"": 11.253036}","{""011200.KS"": 19.671008, ""207940.KS"": 19.671008, ""AVGO"": 10.062931, ""MSFT"": 19.671008, ""NVDA"": 14.671008, ""SHY"": 5.0, ""XOM"": 11.253036}"
action_173,REVIEW_ACTION,TRIM_AND_HEDGE,inflation_energy_shock,물가·에너지 재상승,inflation_energy_shock,stagflation_reinflation_energy_shock,NVDA,NVDA,,IAU,IAU,IAU,REFERENCE_ONLY,,,0.22580688,0.19114656,-0.03466032,15.3495,36.362,36.362,36.362,19.671008,14.671008,19.671008,14.671008,0.0,5.0,-0.029724515537877156,-0.02726495683101788,0.00245956,-0.29393945043893577,-0.27862173248589983,0.01531772,0.769429655515568,0.6944681384358463,-0.07496152,-0.000913795691816565,-0.0008820114571836043,3.178e-05,1.6152490595848201,1.6124055212138335,-0.00284354,computed_from_action_before_after_weights,,10.000002,94.999999,5.0,PASS,,물가·에너지 재상승 취약성을 만든 NVDA에 대해 IAU로 원인 보유자산 일부 축소 후 헷지를 적용하면 sleeve 취약도 변화가 -0.0347입니다. 정식 추천 기준은 미달해 검토 후보입니다.,취약성 완화 효과는 있으나 linked recommendation status가 REFERENCE_ONLY라서 정식 실행 추천이 아니라 실행 전 검토 후보로 유지합니다.,"IAU 조정은 물가·에너지 재상승 취약성을 낮추는 검토안이며 전후 지표는 CVaR 개선, MDD 개선, stress 개선으로 확인됩니다.",취약성 0.0347 감소; CVaR 0.25%p 개선; MDD 1.53%p 개선; stress 0.00%p 개선; Sharpe 0.00 악화,"FORMAL_ACTION 제외 사유: 기존 추천 gate 상태가 REFERENCE_ONLY입니다. stress/backtest, CVaR·MDD 안정성, 거래 제약 검증이 추가로 충족되어야 정식 추천으로 올릴 수 있습니다.",False,True,취약성 기여가 큰 보유자산이 확인되어 단순 추가 헷지보다 TRIM_AND_HEDGE가 우선입니다.,,"{""011200.KS"": 19.671008, ""207940.KS"": 19.671008, ""AVGO"": 10.062931, ""MSFT"": 19.671008, ""NVDA"": 19.671008, ""XOM"": 11.253036}","{""011200.KS"": 19.671008, ""207940.KS"": 19.671008, ""AVGO"": 10.062931, ""IAU"": 5.0, ""MSFT"": 19.671008, ""NVDA"": 14.671008, ""XOM"": 11.253036}"
action_171,REVIEW_ACTION,TRIM_AND_HEDGE,inflation_energy_shock,물가·에너지 재상승,inflation_energy_shock,stagflation_reinflation_energy_shock,NVDA,NVDA,,GLD,GLD,GLD,REFERENCE_ONLY,,,0.22580688,0.19126756,-0.03453932,15.296,36.362,36.362,36.362,19.671008,14.671008,19.671008,14.671008,0.0,5.0,-0.029724515537877156,-0.02726184246239737,0.00246267,-0.29393945043893577,-0.2786499164914388,0.01528953,0.769429655515568,0.6944883410808405,-0.07494131,-0.000913795691816565,-0.0008831483106449533,3.065e-05,1.6152490595848201,1.6116520641832182,-0.003597,computed_from_action_before_after_weights,,10.000002,94.999999,5.0,PASS,,물가·에너지 재상승 취약성을 만든 NVDA에 대해 GLD로 원인 보유자산 일부 축소 후 헷지를 적용하면 sleeve 취약도 변화가 -0.0345입니다. 정식 추천 기준은 미달해 검토 후보입니다.,취약성 완화 효과는 있으나 linked recommendation status가 REFERENCE_ONLY라서 정식 실행 추천이 아니라 실행 전 검토 후보로 유지합니다.,"GLD 조정은 물가·에너지 재상승 취약성을 낮추는 검토안이며 전후 지표는 CVaR 개선, MDD 개선, stress 개선으로 확인됩니다.",취약성 0.0345 감소; CVaR 0.25%p 개선; MDD 1.53%p 개선; stress 0.00%p 개선; Sharpe 0.00 악화,"FORMAL_ACTION 제외 사유: 기존 추천 gate 상태가 REFERENCE_ONLY입니다. stress/backtest, CVaR·MDD 안정성, 거래 제약 검증이 추가로 충족되어야 정식 추천으로 올릴 수 있습니다.",False,False,,같은 risk sleeve에서 더 적합한 액션이 선택되어 후보 감사 목록에만 남겼습니다.,"{""011200.KS"": 19.671008, ""207940.KS"": 19.671008, ""AVGO"": 10.062931, ""MSFT"": 19.671008, ""NVDA"": 19.671008, ""XOM"": 11.253036}","{""011200.KS"": 19.671008, ""207940.KS"": 19.671008, ""AVGO"": 10.062931, ""GLD"": 5.0, ""MSFT"": 19.671008, ""NVDA"": 14.671008, ""XOM"": 11.253036}"
action_191,REVIEW_ACTION,TRIM_AND_HEDGE,inflation_energy_shock,물가·에너지 재상승,inflation_energy_shock,stagflation_reinflation_energy_shock,NVDA,NVDA,,IAU|DBC,IAU,IAU + DBC,REFERENCE_ONLY,,,0.22580688,0.1945499,-0.03125698,13.8424,36.362,36.362,36.362,19.671008,14.671008,19.671008,14.671008,0.0,2.5,-0.029724515537877156,-0.027463988654993304,0.00226053,-0.29393945043893577,-0.28249111914779546,0.01144833,0.769429655515568,0.699959904078938,-0.06946975,-0.000913795691816565,-0.0009747612047407414,-6.097e-05,1.6152490595848201,1.59857436134339,-0.0166747,computed_from_action_before_after_weights,,10.000002,94.999999,5.0,PASS,,"물가·에너지 재상승 취약성을 만든 NVDA에 대해 IAU, DBC로 원인 보유자산 일부 축소 후 헷지를 적용하면 sleeve 취약도 변화가 -0.0313입니다. 정식 추천 기준은 미달해 검토 후보입니다.",취약성 완화 효과는 있으나 linked recommendation status가 REFERENCE_ONLY라서 정식 실행 추천이 아니라 실행 전 검토 후보로 유지합니다.,"IAU + DBC 조정은 물가·에너지 재상승 취약성을 낮추는 검토안이며 전후 지표는 CVaR 개선, MDD 개선, stress 악화으로 확인됩니다.",취약성 0.0313 감소; CVaR 0.23%p 개선; MDD 1.14%p 개선; stress 0.01%p 악화; Sharpe 0.02 악화,"FORMAL_ACTION 제외 사유: 기존 추천 gate 상태가 REFERENCE_ONLY입니다. stress/backtest, CVaR·MDD 안정성, 거래 제약 검증이 추가로 충족되어야 정식 추천으로 올릴 수 있습니다.",False,False,,같은 risk sleeve에서 더 적합한 액션이 선택되어 후보 감사 목록에만 남겼습니다.,"{""011200.KS"": 19.671008, ""207940.KS"": 19.671008, ""AVGO"": 10.062931, ""MSFT"": 19.671008, ""NVDA"": 19.671008, ""XOM"": 11.253036}","{""011200.KS"": 19.671008, ""207940.KS"": 19.671008, ""AVGO"": 10.062931, ""DBC"": 2.5, ""IAU"": 2.5, ""MSFT"": 19.671008, ""NVDA"": 14.671008, ""XOM"": 11.253036}"
action_193,REVIEW_ACTION,TRIM_AND_HEDGE,inflation_energy_shock,물가·에너지 재상승,inflation_energy_shock,stagflation_reinflation_energy_shock,NVDA,NVDA,,GLD|DBC,GLD,GLD + DBC,REFERENCE_ONLY,,,0.22580688,0.1946104,-0.03119648,13.8156,36.362,36.362,36.362,19.671008,14.671008,19.671008,14.671008,0.0,2.5,-0.029724515537877156,-0.027462505994706066,0.00226201,-0.29393945043893577,-0.2825051173859643,0.01143433,0.769429655515568,0.6999700054014352,-0.06945965,-0.000913795691816565,-0.000975329631471416,-6.153e-05,1.6152490595848201,1.5982035170109872,-0.01704554,computed_from_action_before_after_weights,,10.000002,94.999999,5.0,PASS,,"물가·에너지 재상승 취약성을 만든 NVDA에 대해 GLD, DBC로 원인 보유자산 일부 축소 후 헷지를 적용하면 sleeve 취약도 변화가 -0.0312입니다. 정식 추천 기준은 미달해 검토 후보입니다.",취약성 완화 효과는 있으나 linked recommendation status가 REFERENCE_ONLY라서 정식 실행 추천이 아니라 실행 전 검토 후보로 유지합니다.,"GLD + DBC 조정은 물가·에너지 재상승 취약성을 낮추는 검토안이며 전후 지표는 CVaR 개선, MDD 개선, stress 악화으로 확인됩니다.",취약성 0.0312 감소; CVaR 0.23%p 개선; MDD 1.14%p 개선; stress 0.01%p 악화; Sharpe 0.02 악화,"FORMAL_ACTION 제외 사유: 기존 추천 gate 상태가 REFERENCE_ONLY입니다. stress/backtest, CVaR·MDD 안정성, 거래 제약 검증이 추가로 충족되어야 정식 추천으로 올릴 수 있습니다.",False,False,,같은 risk sleeve에서 더 적합한 액션이 선택되어 후보 감사 목록에만 남겼습니다.,"{""011200.KS"": 19.671008, ""207940.KS"": 19.671008, ""AVGO"": 10.062931, ""MSFT"": 19.671008, ""NVDA"": 19.671008, ""XOM"": 11.253036}","{""011200.KS"": 19.671008, ""207940.KS"": 19.671008, ""AVGO"": 10.062931, ""DBC"": 2.5, ""GLD"": 2.5, ""MSFT"": 19.671008, ""NVDA"": 14.671008, ""XOM"": 11.253036}"
action_235,FAIL_ACTION,TRIM_AND_HEDGE,inflation_energy_shock,물가·에너지 재상승,inflation_energy_shock,stagflation_reinflation_energy_shock,NVDA,NVDA,,DBC,DBC,DBC,FAIL_GATE,,,0.22580688,0.19795324,-0.02785364,12.3352,36.362,36.362,36.362,19.671008,14.671008,19.671008,14.671008,0.0,5.0,-0.029724515537877156,-0.02768005907048811,0.00204446,-0.29393945043893577,-0.28634988352741475,0.00758957,0.769429655515568,0.7054516697220298,-0.06397799,-0.000913795691816565,-0.0010675109522978784,-0.00015372,1.6152490595848201,1.583721138441076,-0.03152792,computed_from_action_before_after_weights,,10.000002,94.999999,5.0,PASS,stress worsened,물가·에너지 재상승 취약성을 만든 NVDA에 대해 DBC로 원인 보유자산 일부 축소 후 헷지를 적용하면 sleeve 취약도 변화가 -0.0279입니다. 정식 추천 기준은 미달해 검토 후보입니다.,기준 미통과: stress worsened,"DBC 조정은 물가·에너지 재상승 취약성은 일부 낮춰도 핵심 리스크 지표가 악화되어 실행 기준 미통과입니다. (CVaR 개선, MDD 개선, stress 악화)",취약성 0.0279 감소; CVaR 0.20%p 개선; MDD 0.76%p 개선; stress 0.02%p 악화; Sharpe 0.03 악화,stress worsened,False,False,,기준 미통과: stress worsened,"{""011200.KS"": 19.671008, ""207940.KS"": 19.671008, ""AVGO"": 10.062931, ""MSFT"": 19.671008, ""NVDA"": 19.671008, ""XOM"": 11.253036}","{""011200.KS"": 19.671008, ""207940.KS"": 19.671008, ""AVGO"": 10.062931, ""DBC"": 5.0, ""MSFT"": 19.671008, ""NVDA"": 14.671008, ""XOM"": 11.253036}"
action_237,FAIL_ACTION,TRIM_AND_HEDGE,inflation_energy_shock,물가·에너지 재상승,inflation_energy_shock,stagflation_reinflation_energy_shock,NVDA,NVDA,,USO,USO,USO,FAIL_GATE,,,0.22580688,0.2018292,-0.02397768,10.6187,36.362,36.362,36.362,19.671008,14.671008,19.671008,14.671008,0.0,5.0,-0.029724515537877156,-0.028247463368429305,0.00147705,-0.29393945043893577,-0.2997644059764625,-0.00582496,0.769429655515568,0.7178361779900632,-0.05159348,-0.000913795691816565,-0.0010787101762003537,-0.00016491,1.6152490595848201,1.571486859078776,-0.0437622,computed_from_action_before_after_weights,,10.000002,94.999999,5.0,PASS,MDD worsened; stress worsened,물가·에너지 재상승 취약성을 만든 NVDA에 대해 USO로 원인 보유자산 일부 축소 후 헷지를 적용하면 sleeve 취약도 변화가 -0.0240입니다. 정식 추천 기준은 미달해 검토 후보입니다.,기준 미통과: MDD worsened; stress worsened,"USO 조정은 물가·에너지 재상승 취약성은 일부 낮춰도 핵심 리스크 지표가 악화되어 실행 기준 미통과입니다. (CVaR 개선, MDD 악화, stress 악화)",취약성 0.0240 감소; CVaR 0.15%p 개선; MDD 0.58%p 악화; stress 0.02%p 악화; Sharpe 0.04 악화,MDD worsened; stress worsened,False,False,,기준 미통과: MDD worsened; stress worsened,"{""011200.KS"": 19.671008, ""207940.KS"": 19.671008, ""AVGO"": 10.062931, ""MSFT"": 19.671008, ""NVDA"": 19.671008, ""XOM"": 11.253036}","{""011200.KS"": 19.671008, ""207940.KS"": 19.671008, ""AVGO"": 10.062931, ""MSFT"": 19.671008, ""NVDA"": 14.671008, ""USO"": 5.0, ""XOM"": 11.253036}"
action_179,REVIEW_ACTION,TRIM_AND_HEDGE,inflation_energy_shock,물가·에너지 재상승,inflation_energy_shock,stagflation_reinflation_energy_shock,NVDA,NVDA,,TLT|IAU,TLT,TLT + IAU,REFERENCE_ONLY,,,0.22580688,0.2020866,-0.02372028,10.5047,36.362,36.362,36.362,19.671008,14.671008,19.671008,14.671008,0.0,2.5,-0.029724515537877156,-0.027160576555541195,0.00256394,-0.29393945043893577,-0.2763432122890831,0.01759624,0.769429655515568,0.6905058106679489,-0.07892384,-0.000913795691816565,-0.0008731945378806269,4.06e-05,1.6152490595848201,1.5994343675321498,-0.01581469,computed_from_action_before_after_weights,,10.000002,94.999999,5.0,PASS,,"물가·에너지 재상승 취약성을 만든 NVDA에 대해 TLT, IAU로 원인 보유자산 일부 축소 후 헷지를 적용하면 sleeve 취약도 변화가 -0.0237입니다. 정식 추천 기준은 미달해 검토 후보입니다.",취약성 완화 효과는 있으나 linked recommendation status가 REFERENCE_ONLY라서 정식 실행 추천이 아니라 실행 전 검토 후보로 유지합니다.,"TLT + IAU 조정은 물가·에너지 재상승 취약성을 낮추는 검토안이며 전후 지표는 CVaR 개선, MDD 개선, stress 개선으로 확인됩니다.",취약성 0.0237 감소; CVaR 0.26%p 개선; MDD 1.76%p 개선; stress 0.00%p 개선; Sharpe 0.02 악화,"FORMAL_ACTION 제외 사유: 기존 추천 gate 상태가 REFERENCE_ONLY입니다. stress/backtest, CVaR·MDD 안정성, 거래 제약 검증이 추가로 충족되어야 정식 추천으로 올릴 수 있습니다.",False,False,,같은 risk sleeve에서 더 적합한 액션이 선택되어 후보 감사 목록에만 남겼습니다.,"{""011200.KS"": 19.671008, ""207940.KS"": 19.671008, ""AVGO"": 10.062931, ""MSFT"": 19.671008, ""NVDA"": 19.671008, ""XOM"": 11.253036}","{""011200.KS"": 19.671008, ""207940.KS"": 19.671008, ""AVGO"": 10.062931, ""IAU"": 2.5, ""MSFT"": 19.671008, ""NVDA"": 14.671008, ""TLT"": 2.5, ""XOM"": 11.253036}"
action_175,REVIEW_ACTION,TRIM_AND_HEDGE,inflation_energy_shock,물가·에너지 재상승,inflation_energy_shock,stagflation_reinflation_energy_shock,NVDA,NVDA,,TLT|GLD,TLT,TLT + GLD,REFERENCE_ONLY,,,0.22580688,0.2021471,-0.02365978,10.4779,36.362,36.362,36.362,19.671008,14.671008,19.671008,14.671008,0.0,2.5,-0.029724515537877156,-0.02715889643299876,0.00256562,-0.29393945043893577,-0.27635713615099733,0.01758231,0.769429655515568,0.6905159119904459,-0.07891374,-0.000913795691816565,-0.0008737629646113012,4.003e-05,1.6152490595848201,1.5990601946423604,-0.01618886,computed_from_action_before_after_weights,,10.000002,94.999999,5.0,PASS,,"물가·에너지 재상승 취약성을 만든 NVDA에 대해 TLT, GLD로 원인 보유자산 일부 축소 후 헷지를 적용하면 sleeve 취약도 변화가 -0.0237입니다. 정식 추천 기준은 미달해 검토 후보입니다.",취약성 완화 효과는 있으나 linked recommendation status가 REFERENCE_ONLY라서 정식 실행 추천이 아니라 실행 전 검토 후보로 유지합니다.,"TLT + GLD 조정은 물가·에너지 재상승 취약성을 낮추는 검토안이며 전후 지표는 CVaR 개선, MDD 개선, stress 개선으로 확인됩니다.",취약성 0.0237 감소; CVaR 0.26%p 개선; MDD 1.76%p 개선; stress 0.00%p 개선; Sharpe 0.02 악화,"FORMAL_ACTION 제외 사유: 기존 추천 gate 상태가 REFERENCE_ONLY입니다. stress/backtest, CVaR·MDD 안정성, 거래 제약 검증이 추가로 충족되어야 정식 추천으로 올릴 수 있습니다.",False,False,,같은 risk sleeve에서 더 적합한 액션이 선택되어 후보 감사 목록에만 남겼습니다.,"{""011200.KS"": 19.671008, ""207940.KS"": 19.671008, ""AVGO"": 10.062931, ""MSFT"": 19.671008, ""NVDA"": 19.671008, ""XOM"": 11.253036}","{""011200.KS"": 19.671008, ""207940.KS"": 19.671008, ""AVGO"": 10.062931, ""GLD"": 2.5, ""MSFT"": 19.671008, ""NVDA"": 14.671008, ""TLT"": 2.5, ""XOM"": 11.253036}"
action_183,REVIEW_ACTION,TRIM_AND_HEDGE,inflation_energy_shock,물가·에너지 재상승,inflation_energy_shock,stagflation_reinflation_energy_shock,NVDA,NVDA,,IEF|IAU,IEF,IEF + IAU,REFERENCE_ONLY,,,0.22580688,0.20301044,-0.02279644,10.0955,36.362,36.362,36.362,19.671008,14.671008,19.671008,14.671008,0.0,2.5,-0.029724515537877156,-0.02720499922804013,0.00251952,-0.29393945043893577,-0.2766612556512261,0.01727819,0.769429655515568,0.6924406428506088,-0.07698901,-0.000913795691816565,-0.0008826581347422424,3.114e-05,1.6152490595848201,1.596398664520348,-0.0188504,computed_from_action_before_after_weights,,10.000002,94.999999,5.0,PASS,,"물가·에너지 재상승 취약성을 만든 NVDA에 대해 IEF, IAU로 원인 보유자산 일부 축소 후 헷지를 적용하면 sleeve 취약도 변화가 -0.0228입니다. 정식 추천 기준은 미달해 검토 후보입니다.",취약성 완화 효과는 있으나 linked recommendation status가 REFERENCE_ONLY라서 정식 실행 추천이 아니라 실행 전 검토 후보로 유지합니다.,"IEF + IAU 조정은 물가·에너지 재상승 취약성을 낮추는 검토안이며 전후 지표는 CVaR 개선, MDD 개선, stress 개선으로 확인됩니다.",취약성 0.0228 감소; CVaR 0.25%p 개선; MDD 1.73%p 개선; stress 0.00%p 개선; Sharpe 0.02 악화,"FORMAL_ACTION 제외 사유: 기존 추천 gate 상태가 REFERENCE_ONLY입니다. stress/backtest, CVaR·MDD 안정성, 거래 제약 검증이 추가로 충족되어야 정식 추천으로 올릴 수 있습니다.",False,False,,같은 risk sleeve에서 더 적합한 액션이 선택되어 후보 감사 목록에만 남겼습니다.,"{""011200.KS"": 19.671008, ""207940.KS"": 19.671008, ""AVGO"": 10.062931, ""MSFT"": 19.671008, ""NVDA"": 19.671008, ""XOM"": 11.253036}","{""011200.KS"": 19.671008, ""207940.KS"": 19.671008, ""AVGO"": 10.062931, ""IAU"": 2.5, ""IEF"": 2.5, ""MSFT"": 19.671008, ""NVDA"": 14.671008, ""XOM"": 11.253036}"
action_185,REVIEW_ACTION,TRIM_AND_HEDGE,inflation_energy_shock,물가·에너지 재상승,inflation_energy_shock,stagflation_reinflation_energy_shock,NVDA,NVDA,,IEF|GLD,IEF,IEF + GLD,REFERENCE_ONLY,,,0.22580688,0.20307094,-0.02273594,10.0688,36.362,36.362,36.362,19.671008,14.671008,19.671008,14.671008,0.0,2.5,-0.029724515537877156,-0.02720343059416424,0.00252108,-0.29393945043893577,-0.2766753200768092,0.01726413,0.769429655515568,0.6924507441731058,-0.07697891,-0.000913795691816565,-0.0008832265614729171,3.057e-05,1.6152490595848201,1.5960250607469442,-0.019224,computed_from_action_before_after_weights,,10.000002,94.999999,5.0,PASS,,"물가·에너지 재상승 취약성을 만든 NVDA에 대해 IEF, GLD로 원인 보유자산 일부 축소 후 헷지를 적용하면 sleeve 취약도 변화가 -0.0227입니다. 정식 추천 기준은 미달해 검토 후보입니다.",취약성 완화 효과는 있으나 linked recommendation status가 REFERENCE_ONLY라서 정식 실행 추천이 아니라 실행 전 검토 후보로 유지합니다.,"IEF + GLD 조정은 물가·에너지 재상승 취약성을 낮추는 검토안이며 전후 지표는 CVaR 개선, MDD 개선, stress 개선으로 확인됩니다.",취약성 0.0227 감소; CVaR 0.25%p 개선; MDD 1.73%p 개선; stress 0.00%p 개선; Sharpe 0.02 악화,"FORMAL_ACTION 제외 사유: 기존 추천 gate 상태가 REFERENCE_ONLY입니다. stress/backtest, CVaR·MDD 안정성, 거래 제약 검증이 추가로 충족되어야 정식 추천으로 올릴 수 있습니다.",False,False,,같은 risk sleeve에서 더 적합한 액션이 선택되어 후보 감사 목록에만 남겼습니다.,"{""011200.KS"": 19.671008, ""207940.KS"": 19.671008, ""AVGO"": 10.062931, ""MSFT"": 19.671008, ""NVDA"": 19.671008, ""XOM"": 11.253036}","{""011200.KS"": 19.671008, ""207940.KS"": 19.671008, ""AVGO"": 10.062931, ""GLD"": 2.5, ""IEF"": 2.5, ""MSFT"": 19.671008, ""NVDA"": 14.671008, ""XOM"": 11.253036}"
action_187,REVIEW_ACTION,TRIM_AND_HEDGE,inflation_energy_shock,물가·에너지 재상승,inflation_energy_shock,stagflation_reinflation_energy_shock,NVDA,NVDA,,SHY|IAU,SHY,SHY + IAU,REFERENCE_ONLY,,,0.22580688,0.2036606,-0.02214628,9.8076,36.362,36.362,36.362,19.671008,14.671008,19.671008,14.671008,0.0,2.5,-0.029724515537877156,-0.027238542036801316,0.00248597,-0.29393945043893577,-0.2769184814777439,0.01702097,0.769429655515568,0.6936383447118714,-0.07579131,-0.000913795691816565,-0.0008882352087527345,2.556e-05,1.6152490595848201,1.594650973825004,-0.02059809,computed_from_action_before_after_weights,,10.000002,94.999999,5.0,PASS,,"물가·에너지 재상승 취약성을 만든 NVDA에 대해 SHY, IAU로 원인 보유자산 일부 축소 후 헷지를 적용하면 sleeve 취약도 변화가 -0.0221입니다. 정식 추천 기준은 미달해 검토 후보입니다.",취약성 완화 효과는 있으나 linked recommendation status가 REFERENCE_ONLY라서 정식 실행 추천이 아니라 실행 전 검토 후보로 유지합니다.,"SHY + IAU 조정은 물가·에너지 재상승 취약성을 낮추는 검토안이며 전후 지표는 CVaR 개선, MDD 개선, stress 개선으로 확인됩니다.",취약성 0.0221 감소; CVaR 0.25%p 개선; MDD 1.70%p 개선; stress 0.00%p 개선; Sharpe 0.02 악화,"FORMAL_ACTION 제외 사유: 기존 추천 gate 상태가 REFERENCE_ONLY입니다. stress/backtest, CVaR·MDD 안정성, 거래 제약 검증이 추가로 충족되어야 정식 추천으로 올릴 수 있습니다.",False,False,,같은 risk sleeve에서 더 적합한 액션이 선택되어 후보 감사 목록에만 남겼습니다.,"{""011200.KS"": 19.671008, ""207940.KS"": 19.671008, ""AVGO"": 10.062931, ""MSFT"": 19.671008, ""NVDA"": 19.671008, ""XOM"": 11.253036}","{""011200.KS"": 19.671008, ""207940.KS"": 19.671008, ""AVGO"": 10.062931, ""IAU"": 2.5, ""MSFT"": 19.671008, ""NVDA"": 14.671008, ""SHY"": 2.5, ""XOM"": 11.253036}"
action_189,REVIEW_ACTION,TRIM_AND_HEDGE,inflation_energy_shock,물가·에너지 재상승,inflation_energy_shock,stagflation_reinflation_energy_shock,NVDA,NVDA,,GLD|SHY,GLD,GLD + SHY,REFERENCE_ONLY,,,0.22580688,0.2037211,-0.02208578,9.7808,36.362,36.362,36.362,19.671008,14.671008,19.671008,14.671008,0.0,2.5,-0.029724515537877156,-0.027237053396875113,0.00248746,-0.29393945043893577,-0.27693258384701347,0.01700687,0.769429655515568,0.6936484460343684,-0.07578121,-0.000913795691816565,-0.0008888036354834089,2.499e-05,1.6152490595848201,1.5942776949053876,-0.02097136,computed_from_action_before_after_weights,,10.000002,94.999999,5.0,PASS,,"물가·에너지 재상승 취약성을 만든 NVDA에 대해 GLD, SHY로 원인 보유자산 일부 축소 후 헷지를 적용하면 sleeve 취약도 변화가 -0.0221입니다. 정식 추천 기준은 미달해 검토 후보입니다.",취약성 완화 효과는 있으나 linked recommendation status가 REFERENCE_ONLY라서 정식 실행 추천이 아니라 실행 전 검토 후보로 유지합니다.,"GLD + SHY 조정은 물가·에너지 재상승 취약성을 낮추는 검토안이며 전후 지표는 CVaR 개선, MDD 개선, stress 개선으로 확인됩니다.",취약성 0.0221 감소; CVaR 0.25%p 개선; MDD 1.70%p 개선; stress 0.00%p 개선; Sharpe 0.02 악화,"FORMAL_ACTION 제외 사유: 기존 추천 gate 상태가 REFERENCE_ONLY입니다. stress/backtest, CVaR·MDD 안정성, 거래 제약 검증이 추가로 충족되어야 정식 추천으로 올릴 수 있습니다.",False,False,,같은 risk sleeve에서 더 적합한 액션이 선택되어 후보 감사 목록에만 남겼습니다.,"{""011200.KS"": 19.671008, ""207940.KS"": 19.671008, ""AVGO"": 10.062931, ""MSFT"": 19.671008, ""NVDA"": 19.671008, ""XOM"": 11.253036}","{""011200.KS"": 19.671008, ""207940.KS"": 19.671008, ""AVGO"": 10.062931, ""GLD"": 2.5, ""MSFT"": 19.671008, ""NVDA"": 14.671008, ""SHY"": 2.5, ""XOM"": 11.253036}"
action_276,REVIEW_ACTION,TRIM_AND_HEDGE,recession_liquidity_stress,침체·유동성 스트레스,recession_liquidity_stress,acute_global_stress_liquidity_crunch|slowdown_recession_deflation_risk,NVDA,NVDA,,TLT,TLT,TLT,REFERENCE_ONLY,,,0.20252738,0.17723621,-0.02529117,12.4878,36.0106,36.0106,36.0106,19.671008,14.671008,19.671008,14.671008,0.0,5.0,-0.029724515537877156,-0.02706867775956046,0.00265584,-0.29393945043893577,-0.2740706701245982,0.01986878,0.769429655515568,0.6865434829000515,-0.08288617,-0.000913795691816565,-0.0008643776185776486,4.942e-05,1.6152490595848201,1.585375749785801,-0.02987331,computed_from_action_before_after_weights,,10.000002,94.999999,5.0,PASS,,침체·유동성 스트레스 취약성을 만든 NVDA에 대해 TLT로 원인 보유자산 일부 축소 후 헷지를 적용하면 sleeve 취약도 변화가 -0.0253입니다. 정식 추천 기준은 미달해 검토 후보입니다.,취약성 완화 효과는 있으나 linked recommendation status가 REFERENCE_ONLY라서 정식 실행 추천이 아니라 실행 전 검토 후보로 유지합니다.,"TLT 조정은 침체·유동성 스트레스 취약성을 낮추는 검토안이며 전후 지표는 CVaR 개선, MDD 개선, stress 개선으로 확인됩니다.",취약성 0.0253 감소; CVaR 0.27%p 개선; MDD 1.99%p 개선; stress 0.00%p 개선; Sharpe 0.03 악화,"FORMAL_ACTION 제외 사유: 기존 추천 gate 상태가 REFERENCE_ONLY입니다. stress/backtest, CVaR·MDD 안정성, 거래 제약 검증이 추가로 충족되어야 정식 추천으로 올릴 수 있습니다.",False,True,취약성 기여가 큰 보유자산이 확인되어 단순 추가 헷지보다 TRIM_AND_HEDGE가 우선입니다.,,"{""011200.KS"": 19.671008, ""207940.KS"": 19.671008, ""AVGO"": 10.062931, ""MSFT"": 19.671008, ""NVDA"": 19.671008, ""XOM"": 11.253036}","{""011200.KS"": 19.671008, ""207940.KS"": 19.671008, ""AVGO"": 10.062931, ""MSFT"": 19.671008, ""NVDA"": 14.671008, ""TLT"": 5.0, ""XOM"": 11.253036}"
action_286,REVIEW_ACTION,TRIM_AND_HEDGE,recession_liquidity_stress,침체·유동성 스트레스,recession_liquidity_stress,acute_global_stress_liquidity_crunch|slowdown_recession_deflation_risk,NVDA,NVDA,,IEF,IEF,IEF,REFERENCE_ONLY,,,0.20252738,0.17891529,-0.02361209,11.6587,36.0106,36.0106,36.0106,19.671008,14.671008,19.671008,14.671008,0.0,5.0,-0.029724515537877156,-0.02715029736278271,0.00257422,-0.29393945043893577,-0.2746998548330196,0.0192396,0.769429655515568,0.6904131472653712,-0.07901651,-0.000913795691816565,-0.0008833048123008808,3.049e-05,1.6152490595848201,1.57970862346853,-0.03554044,computed_from_action_before_after_weights,,10.000002,94.999999,5.0,PASS,,침체·유동성 스트레스 취약성을 만든 NVDA에 대해 IEF로 원인 보유자산 일부 축소 후 헷지를 적용하면 sleeve 취약도 변화가 -0.0236입니다. 정식 추천 기준은 미달해 검토 후보입니다.,취약성 완화 효과는 있으나 linked recommendation status가 REFERENCE_ONLY라서 정식 실행 추천이 아니라 실행 전 검토 후보로 유지합니다.,"IEF 조정은 침체·유동성 스트레스 취약성을 낮추는 검토안이며 전후 지표는 CVaR 개선, MDD 개선, stress 개선으로 확인됩니다.",취약성 0.0236 감소; CVaR 0.26%p 개선; MDD 1.92%p 개선; stress 0.00%p 개선; Sharpe 0.04 악화,"FORMAL_ACTION 제외 사유: 기존 추천 gate 상태가 REFERENCE_ONLY입니다. stress/backtest, CVaR·MDD 안정성, 거래 제약 검증이 추가로 충족되어야 정식 추천으로 올릴 수 있습니다.",False,False,,같은 risk sleeve에서 더 적합한 액션이 선택되어 후보 감사 목록에만 남겼습니다.,"{""011200.KS"": 19.671008, ""207940.KS"": 19.671008, ""AVGO"": 10.062931, ""MSFT"": 19.671008, ""NVDA"": 19.671008, ""XOM"": 11.253036}","{""011200.KS"": 19.671008, ""207940.KS"": 19.671008, ""AVGO"": 10.062931, ""IEF"": 5.0, ""MSFT"": 19.671008, ""NVDA"": 14.671008, ""XOM"": 11.253036}"
action_278,REVIEW_ACTION,TRIM_AND_HEDGE,recession_liquidity_stress,침체·유동성 스트레스,recession_liquidity_stress,acute_global_stress_liquidity_crunch|slowdown_recession_deflation_risk,NVDA,NVDA,,TLT|IAU,TLT,TLT + IAU,REFERENCE_ONLY,,,0.20252738,0.17913244,-0.02339494,11.5515,36.0106,36.0106,36.0106,19.671008,14.671008,19.671008,14.671008,0.0,2.5,-0.029724515537877156,-0.027160576555541195,0.00256394,-0.29393945043893577,-0.2763432122890831,0.01759624,0.769429655515568,0.6905058106679489,-0.07892384,-0.000913795691816565,-0.0008731945378806269,4.06e-05,1.6152490595848201,1.5994343675321498,-0.01581469,computed_from_action_before_after_weights,,10.000002,94.999999,5.0,PASS,,"침체·유동성 스트레스 취약성을 만든 NVDA에 대해 TLT, IAU로 원인 보유자산 일부 축소 후 헷지를 적용하면 sleeve 취약도 변화가 -0.0234입니다. 정식 추천 기준은 미달해 검토 후보입니다.",취약성 완화 효과는 있으나 linked recommendation status가 REFERENCE_ONLY라서 정식 실행 추천이 아니라 실행 전 검토 후보로 유지합니다.,"TLT + IAU 조정은 침체·유동성 스트레스 취약성을 낮추는 검토안이며 전후 지표는 CVaR 개선, MDD 개선, stress 개선으로 확인됩니다.",취약성 0.0234 감소; CVaR 0.26%p 개선; MDD 1.76%p 개선; stress 0.00%p 개선; Sharpe 0.02 악화,"FORMAL_ACTION 제외 사유: 기존 추천 gate 상태가 REFERENCE_ONLY입니다. stress/backtest, CVaR·MDD 안정성, 거래 제약 검증이 추가로 충족되어야 정식 추천으로 올릴 수 있습니다.",False,False,,같은 risk sleeve에서 더 적합한 액션이 선택되어 후보 감사 목록에만 남겼습니다.,"{""011200.KS"": 19.671008, ""207940.KS"": 19.671008, ""AVGO"": 10.062931, ""MSFT"": 19.671008, ""NVDA"": 19.671008, ""XOM"": 11.253036}","{""011200.KS"": 19.671008, ""207940.KS"": 19.671008, ""AVGO"": 10.062931, ""IAU"": 2.5, ""MSFT"": 19.671008, ""NVDA"": 14.671008, ""TLT"": 2.5, ""XOM"": 11.253036}"
action_272,REVIEW_ACTION,TRIM_AND_HEDGE,recession_liquidity_stress,침체·유동성 스트레스,recession_liquidity_stress,acute_global_stress_liquidity_crunch|slowdown_recession_deflation_risk,NVDA,NVDA,,TLT|GLD,TLT,TLT + GLD,REFERENCE_ONLY,,,0.20252738,0.17919236,-0.02333502,11.5219,36.0106,36.0106,36.0106,19.671008,14.671008,19.671008,14.671008,0.0,2.5,-0.029724515537877156,-0.02715889643299876,0.00256562,-0.29393945043893577,-0.27635713615099733,0.01758231,0.769429655515568,0.6905159119904459,-0.07891374,-0.000913795691816565,-0.0008737629646113012,4.003e-05,1.6152490595848201,1.5990601946423604,-0.01618886,computed_from_action_before_after_weights,,10.000002,94.999999,5.0,PASS,,"침체·유동성 스트레스 취약성을 만든 NVDA에 대해 TLT, GLD로 원인 보유자산 일부 축소 후 헷지를 적용하면 sleeve 취약도 변화가 -0.0233입니다. 정식 추천 기준은 미달해 검토 후보입니다.",취약성 완화 효과는 있으나 linked recommendation status가 REFERENCE_ONLY라서 정식 실행 추천이 아니라 실행 전 검토 후보로 유지합니다.,"TLT + GLD 조정은 침체·유동성 스트레스 취약성을 낮추는 검토안이며 전후 지표는 CVaR 개선, MDD 개선, stress 개선으로 확인됩니다.",취약성 0.0233 감소; CVaR 0.26%p 개선; MDD 1.76%p 개선; stress 0.00%p 개선; Sharpe 0.02 악화,"FORMAL_ACTION 제외 사유: 기존 추천 gate 상태가 REFERENCE_ONLY입니다. stress/backtest, CVaR·MDD 안정성, 거래 제약 검증이 추가로 충족되어야 정식 추천으로 올릴 수 있습니다.",False,False,,같은 risk sleeve에서 더 적합한 액션이 선택되어 후보 감사 목록에만 남겼습니다.,"{""011200.KS"": 19.671008, ""207940.KS"": 19.671008, ""AVGO"": 10.062931, ""MSFT"": 19.671008, ""NVDA"": 19.671008, ""XOM"": 11.253036}","{""011200.KS"": 19.671008, ""207940.KS"": 19.671008, ""AVGO"": 10.062931, ""GLD"": 2.5, ""MSFT"": 19.671008, ""NVDA"": 14.671008, ""TLT"": 2.5, ""XOM"": 11.253036}"
action_282,REVIEW_ACTION,TRIM_AND_HEDGE,recession_liquidity_stress,침체·유동성 스트레스,recession_liquidity_stress,acute_global_stress_liquidity_crunch|slowdown_recession_deflation_risk,NVDA,NVDA,,IEF|IAU,IEF,IEF + IAU,REFERENCE_ONLY,,,0.20252738,0.17997198,-0.0225554,11.137,36.0106,36.0106,36.0106,19.671008,14.671008,19.671008,14.671008,0.0,2.5,-0.029724515537877156,-0.02720499922804013,0.00251952,-0.29393945043893577,-0.2766612556512261,0.01727819,0.769429655515568,0.6924406428506088,-0.07698901,-0.000913795691816565,-0.0008826581347422424,3.114e-05,1.6152490595848201,1.596398664520348,-0.0188504,computed_from_action_before_after_weights,,10.000002,94.999999,5.0,PASS,,"침체·유동성 스트레스 취약성을 만든 NVDA에 대해 IEF, IAU로 원인 보유자산 일부 축소 후 헷지를 적용하면 sleeve 취약도 변화가 -0.0226입니다. 정식 추천 기준은 미달해 검토 후보입니다.",취약성 완화 효과는 있으나 linked recommendation status가 REFERENCE_ONLY라서 정식 실행 추천이 아니라 실행 전 검토 후보로 유지합니다.,"IEF + IAU 조정은 침체·유동성 스트레스 취약성을 낮추는 검토안이며 전후 지표는 CVaR 개선, MDD 개선, stress 개선으로 확인됩니다.",취약성 0.0226 감소; CVaR 0.25%p 개선; MDD 1.73%p 개선; stress 0.00%p 개선; Sharpe 0.02 악화,"FORMAL_ACTION 제외 사유: 기존 추천 gate 상태가 REFERENCE_ONLY입니다. stress/backtest, CVaR·MDD 안정성, 거래 제약 검증이 추가로 충족되어야 정식 추천으로 올릴 수 있습니다.",False,False,,같은 risk sleeve에서 더 적합한 액션이 선택되어 후보 감사 목록에만 남겼습니다.,"{""011200.KS"": 19.671008, ""207940.KS"": 19.671008, ""AVGO"": 10.062931, ""MSFT"": 19.671008, ""NVDA"": 19.671008, ""XOM"": 11.253036}","{""011200.KS"": 19.671008, ""207940.KS"": 19.671008, ""AVGO"": 10.062931, ""IAU"": 2.5, ""IEF"": 2.5, ""MSFT"": 19.671008, ""NVDA"": 14.671008, ""XOM"": 11.253036}"
action_284,REVIEW_ACTION,TRIM_AND_HEDGE,recession_liquidity_stress,침체·유동성 스트레스,recession_liquidity_stress,acute_global_stress_liquidity_crunch|slowdown_recession_deflation_risk,NVDA,NVDA,,IEF|GLD,IEF,IEF + GLD,REFERENCE_ONLY,,,0.20252738,0.1800319,-0.02249548,11.1074,36.0106,36.0106,36.0106,19.671008,14.671008,19.671008,14.671008,0.0,2.5,-0.029724515537877156,-0.02720343059416424,0.00252108,-0.29393945043893577,-0.2766753200768092,0.01726413,0.769429655515568,0.6924507441731058,-0.07697891,-0.000913795691816565,-0.0008832265614729171,3.057e-05,1.6152490595848201,1.5960250607469442,-0.019224,computed_from_action_before_after_weights,,10.000002,94.999999,5.0,PASS,,"침체·유동성 스트레스 취약성을 만든 NVDA에 대해 IEF, GLD로 원인 보유자산 일부 축소 후 헷지를 적용하면 sleeve 취약도 변화가 -0.0225입니다. 정식 추천 기준은 미달해 검토 후보입니다.",취약성 완화 효과는 있으나 linked recommendation status가 REFERENCE_ONLY라서 정식 실행 추천이 아니라 실행 전 검토 후보로 유지합니다.,"IEF + GLD 조정은 침체·유동성 스트레스 취약성을 낮추는 검토안이며 전후 지표는 CVaR 개선, MDD 개선, stress 개선으로 확인됩니다.",취약성 0.0225 감소; CVaR 0.25%p 개선; MDD 1.73%p 개선; stress 0.00%p 개선; Sharpe 0.02 악화,"FORMAL_ACTION 제외 사유: 기존 추천 gate 상태가 REFERENCE_ONLY입니다. stress/backtest, CVaR·MDD 안정성, 거래 제약 검증이 추가로 충족되어야 정식 추천으로 올릴 수 있습니다.",False,False,,같은 risk sleeve에서 더 적합한 액션이 선택되어 후보 감사 목록에만 남겼습니다.,"{""011200.KS"": 19.671008, ""207940.KS"": 19.671008, ""AVGO"": 10.062931, ""MSFT"": 19.671008, ""NVDA"": 19.671008, ""XOM"": 11.253036}","{""011200.KS"": 19.671008, ""207940.KS"": 19.671008, ""AVGO"": 10.062931, ""GLD"": 2.5, ""IEF"": 2.5, ""MSFT"": 19.671008, ""NVDA"": 14.671008, ""XOM"": 11.253036}"
action_320,REVIEW_ACTION,TRIM_AND_HEDGE,recession_liquidity_stress,침체·유동성 스트레스,recession_liquidity_stress,acute_global_stress_liquidity_crunch|slowdown_recession_deflation_risk,NVDA,NVDA,,SHY,SHY,SHY,FAIL_GATE,,,0.20252738,0.18010327,-0.02242411,11.0721,36.0106,36.0106,36.0106,19.671008,14.671008,19.671008,14.671008,0.0,5.0,-0.029724515537877156,-0.027223247308407316,0.00250127,-0.29393945043893577,-0.275214787404756,0.01872466,0.769429655515568,0.6928085509878963,-0.0766211,-0.000913795691816565,-0.0008944589603218649,1.934e-05,1.6152490595848201,1.5762063322296624,-0.03904273,computed_from_action_before_after_weights,,10.000002,94.999999,5.0,PASS,,침체·유동성 스트레스 취약성을 만든 NVDA에 대해 SHY로 원인 보유자산 일부 축소 후 헷지를 적용하면 sleeve 취약도 변화가 -0.0224입니다. 정식 추천 기준은 미달해 검토 후보입니다.,취약성 완화 효과는 있으나 linked recommendation status가 FAIL_GATE라서 정식 실행 추천이 아니라 실행 전 검토 후보로 유지합니다.,"SHY 조정은 침체·유동성 스트레스 취약성을 낮추는 검토안이며 전후 지표는 CVaR 개선, MDD 개선, stress 개선으로 확인됩니다.",취약성 0.0224 감소; CVaR 0.25%p 개선; MDD 1.87%p 개선; stress 0.00%p 개선; Sharpe 0.04 악화,"FORMAL_ACTION 제외 사유: 기존 추천 gate 상태가 FAIL_GATE입니다. stress/backtest, CVaR·MDD 안정성, 거래 제약 검증이 추가로 충족되어야 정식 추천으로 올릴 수 있습니다.",False,False,,같은 risk sleeve에서 더 적합한 액션이 선택되어 후보 감사 목록에만 남겼습니다.,"{""011200.KS"": 19.671008, ""207940.KS"": 19.671008, ""AVGO"": 10.062931, ""MSFT"": 19.671008, ""NVDA"": 19.671008, ""XOM"": 11.253036}","{""011200.KS"": 19.671008, ""207940.KS"": 19.671008, ""AVGO"": 10.062931, ""MSFT"": 19.671008, ""NVDA"": 14.671008, ""SHY"": 5.0, ""XOM"": 11.253036}"
action_288,REVIEW_ACTION,TRIM_AND_HEDGE,recession_liquidity_stress,침체·유동성 스트레스,recession_liquidity_stress,acute_global_stress_liquidity_crunch|slowdown_recession_deflation_risk,NVDA,NVDA,,SHY|IAU,SHY,SHY + IAU,REFERENCE_ONLY,,,0.20252738,0.18056597,-0.02196141,10.8437,36.0106,36.0106,36.0106,19.671008,14.671008,19.671008,14.671008,0.0,2.5,-0.029724515537877156,-0.027238542036801316,0.00248597,-0.29393945043893577,-0.2769184814777439,0.01702097,0.769429655515568,0.6936383447118714,-0.07579131,-0.000913795691816565,-0.0008882352087527345,2.556e-05,1.6152490595848201,1.594650973825004,-0.02059809,computed_from_action_before_after_weights,,10.000002,94.999999,5.0,PASS,,"침체·유동성 스트레스 취약성을 만든 NVDA에 대해 SHY, IAU로 원인 보유자산 일부 축소 후 헷지를 적용하면 sleeve 취약도 변화가 -0.0220입니다. 정식 추천 기준은 미달해 검토 후보입니다.",취약성 완화 효과는 있으나 linked recommendation status가 REFERENCE_ONLY라서 정식 실행 추천이 아니라 실행 전 검토 후보로 유지합니다.,"SHY + IAU 조정은 침체·유동성 스트레스 취약성을 낮추는 검토안이며 전후 지표는 CVaR 개선, MDD 개선, stress 개선으로 확인됩니다.",취약성 0.0220 감소; CVaR 0.25%p 개선; MDD 1.70%p 개선; stress 0.00%p 개선; Sharpe 0.02 악화,"FORMAL_ACTION 제외 사유: 기존 추천 gate 상태가 REFERENCE_ONLY입니다. stress/backtest, CVaR·MDD 안정성, 거래 제약 검증이 추가로 충족되어야 정식 추천으로 올릴 수 있습니다.",False,False,,같은 risk sleeve에서 더 적합한 액션이 선택되어 후보 감사 목록에만 남겼습니다.,"{""011200.KS"": 19.671008, ""207940.KS"": 19.671008, ""AVGO"": 10.062931, ""MSFT"": 19.671008, ""NVDA"": 19.671008, ""XOM"": 11.253036}","{""011200.KS"": 19.671008, ""207940.KS"": 19.671008, ""AVGO"": 10.062931, ""IAU"": 2.5, ""MSFT"": 19.671008, ""NVDA"": 14.671008, ""SHY"": 2.5, ""XOM"": 11.253036}"
action_290,REVIEW_ACTION,TRIM_AND_HEDGE,recession_liquidity_stress,침체·유동성 스트레스,recession_liquidity_stress,acute_global_stress_liquidity_crunch|slowdown_recession_deflation_risk,NVDA,NVDA,,GLD|SHY,GLD,GLD + SHY,REFERENCE_ONLY,,,0.20252738,0.18062589,-0.02190149,10.8141,36.0106,36.0106,36.0106,19.671008,14.671008,19.671008,14.671008,0.0,2.5,-0.029724515537877156,-0.027237053396875113,0.00248746,-0.29393945043893577,-0.27693258384701347,0.01700687,0.769429655515568,0.6936484460343684,-0.07578121,-0.000913795691816565,-0.0008888036354834089,2.499e-05,1.6152490595848201,1.5942776949053876,-0.02097136,computed_from_action_before_after_weights,,10.000002,94.999999,5.0,PASS,,"침체·유동성 스트레스 취약성을 만든 NVDA에 대해 GLD, SHY로 원인 보유자산 일부 축소 후 헷지를 적용하면 sleeve 취약도 변화가 -0.0219입니다. 정식 추천 기준은 미달해 검토 후보입니다.",취약성 완화 효과는 있으나 linked recommendation status가 REFERENCE_ONLY라서 정식 실행 추천이 아니라 실행 전 검토 후보로 유지합니다.,"GLD + SHY 조정은 침체·유동성 스트레스 취약성을 낮추는 검토안이며 전후 지표는 CVaR 개선, MDD 개선, stress 개선으로 확인됩니다.",취약성 0.0219 감소; CVaR 0.25%p 개선; MDD 1.70%p 개선; stress 0.00%p 개선; Sharpe 0.02 악화,"FORMAL_ACTION 제외 사유: 기존 추천 gate 상태가 REFERENCE_ONLY입니다. stress/backtest, CVaR·MDD 안정성, 거래 제약 검증이 추가로 충족되어야 정식 추천으로 올릴 수 있습니다.",False,False,,같은 risk sleeve에서 더 적합한 액션이 선택되어 후보 감사 목록에만 남겼습니다.,"{""011200.KS"": 19.671008, ""207940.KS"": 19.671008, ""AVGO"": 10.062931, ""MSFT"": 19.671008, ""NVDA"": 19.671008, ""XOM"": 11.253036}","{""011200.KS"": 19.671008, ""207940.KS"": 19.671008, ""AVGO"": 10.062931, ""GLD"": 2.5, ""MSFT"": 19.671008, ""NVDA"": 14.671008, ""SHY"": 2.5, ""XOM"": 11.253036}"
action_270,REVIEW_ACTION,TRIM_AND_HEDGE,recession_liquidity_stress,침체·유동성 스트레스,recession_liquidity_stress,acute_global_stress_liquidity_crunch|slowdown_recession_deflation_risk,NVDA,NVDA,,IAU,IAU,IAU,REFERENCE_ONLY,,,0.20252738,0.18102867,-0.02149871,10.6152,36.0106,36.0106,36.0106,19.671008,14.671008,19.671008,14.671008,0.0,5.0,-0.029724515537877156,-0.02726495683101788,0.00245956,-0.29393945043893577,-0.27862173248589983,0.01531772,0.769429655515568,0.6944681384358463,-0.07496152,-0.000913795691816565,-0.0008820114571836043,3.178e-05,1.6152490595848201,1.6124055212138335,-0.00284354,computed_from_action_before_after_weights,,10.000002,94.999999,5.0,PASS,,침체·유동성 스트레스 취약성을 만든 NVDA에 대해 IAU로 원인 보유자산 일부 축소 후 헷지를 적용하면 sleeve 취약도 변화가 -0.0215입니다. 정식 추천 기준은 미달해 검토 후보입니다.,취약성 완화 효과는 있으나 linked recommendation status가 REFERENCE_ONLY라서 정식 실행 추천이 아니라 실행 전 검토 후보로 유지합니다.,"IAU 조정은 침체·유동성 스트레스 취약성을 낮추는 검토안이며 전후 지표는 CVaR 개선, MDD 개선, stress 개선으로 확인됩니다.",취약성 0.0215 감소; CVaR 0.25%p 개선; MDD 1.53%p 개선; stress 0.00%p 개선; Sharpe 0.00 악화,"FORMAL_ACTION 제외 사유: 기존 추천 gate 상태가 REFERENCE_ONLY입니다. stress/backtest, CVaR·MDD 안정성, 거래 제약 검증이 추가로 충족되어야 정식 추천으로 올릴 수 있습니다.",False,False,,같은 risk sleeve에서 더 적합한 액션이 선택되어 후보 감사 목록에만 남겼습니다.,"{""011200.KS"": 19.671008, ""207940.KS"": 19.671008, ""AVGO"": 10.062931, ""MSFT"": 19.671008, ""NVDA"": 19.671008, ""XOM"": 11.253036}","{""011200.KS"": 19.671008, ""207940.KS"": 19.671008, ""AVGO"": 10.062931, ""IAU"": 5.0, ""MSFT"": 19.671008, ""NVDA"": 14.671008, ""XOM"": 11.253036}"
action_268,REVIEW_ACTION,TRIM_AND_HEDGE,recession_liquidity_stress,침체·유동성 스트레스,recession_liquidity_stress,acute_global_stress_liquidity_crunch|slowdown_recession_deflation_risk,NVDA,NVDA,,GLD,GLD,GLD,REFERENCE_ONLY,,,0.20252738,0.18114851,-0.02137887,10.556,36.0106,36.0106,36.0106,19.671008,14.671008,19.671008,14.671008,0.0,5.0,-0.029724515537877156,-0.02726184246239737,0.00246267,-0.29393945043893577,-0.2786499164914388,0.01528953,0.769429655515568,0.6944883410808405,-0.07494131,-0.000913795691816565,-0.0008831483106449533,3.065e-05,1.6152490595848201,1.6116520641832182,-0.003597,computed_from_action_before_after_weights,,10.000002,94.999999,5.0,PASS,,침체·유동성 스트레스 취약성을 만든 NVDA에 대해 GLD로 원인 보유자산 일부 축소 후 헷지를 적용하면 sleeve 취약도 변화가 -0.0214입니다. 정식 추천 기준은 미달해 검토 후보입니다.,취약성 완화 효과는 있으나 linked recommendation status가 REFERENCE_ONLY라서 정식 실행 추천이 아니라 실행 전 검토 후보로 유지합니다.,"GLD 조정은 침체·유동성 스트레스 취약성을 낮추는 검토안이며 전후 지표는 CVaR 개선, MDD 개선, stress 개선으로 확인됩니다.",취약성 0.0214 감소; CVaR 0.25%p 개선; MDD 1.53%p 개선; stress 0.00%p 개선; Sharpe 0.00 악화,"FORMAL_ACTION 제외 사유: 기존 추천 gate 상태가 REFERENCE_ONLY입니다. stress/backtest, CVaR·MDD 안정성, 거래 제약 검증이 추가로 충족되어야 정식 추천으로 올릴 수 있습니다.",False,False,,같은 risk sleeve에서 더 적합한 액션이 선택되어 후보 감사 목록에만 남겼습니다.,"{""011200.KS"": 19.671008, ""207940.KS"": 19.671008, ""AVGO"": 10.062931, ""MSFT"": 19.671008, ""NVDA"": 19.671008, ""XOM"": 11.253036}","{""011200.KS"": 19.671008, ""207940.KS"": 19.671008, ""AVGO"": 10.062931, ""GLD"": 5.0, ""MSFT"": 19.671008, ""NVDA"": 14.671008, ""XOM"": 11.253036}"
action_321,FAIL_ACTION,ADD_HEDGE,recession_liquidity_stress,침체·유동성 스트레스,recession_liquidity_stress,acute_global_stress_liquidity_crunch|slowdown_recession_deflation_risk,NVDA|MSFT|AVGO|XOM|207940.KS|011200.KS,NVDA,,TLT,TLT,TLT,FAIL_GATE,,,0.20252738,0.10124896,-0.10127843,50.0073,100.0,100.0,100.0,19.671008,13.7697,19.671008,13.7697,0.0,30.0,-0.029724515537877156,-0.02105501331294396,0.0086695,-0.29393945043893577,-0.19739298708299546,0.09654646,0.769429655515568,0.5448674378888279,-0.22456222,-0.000913795691816565,-0.00028821064285850754,0.00062559,1.6152490595848201,1.5815039908944613,-0.03374507,computed_from_action_before_after_weights,,60.0,70.0,5.0,FAIL,turnover 60.00% > 20.00%; existing kept 70.00% < 80.00%; candidate cap TLT 30.00% > 20.00%,침체·유동성 스트레스 액션은 turnover 60.00% > 20.00%; existing kept 70.00% < 80.00%; candidate cap TLT 30.00% > 20.00% 때문에 기준 미통과입니다.,기준 미통과: turnover 60.00% > 20.00%; existing kept 70.00% < 80.00%; candidate cap TLT 30.00% > 20.00%,"TLT 조정은 침체·유동성 스트레스 취약성은 일부 낮춰도 핵심 리스크 지표가 악화되어 실행 기준 미통과입니다. (CVaR 개선, MDD 개선, stress 개선)",취약성 0.1013 감소; CVaR 0.87%p 개선; MDD 9.65%p 개선; stress 0.06%p 개선; Sharpe 0.03 악화,turnover 60.00% > 20.00%; existing kept 70.00% < 80.00%; candidate cap TLT 30.00% > 20.00%,False,False,,기준 미통과: turnover 60.00% > 20.00%; existing kept 70.00% < 80.00%; candidate cap TLT 30.00% > 20.00%,"{""011200.KS"": 19.671008, ""207940.KS"": 19.671008, ""AVGO"": 10.062931, ""MSFT"": 19.671008, ""NVDA"": 19.671008, ""XOM"": 11.253036}","{""011200.KS"": 13.7697, ""207940.KS"": 13.7697, ""AVGO"": 7.0441, ""MSFT"": 13.7697, ""NVDA"": 13.7697, ""TLT"": 30.0, ""XOM"": 7.8771}"
action_343,REVIEW_ACTION,TRIM_AND_HEDGE,usdkrw_fx_korea,달러강세·원화약세,usdkrw_fx_korea,usd_strength_krw_weakness,207940.KS,207940.KS,MSFT|XOM|AVGO,TLT,TLT,TLT,REFERENCE_ONLY,,,0.15790588,0.11933432,-0.03857156,24.4269,53.4817,53.4817,53.4817,19.671008,14.671008,19.671008,14.671008,0.0,5.0,-0.029724515537877156,-0.02855381136757971,0.0011707,-0.29393945043893577,-0.2769448285890368,0.01699462,0.769429655515568,0.7701222654610397,0.00069261,-0.000913795691816565,-0.0007673547513489729,0.00014644,1.6152490595848201,1.6191698256086475,0.00392077,computed_from_action_before_after_weights,,10.000002,94.999999,5.0,PASS,,달러강세·원화약세 취약성을 만든 207940.KS에 대해 TLT로 원인 보유자산 일부 축소 후 헷지를 적용하면 sleeve 취약도 변화가 -0.0386입니다. 정식 추천 기준은 미달해 검토 후보입니다.,취약성 완화 효과는 있으나 linked recommendation status가 REFERENCE_ONLY라서 정식 실행 추천이 아니라 실행 전 검토 후보로 유지합니다.,"TLT 조정은 달러강세·원화약세 취약성을 낮추는 검토안이며 전후 지표는 CVaR 개선, MDD 개선, stress 개선으로 확인됩니다.",취약성 0.0386 감소; CVaR 0.12%p 개선; MDD 1.70%p 개선; stress 0.01%p 개선; Sharpe 0.00 개선,"FORMAL_ACTION 제외 사유: 기존 추천 gate 상태가 REFERENCE_ONLY입니다. stress/backtest, CVaR·MDD 안정성, 거래 제약 검증이 추가로 충족되어야 정식 추천으로 올릴 수 있습니다.",False,True,취약성 기여가 큰 보유자산이 확인되어 단순 추가 헷지보다 TRIM_AND_HEDGE가 우선입니다.,,"{""011200.KS"": 19.671008, ""207940.KS"": 19.671008, ""AVGO"": 10.062931, ""MSFT"": 19.671008, ""NVDA"": 19.671008, ""XOM"": 11.253036}","{""011200.KS"": 19.671008, ""207940.KS"": 14.671008, ""AVGO"": 10.062931, ""MSFT"": 19.671008, ""NVDA"": 19.671008, ""TLT"": 5.0, ""XOM"": 11.253036}"
action_345,REVIEW_ACTION,TRIM_AND_HEDGE,usdkrw_fx_korea,달러강세·원화약세,usdkrw_fx_korea,usd_strength_krw_weakness,207940.KS,207940.KS,MSFT|XOM|AVGO,TLT|IAU,TLT,TLT + IAU,REFERENCE_ONLY,,,0.15790588,0.120387,-0.03751888,23.7603,53.4817,53.4817,53.4817,19.671008,14.671008,19.671008,14.671008,0.0,2.5,-0.029724515537877156,-0.028624020470440218,0.0011005,-0.29393945043893577,-0.27685699146102927,0.01708246,0.769429655515568,0.7740845932289372,0.00465494,-0.000913795691816565,-0.0007761716706519515,0.00013762,1.6152490595848201,1.6327597575091908,0.0175107,computed_from_action_before_after_weights,,10.000002,94.999999,5.0,PASS,,"달러강세·원화약세 취약성을 만든 207940.KS에 대해 TLT, IAU로 원인 보유자산 일부 축소 후 헷지를 적용하면 sleeve 취약도 변화가 -0.0375입니다. 정식 추천 기준은 미달해 검토 후보입니다.",취약성 완화 효과는 있으나 linked recommendation status가 REFERENCE_ONLY라서 정식 실행 추천이 아니라 실행 전 검토 후보로 유지합니다.,"TLT + IAU 조정은 달러강세·원화약세 취약성을 낮추는 검토안이며 전후 지표는 CVaR 개선, MDD 개선, stress 개선으로 확인됩니다.",취약성 0.0375 감소; CVaR 0.11%p 개선; MDD 1.71%p 개선; stress 0.01%p 개선; Sharpe 0.02 개선,"FORMAL_ACTION 제외 사유: 기존 추천 gate 상태가 REFERENCE_ONLY입니다. stress/backtest, CVaR·MDD 안정성, 거래 제약 검증이 추가로 충족되어야 정식 추천으로 올릴 수 있습니다.",False,False,,같은 risk sleeve에서 더 적합한 액션이 선택되어 후보 감사 목록에만 남겼습니다.,"{""011200.KS"": 19.671008, ""207940.KS"": 19.671008, ""AVGO"": 10.062931, ""MSFT"": 19.671008, ""NVDA"": 19.671008, ""XOM"": 11.253036}","{""011200.KS"": 19.671008, ""207940.KS"": 14.671008, ""AVGO"": 10.062931, ""IAU"": 2.5, ""MSFT"": 19.671008, ""NVDA"": 19.671008, ""TLT"": 2.5, ""XOM"": 11.253036}"
action_339,REVIEW_ACTION,TRIM_AND_HEDGE,usdkrw_fx_korea,달러강세·원화약세,usdkrw_fx_korea,usd_strength_krw_weakness,207940.KS,207940.KS,MSFT|XOM|AVGO,TLT|GLD,TLT,TLT + GLD,REFERENCE_ONLY,,,0.15790588,0.12039438,-0.0375115,23.7556,53.4817,53.4817,53.4817,19.671008,14.671008,19.671008,14.671008,0.0,2.5,-0.029724515537877156,-0.028621858128576972,0.00110266,-0.29393945043893577,-0.2767810886613017,0.01715836,0.769429655515568,0.7740946945514342,0.00466504,-0.000913795691816565,-0.0007767400973826258,0.00013706,1.6152490595848201,1.6323933835292674,0.01714432,computed_from_action_before_after_weights,,10.000002,94.999999,5.0,PASS,,"달러강세·원화약세 취약성을 만든 207940.KS에 대해 TLT, GLD로 원인 보유자산 일부 축소 후 헷지를 적용하면 sleeve 취약도 변화가 -0.0375입니다. 정식 추천 기준은 미달해 검토 후보입니다.",취약성 완화 효과는 있으나 linked recommendation status가 REFERENCE_ONLY라서 정식 실행 추천이 아니라 실행 전 검토 후보로 유지합니다.,"TLT + GLD 조정은 달러강세·원화약세 취약성을 낮추는 검토안이며 전후 지표는 CVaR 개선, MDD 개선, stress 개선으로 확인됩니다.",취약성 0.0375 감소; CVaR 0.11%p 개선; MDD 1.72%p 개선; stress 0.01%p 개선; Sharpe 0.02 개선,"FORMAL_ACTION 제외 사유: 기존 추천 gate 상태가 REFERENCE_ONLY입니다. stress/backtest, CVaR·MDD 안정성, 거래 제약 검증이 추가로 충족되어야 정식 추천으로 올릴 수 있습니다.",False,False,,같은 risk sleeve에서 더 적합한 액션이 선택되어 후보 감사 목록에만 남겼습니다.,"{""011200.KS"": 19.671008, ""207940.KS"": 19.671008, ""AVGO"": 10.062931, ""MSFT"": 19.671008, ""NVDA"": 19.671008, ""XOM"": 11.253036}","{""011200.KS"": 19.671008, ""207940.KS"": 14.671008, ""AVGO"": 10.062931, ""GLD"": 2.5, ""MSFT"": 19.671008, ""NVDA"": 19.671008, ""TLT"": 2.5, ""XOM"": 11.253036}"
action_353,REVIEW_ACTION,TRIM_AND_HEDGE,usdkrw_fx_korea,달러강세·원화약세,usdkrw_fx_korea,usd_strength_krw_weakness,207940.KS,207940.KS,MSFT|XOM|AVGO,IEF,IEF,IEF,REFERENCE_ONLY,,,0.15790588,0.12039936,-0.03750652,23.7525,53.4817,53.4817,53.4817,19.671008,14.671008,19.671008,14.671008,0.0,5.0,-0.029724515537877156,-0.02861529864045117,0.00110922,-0.29393945043893577,-0.2776999559542044,0.01623949,0.769429655515568,0.7739919298263596,0.00456227,-0.000913795691816565,-0.0007862819450722053,0.00012751,1.6152490595848201,1.6135795962786608,-0.00166946,computed_from_action_before_after_weights,,10.000002,94.999999,5.0,PASS,,달러강세·원화약세 취약성을 만든 207940.KS에 대해 IEF로 원인 보유자산 일부 축소 후 헷지를 적용하면 sleeve 취약도 변화가 -0.0375입니다. 정식 추천 기준은 미달해 검토 후보입니다.,취약성 완화 효과는 있으나 linked recommendation status가 REFERENCE_ONLY라서 정식 실행 추천이 아니라 실행 전 검토 후보로 유지합니다.,"IEF 조정은 달러강세·원화약세 취약성을 낮추는 검토안이며 전후 지표는 CVaR 개선, MDD 개선, stress 개선으로 확인됩니다.",취약성 0.0375 감소; CVaR 0.11%p 개선; MDD 1.62%p 개선; stress 0.01%p 개선; Sharpe 0.00 악화,"FORMAL_ACTION 제외 사유: 기존 추천 gate 상태가 REFERENCE_ONLY입니다. stress/backtest, CVaR·MDD 안정성, 거래 제약 검증이 추가로 충족되어야 정식 추천으로 올릴 수 있습니다.",False,False,,같은 risk sleeve에서 더 적합한 액션이 선택되어 후보 감사 목록에만 남겼습니다.,"{""011200.KS"": 19.671008, ""207940.KS"": 19.671008, ""AVGO"": 10.062931, ""MSFT"": 19.671008, ""NVDA"": 19.671008, ""XOM"": 11.253036}","{""011200.KS"": 19.671008, ""207940.KS"": 14.671008, ""AVGO"": 10.062931, ""IEF"": 5.0, ""MSFT"": 19.671008, ""NVDA"": 19.671008, ""XOM"": 11.253036}"
action_349,REVIEW_ACTION,TRIM_AND_HEDGE,usdkrw_fx_korea,달러강세·원화약세,usdkrw_fx_korea,usd_strength_krw_weakness,207940.KS,207940.KS,MSFT|XOM|AVGO,IEF|IAU,IEF,IEF + IAU,REFERENCE_ONLY,,,0.15790588,0.12091952,-0.03698636,23.423,53.4817,53.4817,53.4817,19.671008,14.671008,19.671008,14.671008,0.0,2.5,-0.029724515537877156,-0.028663687922790285,0.00106083,-0.29393945043893577,-0.2772348729375689,0.01670458,0.769429655515568,0.776019425411597,0.00658977,-0.000913795691816565,-0.0007856352675135671,0.00012816,1.6152490595848201,1.6297767077231056,0.01452765,computed_from_action_before_after_weights,,10.000002,94.999999,5.0,PASS,,"달러강세·원화약세 취약성을 만든 207940.KS에 대해 IEF, IAU로 원인 보유자산 일부 축소 후 헷지를 적용하면 sleeve 취약도 변화가 -0.0370입니다. 정식 추천 기준은 미달해 검토 후보입니다.",취약성 완화 효과는 있으나 linked recommendation status가 REFERENCE_ONLY라서 정식 실행 추천이 아니라 실행 전 검토 후보로 유지합니다.,"IEF + IAU 조정은 달러강세·원화약세 취약성을 낮추는 검토안이며 전후 지표는 CVaR 개선, MDD 개선, stress 개선으로 확인됩니다.",취약성 0.0370 감소; CVaR 0.11%p 개선; MDD 1.67%p 개선; stress 0.01%p 개선; Sharpe 0.01 개선,"FORMAL_ACTION 제외 사유: 기존 추천 gate 상태가 REFERENCE_ONLY입니다. stress/backtest, CVaR·MDD 안정성, 거래 제약 검증이 추가로 충족되어야 정식 추천으로 올릴 수 있습니다.",False,False,,같은 risk sleeve에서 더 적합한 액션이 선택되어 후보 감사 목록에만 남겼습니다.,"{""011200.KS"": 19.671008, ""207940.KS"": 19.671008, ""AVGO"": 10.062931, ""MSFT"": 19.671008, ""NVDA"": 19.671008, ""XOM"": 11.253036}","{""011200.KS"": 19.671008, ""207940.KS"": 14.671008, ""AVGO"": 10.062931, ""IAU"": 2.5, ""IEF"": 2.5, ""MSFT"": 19.671008, ""NVDA"": 19.671008, ""XOM"": 11.253036}"
action_351,REVIEW_ACTION,TRIM_AND_HEDGE,usdkrw_fx_korea,달러강세·원화약세,usdkrw_fx_korea,usd_strength_krw_weakness,207940.KS,207940.KS,MSFT|XOM|AVGO,IEF|GLD,IEF,IEF + GLD,REFERENCE_ONLY,,,0.15790588,0.1209269,-0.03697898,23.4184,53.4817,53.4817,53.4817,19.671008,14.671008,19.671008,14.671008,0.0,2.5,-0.029724515537877156,-0.028661630011468205,0.00106289,-0.29393945043893577,-0.27715901237583007,0.01678044,0.769429655515568,0.7760295267340941,0.00659987,-0.000913795691816565,-0.0007862036942442416,0.00012759,1.6152490595848201,1.6294108819943016,0.01416182,computed_from_action_before_after_weights,,10.000002,94.999999,5.0,PASS,,"달러강세·원화약세 취약성을 만든 207940.KS에 대해 IEF, GLD로 원인 보유자산 일부 축소 후 헷지를 적용하면 sleeve 취약도 변화가 -0.0370입니다. 정식 추천 기준은 미달해 검토 후보입니다.",취약성 완화 효과는 있으나 linked recommendation status가 REFERENCE_ONLY라서 정식 실행 추천이 아니라 실행 전 검토 후보로 유지합니다.,"IEF + GLD 조정은 달러강세·원화약세 취약성을 낮추는 검토안이며 전후 지표는 CVaR 개선, MDD 개선, stress 개선으로 확인됩니다.",취약성 0.0370 감소; CVaR 0.11%p 개선; MDD 1.68%p 개선; stress 0.01%p 개선; Sharpe 0.01 개선,"FORMAL_ACTION 제외 사유: 기존 추천 gate 상태가 REFERENCE_ONLY입니다. stress/backtest, CVaR·MDD 안정성, 거래 제약 검증이 추가로 충족되어야 정식 추천으로 올릴 수 있습니다.",False,False,,같은 risk sleeve에서 더 적합한 액션이 선택되어 후보 감사 목록에만 남겼습니다.,"{""011200.KS"": 19.671008, ""207940.KS"": 19.671008, ""AVGO"": 10.062931, ""MSFT"": 19.671008, ""NVDA"": 19.671008, ""XOM"": 11.253036}","{""011200.KS"": 19.671008, ""207940.KS"": 14.671008, ""AVGO"": 10.062931, ""GLD"": 2.5, ""IEF"": 2.5, ""MSFT"": 19.671008, ""NVDA"": 19.671008, ""XOM"": 11.253036}"
action_407,REVIEW_ACTION,TRIM_AND_HEDGE,usdkrw_fx_korea,달러강세·원화약세,usdkrw_fx_korea,usd_strength_krw_weakness,207940.KS,207940.KS,MSFT|XOM|AVGO,SHY,SHY,SHY,FAIL_GATE,,,0.15790588,0.1211138,-0.03679208,23.3,53.4817,53.4817,53.4817,19.671008,14.671008,19.671008,14.671008,0.0,5.0,-0.029724515537877156,-0.028678054591166516,0.00104646,-0.29393945043893577,-0.27874494744379597,0.0151945,0.769429655515568,0.7763873335488846,0.00695768,-0.000913795691816565,-0.0007974360930931893,0.00011636,1.6152490595848201,1.6100489166343723,-0.00520014,computed_from_action_before_after_weights,,10.000002,94.999999,5.0,PASS,,달러강세·원화약세 취약성을 만든 207940.KS에 대해 SHY로 원인 보유자산 일부 축소 후 헷지를 적용하면 sleeve 취약도 변화가 -0.0368입니다. 정식 추천 기준은 미달해 검토 후보입니다.,취약성 완화 효과는 있으나 linked recommendation status가 FAIL_GATE라서 정식 실행 추천이 아니라 실행 전 검토 후보로 유지합니다.,"SHY 조정은 달러강세·원화약세 취약성을 낮추는 검토안이며 전후 지표는 CVaR 개선, MDD 개선, stress 개선으로 확인됩니다.",취약성 0.0368 감소; CVaR 0.10%p 개선; MDD 1.52%p 개선; stress 0.01%p 개선; Sharpe 0.01 악화,"FORMAL_ACTION 제외 사유: 기존 추천 gate 상태가 FAIL_GATE입니다. stress/backtest, CVaR·MDD 안정성, 거래 제약 검증이 추가로 충족되어야 정식 추천으로 올릴 수 있습니다.",False,False,,같은 risk sleeve에서 더 적합한 액션이 선택되어 후보 감사 목록에만 남겼습니다.,"{""011200.KS"": 19.671008, ""207940.KS"": 19.671008, ""AVGO"": 10.062931, ""MSFT"": 19.671008, ""NVDA"": 19.671008, ""XOM"": 11.253036}","{""011200.KS"": 19.671008, ""207940.KS"": 14.671008, ""AVGO"": 10.062931, ""MSFT"": 19.671008, ""NVDA"": 19.671008, ""SHY"": 5.0, ""XOM"": 11.253036}"
action_355,REVIEW_ACTION,TRIM_AND_HEDGE,usdkrw_fx_korea,달러강세·원화약세,usdkrw_fx_korea,usd_strength_krw_weakness,207940.KS,207940.KS,MSFT|XOM|AVGO,SHY|IAU,SHY,SHY + IAU,REFERENCE_ONLY,,,0.15790588,0.12127674,-0.03662914,23.1968,53.4817,53.4817,53.4817,19.671008,14.671008,19.671008,14.671008,0.0,2.5,-0.029724515537877156,-0.028695370687246737,0.00102914,-0.29393945043893577,-0.2777578710535824,0.01618158,0.769429655515568,0.7772171272728596,0.00778747,-0.000913795691816565,-0.0007912123415240592,0.00012258,1.6152490595848201,1.6280139861346716,0.01276493,computed_from_action_before_after_weights,,10.000002,94.999999,5.0,PASS,,"달러강세·원화약세 취약성을 만든 207940.KS에 대해 SHY, IAU로 원인 보유자산 일부 축소 후 헷지를 적용하면 sleeve 취약도 변화가 -0.0366입니다. 정식 추천 기준은 미달해 검토 후보입니다.",취약성 완화 효과는 있으나 linked recommendation status가 REFERENCE_ONLY라서 정식 실행 추천이 아니라 실행 전 검토 후보로 유지합니다.,"SHY + IAU 조정은 달러강세·원화약세 취약성을 낮추는 검토안이며 전후 지표는 CVaR 개선, MDD 개선, stress 개선으로 확인됩니다.",취약성 0.0366 감소; CVaR 0.10%p 개선; MDD 1.62%p 개선; stress 0.01%p 개선; Sharpe 0.01 개선,"FORMAL_ACTION 제외 사유: 기존 추천 gate 상태가 REFERENCE_ONLY입니다. stress/backtest, CVaR·MDD 안정성, 거래 제약 검증이 추가로 충족되어야 정식 추천으로 올릴 수 있습니다.",False,False,,같은 risk sleeve에서 더 적합한 액션이 선택되어 후보 감사 목록에만 남겼습니다.,"{""011200.KS"": 19.671008, ""207940.KS"": 19.671008, ""AVGO"": 10.062931, ""MSFT"": 19.671008, ""NVDA"": 19.671008, ""XOM"": 11.253036}","{""011200.KS"": 19.671008, ""207940.KS"": 14.671008, ""AVGO"": 10.062931, ""IAU"": 2.5, ""MSFT"": 19.671008, ""NVDA"": 19.671008, ""SHY"": 2.5, ""XOM"": 11.253036}"
action_357,REVIEW_ACTION,TRIM_AND_HEDGE,usdkrw_fx_korea,달러강세·원화약세,usdkrw_fx_korea,usd_strength_krw_weakness,207940.KS,207940.KS,MSFT|XOM|AVGO,GLD|SHY,GLD,GLD + SHY,REFERENCE_ONLY,,,0.15790588,0.12128412,-0.03662176,23.1921,53.4817,53.4817,53.4817,19.671008,14.671008,19.671008,14.671008,0.0,2.5,-0.029724515537877156,-0.028693312775924656,0.0010312,-0.29393945043893577,-0.2776820610422819,0.01625739,0.769429655515568,0.7772272285953566,0.00779757,-0.000913795691816565,-0.0007917807682547338,0.00012201,1.6152490595848201,1.6276484838359428,0.01239942,computed_from_action_before_after_weights,,10.000002,94.999999,5.0,PASS,,"달러강세·원화약세 취약성을 만든 207940.KS에 대해 GLD, SHY로 원인 보유자산 일부 축소 후 헷지를 적용하면 sleeve 취약도 변화가 -0.0366입니다. 정식 추천 기준은 미달해 검토 후보입니다.",취약성 완화 효과는 있으나 linked recommendation status가 REFERENCE_ONLY라서 정식 실행 추천이 아니라 실행 전 검토 후보로 유지합니다.,"GLD + SHY 조정은 달러강세·원화약세 취약성을 낮추는 검토안이며 전후 지표는 CVaR 개선, MDD 개선, stress 개선으로 확인됩니다.",취약성 0.0366 감소; CVaR 0.10%p 개선; MDD 1.63%p 개선; stress 0.01%p 개선; Sharpe 0.01 개선,"FORMAL_ACTION 제외 사유: 기존 추천 gate 상태가 REFERENCE_ONLY입니다. stress/backtest, CVaR·MDD 안정성, 거래 제약 검증이 추가로 충족되어야 정식 추천으로 올릴 수 있습니다.",False,False,,같은 risk sleeve에서 더 적합한 액션이 선택되어 후보 감사 목록에만 남겼습니다.,"{""011200.KS"": 19.671008, ""207940.KS"": 19.671008, ""AVGO"": 10.062931, ""MSFT"": 19.671008, ""NVDA"": 19.671008, ""XOM"": 11.253036}","{""011200.KS"": 19.671008, ""207940.KS"": 14.671008, ""AVGO"": 10.062931, ""GLD"": 2.5, ""MSFT"": 19.671008, ""NVDA"": 19.671008, ""SHY"": 2.5, ""XOM"": 11.253036}"
action_337,REVIEW_ACTION,TRIM_AND_HEDGE,usdkrw_fx_korea,달러강세·원화약세,usdkrw_fx_korea,usd_strength_krw_weakness,207940.KS,207940.KS,MSFT|XOM|AVGO,IAU,IAU,IAU,REFERENCE_ONLY,,,0.15790588,0.12143968,-0.0364662,23.0936,53.4817,53.4817,53.4817,19.671008,14.671008,19.671008,14.671008,0.0,5.0,-0.029724515537877156,-0.02871515407972263,0.00100936,-0.29393945043893577,-0.2785204724594017,0.01541898,0.769429655515568,0.7780469209968346,0.00861727,-0.000913795691816565,-0.0007849885899549289,0.00012881,1.6152490595848201,1.645344236376383,0.03009518,computed_from_action_before_after_weights,,10.000002,94.999999,5.0,PASS,,달러강세·원화약세 취약성을 만든 207940.KS에 대해 IAU로 원인 보유자산 일부 축소 후 헷지를 적용하면 sleeve 취약도 변화가 -0.0365입니다. 정식 추천 기준은 미달해 검토 후보입니다.,취약성 완화 효과는 있으나 linked recommendation status가 REFERENCE_ONLY라서 정식 실행 추천이 아니라 실행 전 검토 후보로 유지합니다.,"IAU 조정은 달러강세·원화약세 취약성을 낮추는 검토안이며 전후 지표는 CVaR 개선, MDD 개선, stress 개선으로 확인됩니다.",취약성 0.0365 감소; CVaR 0.10%p 개선; MDD 1.54%p 개선; stress 0.01%p 개선; Sharpe 0.03 개선,"FORMAL_ACTION 제외 사유: 기존 추천 gate 상태가 REFERENCE_ONLY입니다. stress/backtest, CVaR·MDD 안정성, 거래 제약 검증이 추가로 충족되어야 정식 추천으로 올릴 수 있습니다.",False,False,,같은 risk sleeve에서 더 적합한 액션이 선택되어 후보 감사 목록에만 남겼습니다.,"{""011200.KS"": 19.671008, ""207940.KS"": 19.671008, ""AVGO"": 10.062931, ""MSFT"": 19.671008, ""NVDA"": 19.671008, ""XOM"": 11.253036}","{""011200.KS"": 19.671008, ""207940.KS"": 14.671008, ""AVGO"": 10.062931, ""IAU"": 5.0, ""MSFT"": 19.671008, ""NVDA"": 19.671008, ""XOM"": 11.253036}"
action_335,REVIEW_ACTION,TRIM_AND_HEDGE,usdkrw_fx_korea,달러강세·원화약세,usdkrw_fx_korea,usd_strength_krw_weakness,207940.KS,207940.KS,MSFT|XOM|AVGO,GLD,GLD,GLD,REFERENCE_ONLY,,,0.15790588,0.12145444,-0.03645144,23.0843,53.4817,53.4817,53.4817,19.671008,14.671008,19.671008,14.671008,0.0,5.0,-0.029724515537877156,-0.028711038257078474,0.00101348,-0.29393945043893577,-0.27855511450431925,0.01538434,0.769429655515568,0.7780671236418287,0.00863747,-0.000913795691816565,-0.0007861254434162777,0.00012767,1.6152490595848201,1.6446066046215284,0.02935755,computed_from_action_before_after_weights,,10.000002,94.999999,5.0,PASS,,달러강세·원화약세 취약성을 만든 207940.KS에 대해 GLD로 원인 보유자산 일부 축소 후 헷지를 적용하면 sleeve 취약도 변화가 -0.0365입니다. 정식 추천 기준은 미달해 검토 후보입니다.,취약성 완화 효과는 있으나 linked recommendation status가 REFERENCE_ONLY라서 정식 실행 추천이 아니라 실행 전 검토 후보로 유지합니다.,"GLD 조정은 달러강세·원화약세 취약성을 낮추는 검토안이며 전후 지표는 CVaR 개선, MDD 개선, stress 개선으로 확인됩니다.",취약성 0.0365 감소; CVaR 0.10%p 개선; MDD 1.54%p 개선; stress 0.01%p 개선; Sharpe 0.03 개선,"FORMAL_ACTION 제외 사유: 기존 추천 gate 상태가 REFERENCE_ONLY입니다. stress/backtest, CVaR·MDD 안정성, 거래 제약 검증이 추가로 충족되어야 정식 추천으로 올릴 수 있습니다.",False,False,,같은 risk sleeve에서 더 적합한 액션이 선택되어 후보 감사 목록에만 남겼습니다.,"{""011200.KS"": 19.671008, ""207940.KS"": 19.671008, ""AVGO"": 10.062931, ""MSFT"": 19.671008, ""NVDA"": 19.671008, ""XOM"": 11.253036}","{""011200.KS"": 19.671008, ""207940.KS"": 14.671008, ""AVGO"": 10.062931, ""GLD"": 5.0, ""MSFT"": 19.671008, ""NVDA"": 19.671008, ""XOM"": 11.253036}"
action_381,REVIEW_ACTION,TRIM_AND_HEDGE,usdkrw_fx_korea,달러강세·원화약세,usdkrw_fx_korea,usd_strength_krw_weakness,207940.KS,207940.KS,MSFT|XOM|AVGO,TLT|DBC,TLT,TLT + DBC,REFERENCE_ONLY,,,0.15790588,0.12169754,-0.03620834,22.9303,53.4817,53.4817,53.4817,19.671008,14.671008,19.671008,14.671008,0.0,2.5,-0.029724515537877156,-0.028825496266442013,0.00089902,-0.29393945043893577,-0.282467022433027,0.01147243,0.769429655515568,0.7795763588720287,0.0101467,-0.000913795691816565,-0.0008689214182090882,4.487e-05,1.6152490595848201,1.6187775523820325,0.00352849,computed_from_action_before_after_weights,,10.000002,94.999999,5.0,PASS,,"달러강세·원화약세 취약성을 만든 207940.KS에 대해 TLT, DBC로 원인 보유자산 일부 축소 후 헷지를 적용하면 sleeve 취약도 변화가 -0.0362입니다. 정식 추천 기준은 미달해 검토 후보입니다.",취약성 완화 효과는 있으나 linked recommendation status가 REFERENCE_ONLY라서 정식 실행 추천이 아니라 실행 전 검토 후보로 유지합니다.,"TLT + DBC 조정은 달러강세·원화약세 취약성을 낮추는 검토안이며 전후 지표는 CVaR 개선, MDD 개선, stress 개선으로 확인됩니다.",취약성 0.0362 감소; CVaR 0.09%p 개선; MDD 1.15%p 개선; stress 0.00%p 개선; Sharpe 0.00 개선,"FORMAL_ACTION 제외 사유: 기존 추천 gate 상태가 REFERENCE_ONLY입니다. stress/backtest, CVaR·MDD 안정성, 거래 제약 검증이 추가로 충족되어야 정식 추천으로 올릴 수 있습니다.",False,False,,같은 risk sleeve에서 더 적합한 액션이 선택되어 후보 감사 목록에만 남겼습니다.,"{""011200.KS"": 19.671008, ""207940.KS"": 19.671008, ""AVGO"": 10.062931, ""MSFT"": 19.671008, ""NVDA"": 19.671008, ""XOM"": 11.253036}","{""011200.KS"": 19.671008, ""207940.KS"": 14.671008, ""AVGO"": 10.062931, ""DBC"": 2.5, ""MSFT"": 19.671008, ""NVDA"": 19.671008, ""TLT"": 2.5, ""XOM"": 11.253036}"
