candidate_combo,candidate_bucket_combo,risk_bucket_match,status,message,hedge_budget_pct,hedge_budget_krw,hedge_invested_krw,hedge_cash_left_krw,hedge_share_counts,combo_size,allocation_method,allocation_weights,allocation_objective_reason,base_vol_annual,proposed_vol_annual,base_mdd,proposed_mdd,base_cvar_95,proposed_cvar_95,base_annual_return_krw,proposed_annual_return_krw,base_sharpe_krw_proxy,proposed_sharpe_krw_proxy,base_stress_avg_ret_krw,proposed_stress_avg_ret_krw,base_corr_sp500_krw,proposed_corr_sp500_krw,base_beta_sp500_krw,proposed_beta_sp500_krw,base_downside_beta_sp500_krw,proposed_downside_beta_sp500_krw,base_corr_kospi200_krw,proposed_corr_kospi200_krw,vol_improve_pct,mdd_improve_pct,cvar_improve_pct,stress_improve,corr_improve,beta_improve,exposure_improve,sharpe_improve,sharpe_improve_pct,annual_return_improve,annual_return_improve_pct,downside_beta_improve,kospi_corr_improve,combo_min_adv_60,score_component_cvar,score_component_mdd,score_component_stress,score_component_exposure,score_component_sharpe,score_component_liquidity,score_component_scenario,score_component_concentration,recommendation_status,gate_fail_reasons,reference_reason,dq_warning_reasons,dq_blocking_reasons,dq_penalty,recommendation_confidence_score,base_scenario_vulnerability,proposed_scenario_vulnerability,base_gate_vulnerability,proposed_gate_vulnerability,scenario_vulnerability_delta,gate_vulnerability_delta,scenario_score_component,scenario_vulnerability_reduction,adverse_scenario_penalty,factor_concentration_penalty,recommended_role,candidate_role,candidate_role_reason_ko,scenario_reason_ko,final_score,recommendation_reason,weights_snapshot,backtest_gate_status,backtest_total_evaluated_count,backtest_total_worsened_count,backtest_target_evaluated_count,backtest_target_improved_count,backtest_target_mixed_count,backtest_target_worsened_count,backtest_target_insufficient_history_count,backtest_target_beats_cash_count,backtest_target_mixed_cash_count,backtest_target_lags_cash_count,backtest_target_bootstrap_count,backtest_target_bootstrap_robust_count,backtest_target_bootstrap_uncertain_count,backtest_target_bootstrap_min_p_improve,backtest_target_bootstrap_avg_p_improve,backtest_target_avg_cash_net_stress_delta,backtest_target_min_cash_net_stress_delta,backtest_target_avg_cash_net_mdd_delta,backtest_target_min_cash_net_mdd_delta,backtest_target_avg_cash_net_cvar_delta,backtest_target_min_cash_net_cvar_delta,backtest_target_max_turnover,backtest_context_worsened_count,backtest_evaluated_count,backtest_improved_count,backtest_mixed_count,backtest_worsened_count,backtest_insufficient_history_count,backtest_reason,liquidity_order_notional_krw,liquidity_adv_usage_pct,liquidity_capacity_status,formal_gate_blockers,formal_gate_blocker_count,formal_gate_blocker_summary,user_recommendation_label,active_adverse_scenarios
TLT + GLD,bond|gold,higher_for_longer_long_rate_shock|stagflation_reinflation_energy_shock,PASS,PASS,10.0,,,,,2,grid_scenario_risk,"{""TLT"": 3.0, ""GLD"": 7.0}",max grid objective: status + CVaR/MDD + scenario + Sharpe,0.21748,0.19703,-0.293939,-0.262531,-0.029725,-0.026776,0.381285,0.357896,1.615249,1.664192,-0.000914,-0.000732,0.279977,0.35187,0.76943,0.705698,0.750579,0.682045,0.338346,0.323823,9.403333,10.685236,9.921113,0.000182,-0.071893,0.063731,0.063731,0.048943,3.030028,-0.023389,-6.134351,0.068533,0.014523,4175625624321.1646,0.049055,0.109192,0.275483,0.060625,0.556713,1.0,0.529511,0.5,REFERENCE_ONLY,,annual return drag soft warning,DQ WARN non-blocking - TLT: fx_missing_warn; DQ WARN non-blocking - GLD: fx_missing_warn,,0.1,0.9,0.341908,0.312397,0.355571,0.330858,-0.029511,-0.024713,0.529511,0.029511,0.0,0.0,scenario_vulnerability_reducer,hedge_candidate,TLT: 기본 포트폴리오 개선 후보 | GLD: 기본 포트폴리오 개선 후보,"장기금리 부담장, 달러강세/원화약세장, 물가·에너지 재상승장 기준 취약도를 낮추는 후보입니다.",0.336229,"유동성 양호, Return drag control, Sharpe 개선 / 장기금리 부담장, 달러강세/원화약세장, 물가·에너지 재상승장 기준 취약도를 낮추는 후보입니다.","{""MSFT"": 17.7039, ""NVDA"": 17.7039, ""AVGO"": 9.0566, ""XOM"": 10.1277, ""011200.KS"": 17.7039, ""207940.KS"": 17.7039, ""TLT"": 3.0, ""GLD"": 7.0}",REFERENCE_ONLY_CASH_BASELINE,8,0,2,2,0,0,0,0,0,2,2,0,2,0.28,0.35,-0.014227,-0.014228,-0.010727,-0.011303,-0.000717,-0.000736,0.100001,0,2,2,0,0,0,target-scenario hedge did not beat cash-only de-risking in 2 stress case,,,OK_ADV_FLOOR_NO_ORDER_SIZE,cash_baseline_lag|bootstrap_not_robust|return_drag_reference|reference_only,4,Hedge lags a cash-only de-risking baseline in target stress.; Target stress bootstrap confidence is not robust.; Pre-backtest scoring kept the candidate reference-only because of return drag.; Candidate remains reference-only after formal gate checks.,참고용 후보,higher_for_longer_long_rate_shock|stagflation_reinflation_energy_shock
TLT + IAU,bond|gold,higher_for_longer_long_rate_shock|stagflation_reinflation_energy_shock,PASS,PASS,10.0,,,,,2,grid_scenario_risk,"{""TLT"": 3.0, ""IAU"": 7.0}",max grid objective: status + CVaR/MDD + scenario + Sharpe,0.21748,0.197013,-0.293939,-0.262577,-0.029725,-0.026781,0.381285,0.358086,1.615249,1.6653,-0.000914,-0.00073,0.279977,0.351811,0.76943,0.70567,0.750579,0.682082,0.338346,0.323874,9.411148,10.66969,9.902389,0.000184,-0.071834,0.06376,0.06376,0.050051,3.09865,-0.023199,-6.084496,0.068497,0.014472,1268387351300.059,0.048093,0.108545,0.278359,0.060813,0.565476,0.291268,0.529525,0.5,REFERENCE_ONLY,,annual return drag soft warning,DQ WARN non-blocking - TLT: fx_missing_warn; DQ WARN non-blocking - IAU: fx_missing_warn,,0.1,0.9,0.341908,0.312383,0.355571,0.330826,-0.029525,-0.024745,0.529525,0.029525,0.0,0.0,scenario_vulnerability_reducer,hedge_candidate,TLT: 기본 포트폴리오 개선 후보 | IAU: 기본 포트폴리오 개선 후보,"장기금리 부담장, 달러강세/원화약세장, 물가·에너지 재상승장 기준 취약도를 낮추는 후보입니다.",0.31835,"Return drag control, Sharpe 개선, 현재 장세 취약도 개선 / 장기금리 부담장, 달러강세/원화약세장, 물가·에너지 재상승장 기준 취약도를 낮추는 후보입니다.","{""MSFT"": 17.7039, ""NVDA"": 17.7039, ""AVGO"": 9.0566, ""XOM"": 10.1277, ""011200.KS"": 17.7039, ""207940.KS"": 17.7039, ""TLT"": 3.0, ""IAU"": 7.0}",REFERENCE_ONLY_CASH_BASELINE,8,0,2,2,0,0,0,0,0,2,2,0,2,0.28,0.3575,-0.014075,-0.014108,-0.01074,-0.011313,-0.000713,-0.00073,0.100001,0,2,2,0,0,0,target-scenario hedge did not beat cash-only de-risking in 2 stress case,,,OK_ADV_FLOOR_NO_ORDER_SIZE,cash_baseline_lag|bootstrap_not_robust|return_drag_reference|reference_only,4,Hedge lags a cash-only de-risking baseline in target stress.; Target stress bootstrap confidence is not robust.; Pre-backtest scoring kept the candidate reference-only because of return drag.; Candidate remains reference-only after formal gate checks.,참고용 후보,higher_for_longer_long_rate_shock|stagflation_reinflation_energy_shock
TLT + DBC,bond|commodity_energy,higher_for_longer_long_rate_shock|stagflation_reinflation_energy_shock,PASS,PASS,10.0,,,,,2,grid_scenario_risk,"{""TLT"": 8.0, ""DBC"": 2.0}",max grid objective: status + CVaR/MDD + scenario + Sharpe,0.21748,0.196172,-0.293939,-0.267328,-0.029725,-0.026759,0.381285,0.349017,1.615249,1.626214,-0.000914,-0.000787,0.279977,0.329467,0.76943,0.702139,0.750579,0.676114,0.338346,0.29955,9.798069,9.053248,9.975015,0.000127,-0.04949,0.067291,0.067291,0.010965,0.678825,-0.032268,-8.46301,0.074464,0.038796,73595336412.57709,0.051822,0.041226,0.17616,0.084204,0.256492,0.0,0.521584,0.5,REFERENCE_ONLY,,annual return drag soft warning,DQ WARN non-blocking - TLT: fx_missing_warn; DQ WARN non-blocking - DBC: fx_missing_warn,,0.1,0.9,0.341908,0.320325,0.355571,0.346277,-0.021584,-0.009294,0.521584,0.021584,0.0,0.0,scenario_vulnerability_reducer,hedge_candidate,TLT: 기본 포트폴리오 개선 후보 | DBC: 기본 포트폴리오 개선 후보,"장기금리 부담장, 달러강세/원화약세장, 물가·에너지 재상승장 기준 취약도를 낮추는 후보입니다.",0.276152,"Return drag control, 현재 장세 취약도 개선, factor 집중 완화 / 장기금리 부담장, 달러강세/원화약세장, 물가·에너지 재상승장 기준 취약도를 낮추는 후보입니다.","{""MSFT"": 17.7039, ""NVDA"": 17.7039, ""AVGO"": 9.0566, ""XOM"": 10.1277, ""011200.KS"": 17.7039, ""207940.KS"": 17.7039, ""TLT"": 8.0, ""DBC"": 2.0}",REFERENCE_ONLY_CASH_BASELINE,8,0,2,2,0,0,0,0,0,2,2,0,2,0.19,0.2625,-0.018711,-0.019552,-0.012499,-0.013126,-0.000521,-0.000577,0.100001,0,2,2,0,0,0,target-scenario hedge did not beat cash-only de-risking in 2 stress case,,,BELOW_FORMAL_ADV_FLOOR_NO_ORDER_SIZE,cash_baseline_lag|bootstrap_not_robust|liquidity_below_formal|return_drag_reference|reference_only,5,Hedge lags a cash-only de-risking baseline in target stress.; Target stress bootstrap confidence is not robust.; 60-day ADV evidence is missing or below the formal threshold.; Pre-backtest scoring kept the candidate reference-only because of return drag.; Candidate remains reference-only after formal gate checks.,참고용 후보,higher_for_longer_long_rate_shock|stagflation_reinflation_energy_shock
IEF + GLD,bond|gold,higher_for_longer_long_rate_shock|stagflation_reinflation_energy_shock,PASS,PASS,10.0,,,,,2,grid_scenario_risk,"{""IEF"": 3.0, ""GLD"": 7.0}",max grid objective: status + CVaR/MDD + scenario + Sharpe,0.21748,0.197313,-0.293939,-0.262822,-0.029725,-0.02682,0.381285,0.357685,1.615249,1.660736,-0.000914,-0.000743,0.279977,0.348903,0.76943,0.70802,0.750579,0.685499,0.338346,0.324939,9.273179,10.586328,9.772261,0.000171,-0.068926,0.06141,0.06141,0.045487,2.816089,-0.0236,-6.189632,0.065079,0.013407,1378840058167.9148,0.041412,0.105073,0.254966,0.045245,0.529396,0.318195,0.528823,0.5,REFERENCE_ONLY,,annual return drag soft warning,DQ WARN non-blocking - IEF: fx_missing_warn; DQ WARN non-blocking - GLD: fx_missing_warn,,0.1,0.9,0.341908,0.313085,0.355571,0.332453,-0.028823,-0.023118,0.528823,0.028823,0.0,0.0,scenario_vulnerability_reducer,hedge_candidate,IEF: 기본 포트폴리오 개선 후보 | GLD: 기본 포트폴리오 개선 후보,"장기금리 부담장, 달러강세/원화약세장, 물가·에너지 재상승장 기준 취약도를 낮추는 후보입니다.",0.310554,"Return drag control, Sharpe 개선, 현재 장세 취약도 개선 / 장기금리 부담장, 달러강세/원화약세장, 물가·에너지 재상승장 기준 취약도를 낮추는 후보입니다.","{""MSFT"": 17.7039, ""NVDA"": 17.7039, ""AVGO"": 9.0566, ""XOM"": 10.1277, ""011200.KS"": 17.7039, ""207940.KS"": 17.7039, ""IEF"": 3.0, ""GLD"": 7.0}",REFERENCE_ONLY_CASH_BASELINE,8,0,2,2,0,0,0,0,0,2,2,0,2,0.335,0.4075,-0.010165,-0.010204,-0.009772,-0.010324,-0.000651,-0.000685,0.100001,0,2,2,0,0,0,target-scenario hedge did not beat cash-only de-risking in 2 stress case,,,OK_ADV_FLOOR_NO_ORDER_SIZE,cash_baseline_lag|bootstrap_not_robust|return_drag_reference|reference_only,4,Hedge lags a cash-only de-risking baseline in target stress.; Target stress bootstrap confidence is not robust.; Pre-backtest scoring kept the candidate reference-only because of return drag.; Candidate remains reference-only after formal gate checks.,참고용 후보,higher_for_longer_long_rate_shock|stagflation_reinflation_energy_shock
IEF + IAU,bond|gold,higher_for_longer_long_rate_shock|stagflation_reinflation_energy_shock,PASS,PASS,10.0,,,,,2,grid_scenario_risk,"{""IEF"": 3.0, ""IAU"": 7.0}",max grid objective: status + CVaR/MDD + scenario + Sharpe,0.21748,0.197296,-0.293939,-0.263038,-0.029725,-0.026825,0.381285,0.357875,1.615249,1.661842,-0.000914,-0.000741,0.279977,0.348845,0.76943,0.707992,0.750579,0.685536,0.338346,0.32499,9.280996,10.512845,9.754621,0.000172,-0.068868,0.061438,0.061438,0.046593,2.884593,-0.02341,-6.13978,0.065043,0.013356,1268387351300.059,0.040506,0.102013,0.257841,0.045433,0.538143,0.291268,0.528837,0.5,REFERENCE_ONLY,,annual return drag soft warning,DQ WARN non-blocking - IEF: fx_missing_warn; DQ WARN non-blocking - IAU: fx_missing_warn,,0.1,0.9,0.341908,0.313072,0.355571,0.332421,-0.028837,-0.02315,0.528837,0.028837,0.0,0.0,scenario_vulnerability_reducer,hedge_candidate,IEF: 기본 포트폴리오 개선 후보 | IAU: 기본 포트폴리오 개선 후보,"장기금리 부담장, 달러강세/원화약세장, 물가·에너지 재상승장 기준 취약도를 낮추는 후보입니다.",0.310129,"Return drag control, Sharpe 개선, 현재 장세 취약도 개선 / 장기금리 부담장, 달러강세/원화약세장, 물가·에너지 재상승장 기준 취약도를 낮추는 후보입니다.","{""MSFT"": 17.7039, ""NVDA"": 17.7039, ""AVGO"": 9.0566, ""XOM"": 10.1277, ""011200.KS"": 17.7039, ""207940.KS"": 17.7039, ""IEF"": 3.0, ""IAU"": 7.0}",REFERENCE_ONLY_CASH_BASELINE,8,0,2,2,0,0,0,0,0,2,2,0,2,0.405,0.455,-0.010013,-0.01002,-0.009785,-0.010335,-0.000647,-0.000679,0.100001,0,2,2,0,0,0,target-scenario hedge did not beat cash-only de-risking in 2 stress case,,,OK_ADV_FLOOR_NO_ORDER_SIZE,cash_baseline_lag|bootstrap_not_robust|return_drag_reference|reference_only,4,Hedge lags a cash-only de-risking baseline in target stress.; Target stress bootstrap confidence is not robust.; Pre-backtest scoring kept the candidate reference-only because of return drag.; Candidate remains reference-only after formal gate checks.,참고용 후보,higher_for_longer_long_rate_shock|stagflation_reinflation_energy_shock
IEF + DBC,bond|commodity_energy,higher_for_longer_long_rate_shock|stagflation_reinflation_energy_shock,PASS,PASS,10.0,,,,,2,grid_scenario_risk,"{""IEF"": 8.0, ""DBC"": 2.0}",max grid objective: status + CVaR/MDD + scenario + Sharpe,0.21748,0.196834,-0.293939,-0.268548,-0.029725,-0.026867,0.381285,0.348484,1.615249,1.618031,-0.000914,-0.000817,0.279977,0.321569,0.76943,0.70833,0.750579,0.685325,0.338346,0.302545,9.493404,8.638177,9.614352,9.7e-05,-0.041592,0.061099,0.061099,0.002782,0.172212,-0.032801,-8.602851,0.065254,0.035801,73595336412.57709,0.033304,0.023939,0.121447,0.043191,0.191803,0.0,0.519748,0.5,REFERENCE_ONLY,,annual return drag soft warning,DQ WARN non-blocking - IEF: fx_missing_warn; DQ WARN non-blocking - DBC: fx_missing_warn,,0.1,0.9,0.341908,0.32216,0.355571,0.350531,-0.019748,-0.00504,0.519748,0.019748,0.0,0.0,scenario_vulnerability_reducer,hedge_candidate,IEF: 기본 포트폴리오 개선 후보 | DBC: 기본 포트폴리오 개선 후보,"장기금리 부담장, 달러강세/원화약세장, 물가·에너지 재상승장 기준 취약도를 낮추는 후보입니다.",0.254935,"Return drag control, 현재 장세 취약도 개선, factor 집중 완화 / 장기금리 부담장, 달러강세/원화약세장, 물가·에너지 재상승장 기준 취약도를 낮추는 후보입니다.","{""MSFT"": 17.7039, ""NVDA"": 17.7039, ""AVGO"": 9.0566, ""XOM"": 10.1277, ""011200.KS"": 17.7039, ""207940.KS"": 17.7039, ""IEF"": 8.0, ""DBC"": 2.0}",REFERENCE_ONLY_CASH_BASELINE,8,0,2,2,0,0,0,0,0,2,2,0,2,0.385,0.4675,-0.00788,-0.008616,-0.009947,-0.010514,-0.000316,-0.000361,0.100001,0,2,2,0,0,0,target-scenario hedge did not beat cash-only de-risking in 2 stress case,,,BELOW_FORMAL_ADV_FLOOR_NO_ORDER_SIZE,cash_baseline_lag|bootstrap_not_robust|liquidity_below_formal|return_drag_reference|reference_only,5,Hedge lags a cash-only de-risking baseline in target stress.; Target stress bootstrap confidence is not robust.; 60-day ADV evidence is missing or below the formal threshold.; Pre-backtest scoring kept the candidate reference-only because of return drag.; Candidate remains reference-only after formal gate checks.,참고용 후보,higher_for_longer_long_rate_shock|stagflation_reinflation_energy_shock
GLD + SHY,bond|gold,higher_for_longer_long_rate_shock|stagflation_reinflation_energy_shock,PASS,PASS,10.0,,,,,2,grid_scenario_risk,"{""GLD"": 8.0, ""SHY"": 2.0}",max grid objective: status + CVaR/MDD + scenario + Sharpe,0.21748,0.197709,-0.293939,-0.263926,-0.029725,-0.026869,0.381285,0.359262,1.615249,1.665391,-0.000914,-0.000747,0.279977,0.349265,0.76943,0.709793,0.750579,0.688467,0.338346,0.328234,9.09124,10.210653,9.605301,0.000166,-0.069288,0.059636,0.059636,0.050142,3.104266,-0.022023,-5.775922,0.062112,0.010113,598507121135.5558,0.032839,0.089427,0.246961,0.0335,0.566193,0.127964,0.52993,0.5,REFERENCE_ONLY,,annual return drag soft warning,DQ WARN non-blocking - GLD: fx_missing_warn; DQ WARN non-blocking - SHY: fx_missing_warn,,0.1,0.9,0.341908,0.311978,0.355571,0.329887,-0.02993,-0.025684,0.52993,0.02993,0.0,0.0,scenario_vulnerability_reducer,hedge_candidate,GLD: 기본 포트폴리오 개선 후보 | SHY: 기본 포트폴리오 개선 후보,"장기금리 부담장, 달러강세/원화약세장, 물가·에너지 재상승장 기준 취약도를 낮추는 후보입니다.",0.302294,"Return drag control, Sharpe 개선, 현재 장세 취약도 개선 / 장기금리 부담장, 달러강세/원화약세장, 물가·에너지 재상승장 기준 취약도를 낮추는 후보입니다.","{""MSFT"": 17.7039, ""NVDA"": 17.7039, ""AVGO"": 9.0566, ""XOM"": 10.1277, ""011200.KS"": 17.7039, ""207940.KS"": 17.7039, ""GLD"": 8.0, ""SHY"": 2.0}",REFERENCE_ONLY_CASH_BASELINE,8,0,2,2,0,0,0,0,0,2,2,0,2,0.37,0.46,-0.007443,-0.007539,-0.009113,-0.009658,-0.00061,-0.000654,0.100001,0,2,2,0,0,0,target-scenario hedge did not beat cash-only de-risking in 2 stress case,,,OK_ADV_FLOOR_NO_ORDER_SIZE,cash_baseline_lag|bootstrap_not_robust|return_drag_reference|reference_only,4,Hedge lags a cash-only de-risking baseline in target stress.; Target stress bootstrap confidence is not robust.; Pre-backtest scoring kept the candidate reference-only because of return drag.; Candidate remains reference-only after formal gate checks.,참고용 후보,higher_for_longer_long_rate_shock|stagflation_reinflation_energy_shock
GLD + DBC,commodity_energy|gold,stagflation_reinflation_energy_shock,PASS,PASS,10.0,,,,,2,grid_scenario_risk,"{""GLD"": 8.0, ""DBC"": 2.0}",max grid objective: status + CVaR/MDD + scenario + Sharpe,0.21748,0.198711,-0.293939,-0.268705,-0.029725,-0.027055,0.381285,0.361502,1.615249,1.66826,-0.000914,-0.000817,0.279977,0.339326,0.76943,0.714851,0.750579,0.697587,0.338346,0.329723,8.630281,8.584899,8.981864,9.7e-05,-0.05935,0.054579,0.054579,0.053011,3.281934,-0.019783,-5.188486,0.052992,0.008623,73595336412.57709,0.000828,0.02172,0.121899,0.0,0.588879,0.0,0.531115,0.5,REFERENCE_ONLY,,annual return drag soft warning,DQ WARN non-blocking - GLD: fx_missing_warn; DQ WARN non-blocking - DBC: fx_missing_warn,,0.1,0.9,0.341908,0.310793,0.355571,0.32419,-0.031115,-0.031381,0.531115,0.031115,0.0,0.0,scenario_vulnerability_reducer,hedge_candidate,GLD: 기본 포트폴리오 개선 후보 | DBC: 기본 포트폴리오 개선 후보,"장기금리 부담장, 달러강세/원화약세장, 물가·에너지 재상승장 기준 취약도를 낮추는 후보입니다.",0.26953,"Return drag control, Sharpe 개선, 현재 장세 취약도 개선 / 장기금리 부담장, 달러강세/원화약세장, 물가·에너지 재상승장 기준 취약도를 낮추는 후보입니다.","{""MSFT"": 17.7039, ""NVDA"": 17.7039, ""AVGO"": 9.0566, ""XOM"": 10.1277, ""011200.KS"": 17.7039, ""207940.KS"": 17.7039, ""GLD"": 8.0, ""DBC"": 2.0}",VALIDATION_THIN,8,0,1,1,0,0,0,0,0,1,1,0,1,0.46,0.46,-0.003265,-0.003265,-0.012004,-0.012004,-0.000508,-0.000508,0.100001,0,1,1,0,0,0,target-scenario backtest has only 1 evaluated stress case; 표본 부족,,,BELOW_FORMAL_ADV_FLOOR_NO_ORDER_SIZE,validation_thin|cash_baseline_lag|bootstrap_not_robust|liquidity_below_formal|return_drag_reference|reference_only,6,Target stress validation sample is too small for formal use.; Hedge lags a cash-only de-risking baseline in target stress.; Target stress bootstrap confidence is not robust.; 60-day ADV evidence is missing or below the formal threshold.; Pre-backtest scoring kept the candidate reference-only because of return drag.; Candidate remains reference-only after formal gate checks.,참고용 후보,stagflation_reinflation_energy_shock
SHY + IAU,bond|gold,higher_for_longer_long_rate_shock|stagflation_reinflation_energy_shock,PASS,PASS,10.0,,,,,2,grid_scenario_risk,"{""SHY"": 2.0, ""IAU"": 8.0}",max grid objective: status + CVaR/MDD + scenario + Sharpe,0.21748,0.197689,-0.293939,-0.263868,-0.029725,-0.026875,0.381285,0.35948,1.615249,1.666658,-0.000914,-0.000746,0.279977,0.349201,0.76943,0.709761,0.750579,0.688509,0.338346,0.328293,9.100355,10.230492,9.587397,0.000168,-0.069224,0.059669,0.059669,0.051409,3.18275,-0.021805,-5.718852,0.06207,0.010053,598507121135.5558,0.03192,0.090254,0.250248,0.033714,0.576214,0.127964,0.529946,0.5,REFERENCE_ONLY,,annual return drag soft warning,DQ WARN non-blocking - SHY: fx_missing_warn; DQ WARN non-blocking - IAU: fx_missing_warn,,0.1,0.9,0.341908,0.311962,0.355571,0.329851,-0.029946,-0.02572,0.529946,0.029946,0.0,0.0,scenario_vulnerability_reducer,hedge_candidate,SHY: 기본 포트폴리오 개선 후보 | IAU: 기본 포트폴리오 개선 후보,"장기금리 부담장, 달러강세/원화약세장, 물가·에너지 재상승장 기준 취약도를 낮추는 후보입니다.",0.303136,"Return drag control, Sharpe 개선, 현재 장세 취약도 개선 / 장기금리 부담장, 달러강세/원화약세장, 물가·에너지 재상승장 기준 취약도를 낮추는 후보입니다.","{""MSFT"": 17.7039, ""NVDA"": 17.7039, ""AVGO"": 9.0566, ""XOM"": 10.1277, ""011200.KS"": 17.7039, ""207940.KS"": 17.7039, ""SHY"": 2.0, ""IAU"": 8.0}",REFERENCE_ONLY_CASH_BASELINE,8,0,2,2,0,0,0,0,0,2,2,0,2,0.395,0.415,-0.00727,-0.007329,-0.009127,-0.00967,-0.000605,-0.000648,0.100001,0,2,2,0,0,0,target-scenario hedge did not beat cash-only de-risking in 2 stress case,,,OK_ADV_FLOOR_NO_ORDER_SIZE,cash_baseline_lag|bootstrap_not_robust|return_drag_reference|reference_only,4,Hedge lags a cash-only de-risking baseline in target stress.; Target stress bootstrap confidence is not robust.; Pre-backtest scoring kept the candidate reference-only because of return drag.; Candidate remains reference-only after formal gate checks.,참고용 후보,higher_for_longer_long_rate_shock|stagflation_reinflation_energy_shock
SHY + DBC,bond|commodity_energy,higher_for_longer_long_rate_shock|stagflation_reinflation_energy_shock,PASS,PASS,10.0,,,,,2,grid_scenario_risk,"{""SHY"": 8.0, ""DBC"": 2.0}",max grid objective: status + CVaR/MDD + scenario + Sharpe,0.21748,0.197399,-0.293939,-0.270238,-0.029725,-0.026972,0.381285,0.34829,1.615249,1.612421,-0.000914,-0.000835,0.279977,0.314903,0.76943,0.712163,0.750579,0.691064,0.338346,0.302856,9.233763,8.063354,9.259213,7.9e-05,-0.034926,0.057267,0.057267,-0.002828,-0.175111,-0.032995,-8.653675,0.059515,0.03549,73595336412.57709,0.015069,0.0,0.089203,0.017803,0.147454,0.0,0.518494,0.5,REFERENCE_ONLY,,annual return drag soft warning,DQ WARN non-blocking - SHY: fx_missing_warn; DQ WARN non-blocking - DBC: fx_missing_warn,,0.1,0.9,0.341908,0.323414,0.355571,0.353437,-0.018494,-0.002134,0.518494,0.018494,0.0,0.0,scenario_vulnerability_reducer,hedge_candidate,SHY: 기본 포트폴리오 개선 후보 | DBC: 기본 포트폴리오 개선 후보,"장기금리 부담장, 달러강세/원화약세장, 물가·에너지 재상승장 기준 취약도를 낮추는 후보입니다.",0.239064,"Return drag control, 현재 장세 취약도 개선, factor 집중 완화 / 장기금리 부담장, 달러강세/원화약세장, 물가·에너지 재상승장 기준 취약도를 낮추는 후보입니다.","{""MSFT"": 17.7039, ""NVDA"": 17.7039, ""AVGO"": 9.0566, ""XOM"": 10.1277, ""011200.KS"": 17.7039, ""207940.KS"": 17.7039, ""SHY"": 8.0, ""DBC"": 2.0}",REFERENCE_ONLY_CASH_BASELINE,8,0,2,2,0,0,0,0,0,2,2,0,2,0.575,0.65,0.000342,-0.000173,-0.005974,-0.006397,-5.7e-05,-8.2e-05,0.100001,0,2,2,0,0,0,target-scenario hedge did not beat cash-only de-risking in 2 stress case,,,BELOW_FORMAL_ADV_FLOOR_NO_ORDER_SIZE,cash_baseline_lag|bootstrap_not_robust|liquidity_below_formal|return_drag_reference|reference_only,5,Hedge lags a cash-only de-risking baseline in target stress.; Target stress bootstrap confidence is not robust.; 60-day ADV evidence is missing or below the formal threshold.; Pre-backtest scoring kept the candidate reference-only because of return drag.; Candidate remains reference-only after formal gate checks.,참고용 후보,higher_for_longer_long_rate_shock|stagflation_reinflation_energy_shock
IAU + DBC,commodity_energy|gold,stagflation_reinflation_energy_shock,PASS,PASS,10.0,,,,,2,grid_scenario_risk,"{""IAU"": 8.0, ""DBC"": 2.0}",max grid objective: status + CVaR/MDD + scenario + Sharpe,0.21748,0.198692,-0.293939,-0.268647,-0.029725,-0.027059,0.381285,0.36172,1.615249,1.669521,-0.000914,-0.000815,0.279977,0.339266,0.76943,0.714818,0.750579,0.697629,0.338346,0.329782,8.639265,8.604613,8.965731,9.9e-05,-0.059289,0.054611,0.054611,0.054272,3.359987,-0.019565,-5.131337,0.05295,0.008564,73595336412.57709,0.0,0.022542,0.125186,0.000214,0.598845,0.0,0.531131,0.5,REFERENCE_ONLY,,annual return drag soft warning,DQ WARN non-blocking - IAU: fx_missing_warn; DQ WARN non-blocking - DBC: fx_missing_warn,,0.1,0.9,0.341908,0.310777,0.355571,0.324153,-0.031131,-0.031418,0.531131,0.031131,0.0,0.0,scenario_vulnerability_reducer,hedge_candidate,IAU: 기본 포트폴리오 개선 후보 | DBC: 기본 포트폴리오 개선 후보,"장기금리 부담장, 달러강세/원화약세장, 물가·에너지 재상승장 기준 취약도를 낮추는 후보입니다.",0.270384,"Return drag control, Sharpe 개선, 현재 장세 취약도 개선 / 장기금리 부담장, 달러강세/원화약세장, 물가·에너지 재상승장 기준 취약도를 낮추는 후보입니다.","{""MSFT"": 17.7039, ""NVDA"": 17.7039, ""AVGO"": 9.0566, ""XOM"": 10.1277, ""011200.KS"": 17.7039, ""207940.KS"": 17.7039, ""IAU"": 8.0, ""DBC"": 2.0}",VALIDATION_THIN,8,0,1,1,0,0,0,0,0,1,1,0,1,0.55,0.55,-0.003129,-0.003129,-0.012021,-0.012021,-0.000506,-0.000506,0.100001,0,1,1,0,0,0,target-scenario backtest has only 1 evaluated stress case; 표본 부족,,,BELOW_FORMAL_ADV_FLOOR_NO_ORDER_SIZE,validation_thin|cash_baseline_lag|bootstrap_not_robust|liquidity_below_formal|return_drag_reference|reference_only,6,Target stress validation sample is too small for formal use.; Hedge lags a cash-only de-risking baseline in target stress.; Target stress bootstrap confidence is not robust.; 60-day ADV evidence is missing or below the formal threshold.; Pre-backtest scoring kept the candidate reference-only because of return drag.; Candidate remains reference-only after formal gate checks.,참고용 후보,stagflation_reinflation_energy_shock
TLT + GLD,bond|gold,higher_for_longer_long_rate_shock|stagflation_reinflation_energy_shock,PASS,PASS,20.0,,,,,2,grid_scenario_risk,"{""TLT"": 6.0, ""GLD"": 14.0}",max grid objective: status + CVaR/MDD + scenario + Sharpe,0.21748,0.177944,-0.293939,-0.23599,-0.029725,-0.024098,0.381285,0.334016,1.615249,1.708495,-0.000914,-0.000549,0.279977,0.429553,0.76943,0.641967,0.750579,0.613512,0.338346,0.299301,18.179374,19.714645,18.927818,0.000364,-0.149576,0.127463,0.127463,0.093246,5.772864,-0.047269,-12.397247,0.137067,0.039045,4175625624321.1646,0.511508,0.485235,0.604755,0.482787,0.906941,1.0,0.559022,0.5,REFERENCE_ONLY,,annual return drag soft warning,DQ WARN non-blocking - TLT: fx_missing_warn; DQ WARN non-blocking - GLD: fx_missing_warn,,0.1,0.9,0.341908,0.282886,0.355571,0.306146,-0.059022,-0.049425,0.559022,0.059022,0.0,0.0,scenario_vulnerability_reducer,hedge_candidate,TLT: 기본 포트폴리오 개선 후보 | GLD: 기본 포트폴리오 개선 후보,"장기금리 부담장, 달러강세/원화약세장, 물가·에너지 재상승장 기준 취약도를 낮추는 후보입니다.",0.559066,"유동성 양호, Sharpe 개선, Return drag control / 장기금리 부담장, 달러강세/원화약세장, 물가·에너지 재상승장 기준 취약도를 낮추는 후보입니다.","{""MSFT"": 15.7368, ""NVDA"": 15.7368, ""AVGO"": 8.0503, ""XOM"": 9.0024, ""011200.KS"": 15.7368, ""207940.KS"": 15.7368, ""TLT"": 6.0, ""GLD"": 14.0}",REFERENCE_ONLY_CASH_BASELINE,8,0,2,2,0,0,0,0,0,2,2,0,2,0.27,0.355,-0.028452,-0.028452,-0.021808,-0.022709,-0.001526,-0.001579,0.2,0,2,2,0,0,0,target-scenario hedge did not beat cash-only de-risking in 2 stress case,,,OK_ADV_FLOOR_NO_ORDER_SIZE,cash_baseline_lag|bootstrap_not_robust|return_drag_reference|reference_only,4,Hedge lags a cash-only de-risking baseline in target stress.; Target stress bootstrap confidence is not robust.; Pre-backtest scoring kept the candidate reference-only because of return drag.; Candidate remains reference-only after formal gate checks.,참고용 후보,higher_for_longer_long_rate_shock|stagflation_reinflation_energy_shock
TLT + IAU,bond|gold,higher_for_longer_long_rate_shock|stagflation_reinflation_energy_shock,PASS,PASS,20.0,,,,,2,grid_scenario_risk,"{""TLT"": 6.0, ""IAU"": 14.0}",max grid objective: status + CVaR/MDD + scenario + Sharpe,0.21748,0.177903,-0.293939,-0.235886,-0.029725,-0.024112,0.381285,0.334391,1.615249,1.710996,-0.000914,-0.000546,0.279977,0.42944,0.76943,0.64191,0.750579,0.613585,0.338346,0.299466,18.19833,19.750264,18.881503,0.000368,-0.149463,0.127519,0.127519,0.095747,5.927689,-0.046894,-12.299035,0.136994,0.03888,1268387351300.059,0.50913,0.486718,0.610506,0.483162,0.926711,0.291268,0.55905,0.5,REFERENCE_ONLY,,annual return drag soft warning,DQ WARN non-blocking - TLT: fx_missing_warn; DQ WARN non-blocking - IAU: fx_missing_warn,,0.1,0.9,0.341908,0.282858,0.355571,0.306082,-0.05905,-0.049489,0.55905,0.05905,0.0,0.0,scenario_vulnerability_reducer,hedge_candidate,TLT: 기본 포트폴리오 개선 후보 | IAU: 기본 포트폴리오 개선 후보,"장기금리 부담장, 달러강세/원화약세장, 물가·에너지 재상승장 기준 취약도를 낮추는 후보입니다.",0.542079,"Sharpe 개선, Return drag control, Stress 방어 / 장기금리 부담장, 달러강세/원화약세장, 물가·에너지 재상승장 기준 취약도를 낮추는 후보입니다.","{""MSFT"": 15.7368, ""NVDA"": 15.7368, ""AVGO"": 8.0503, ""XOM"": 9.0024, ""011200.KS"": 15.7368, ""207940.KS"": 15.7368, ""TLT"": 6.0, ""IAU"": 14.0}",REFERENCE_ONLY_CASH_BASELINE,8,0,2,2,0,0,0,0,0,2,2,0,2,0.275,0.335,-0.028148,-0.028213,-0.021836,-0.022732,-0.001522,-0.001569,0.2,0,2,2,0,0,0,target-scenario hedge did not beat cash-only de-risking in 2 stress case,,,OK_ADV_FLOOR_NO_ORDER_SIZE,cash_baseline_lag|bootstrap_not_robust|return_drag_reference|reference_only,4,Hedge lags a cash-only de-risking baseline in target stress.; Target stress bootstrap confidence is not robust.; Pre-backtest scoring kept the candidate reference-only because of return drag.; Candidate remains reference-only after formal gate checks.,참고용 후보,higher_for_longer_long_rate_shock|stagflation_reinflation_energy_shock
TLT + DBC,bond|commodity_energy,higher_for_longer_long_rate_shock|stagflation_reinflation_energy_shock,FAIL,FAIL: 연환산 수익률 훼손 하드 게이트,20.0,,,,,2,grid_scenario_risk,"{""TLT"": 16.0, ""DBC"": 4.0}",max grid objective: status + CVaR/MDD + scenario + Sharpe,0.21748,0.176164,-0.293939,-0.239994,-0.029725,-0.023996,0.381285,0.316597,1.615249,1.62688,-0.000914,-0.000659,0.279977,0.385653,0.76943,0.634848,0.750579,0.60165,0.338346,0.249618,18.997851,18.352563,19.270777,0.000255,-0.105676,0.134582,0.134582,0.011631,0.720059,-0.064688,-16.965705,0.148929,0.088728,73595336412.57709,0.529117,0.428509,0.406109,0.529945,0.261757,0.0,0.543168,0.5,FAIL_GATE,연환산 수익률 훼손 하드 게이트,,DQ WARN non-blocking - TLT: fx_missing_warn; DQ WARN non-blocking - DBC: fx_missing_warn,,0.1,0.9,0.341908,0.298741,0.355571,0.336984,-0.043168,-0.018587,0.543168,0.043168,0.0,0.0,scenario_vulnerability_reducer,hedge_candidate,TLT: 기본 포트폴리오 개선 후보 | DBC: 기본 포트폴리오 개선 후보,"장기금리 부담장, 달러강세/원화약세장, 물가·에너지 재상승장 기준 취약도를 낮추는 후보입니다.",0.474475,"현재 장세 취약도 개선, Downside beta reduction, 노출(beta/corr) 감소 / 장기금리 부담장, 달러강세/원화약세장, 물가·에너지 재상승장 기준 취약도를 낮추는 후보입니다.","{""MSFT"": 15.7368, ""NVDA"": 15.7368, ""AVGO"": 8.0503, ""XOM"": 9.0024, ""011200.KS"": 15.7368, ""207940.KS"": 15.7368, ""TLT"": 16.0, ""DBC"": 4.0}",REFERENCE_ONLY_CASH_BASELINE,8,0,2,2,0,0,0,0,0,2,2,0,2,0.165,0.26,-0.037418,-0.039099,-0.025355,-0.026362,-0.001284,-0.001312,0.2,0,2,2,0,0,0,target-scenario hedge did not beat cash-only de-risking in 2 stress case,,,BELOW_FORMAL_ADV_FLOOR_NO_ORDER_SIZE,fail_gate|cash_baseline_lag|bootstrap_not_robust|liquidity_below_formal,4,Candidate failed a hard gate.; Hedge lags a cash-only de-risking baseline in target stress.; Target stress bootstrap confidence is not robust.; 60-day ADV evidence is missing or below the formal threshold.,기준 미통과,higher_for_longer_long_rate_shock|stagflation_reinflation_energy_shock
IEF + GLD,bond|gold,higher_for_longer_long_rate_shock|stagflation_reinflation_energy_shock,PASS,PASS,20.0,,,,,2,grid_scenario_risk,"{""IEF"": 6.0, ""GLD"": 14.0}",max grid objective: status + CVaR/MDD + scenario + Sharpe,0.21748,0.178347,-0.293939,-0.236491,-0.029725,-0.024142,0.381285,0.333656,1.615249,1.702615,-0.000914,-0.000572,0.279977,0.423372,0.76943,0.646611,0.750579,0.62042,0.338346,0.30186,17.994154,19.544221,18.78228,0.000342,-0.143395,0.122819,0.122819,0.087366,5.408849,-0.047629,-12.491776,0.130159,0.036486,1378840058167.9148,0.504035,0.478137,0.56372,0.452028,0.860461,0.318195,0.557646,0.5,REFERENCE_ONLY,,annual return drag soft warning,DQ WARN non-blocking - IEF: fx_missing_warn; DQ WARN non-blocking - GLD: fx_missing_warn,,0.1,0.9,0.341908,0.284262,0.355571,0.309336,-0.057646,-0.046235,0.557646,0.057646,0.0,0.0,scenario_vulnerability_reducer,hedge_candidate,IEF: 기본 포트폴리오 개선 후보 | GLD: 기본 포트폴리오 개선 후보,"장기금리 부담장, 달러강세/원화약세장, 물가·에너지 재상승장 기준 취약도를 낮추는 후보입니다.",0.527357,"Sharpe 개선, Return drag control, Stress 방어 / 장기금리 부담장, 달러강세/원화약세장, 물가·에너지 재상승장 기준 취약도를 낮추는 후보입니다.","{""MSFT"": 15.7368, ""NVDA"": 15.7368, ""AVGO"": 8.0503, ""XOM"": 9.0024, ""011200.KS"": 15.7368, ""207940.KS"": 15.7368, ""IEF"": 6.0, ""GLD"": 14.0}",REFERENCE_ONLY_CASH_BASELINE,8,0,2,2,0,0,0,0,0,2,2,0,2,0.33,0.41,-0.020329,-0.020408,-0.019926,-0.020787,-0.001376,-0.001507,0.2,0,2,2,0,0,0,target-scenario hedge did not beat cash-only de-risking in 2 stress case,,,OK_ADV_FLOOR_NO_ORDER_SIZE,cash_baseline_lag|bootstrap_not_robust|return_drag_reference|reference_only,4,Hedge lags a cash-only de-risking baseline in target stress.; Target stress bootstrap confidence is not robust.; Pre-backtest scoring kept the candidate reference-only because of return drag.; Candidate remains reference-only after formal gate checks.,참고용 후보,higher_for_longer_long_rate_shock|stagflation_reinflation_energy_shock
IEF + IAU,bond|gold,higher_for_longer_long_rate_shock|stagflation_reinflation_energy_shock,PASS,PASS,20.0,,,,,2,grid_scenario_risk,"{""IEF"": 6.0, ""IAU"": 14.0}",max grid objective: status + CVaR/MDD + scenario + Sharpe,0.21748,0.178305,-0.293939,-0.236385,-0.029725,-0.024154,0.381285,0.33403,1.615249,1.705109,-0.000914,-0.000569,0.279977,0.423264,0.76943,0.646554,0.750579,0.620493,0.338346,0.302025,18.013127,19.580517,18.740097,0.000345,-0.143287,0.122876,0.122876,0.08986,5.563249,-0.047255,-12.393574,0.130086,0.036321,1268387351300.059,0.501869,0.479649,0.569471,0.452402,0.880176,0.291268,0.557673,0.5,REFERENCE_ONLY,,annual return drag soft warning,DQ WARN non-blocking - IEF: fx_missing_warn; DQ WARN non-blocking - IAU: fx_missing_warn,,0.1,0.9,0.341908,0.284235,0.355571,0.309272,-0.057673,-0.046299,0.557673,0.057673,0.0,0.0,scenario_vulnerability_reducer,hedge_candidate,IEF: 기본 포트폴리오 개선 후보 | IAU: 기본 포트폴리오 개선 후보,"장기금리 부담장, 달러강세/원화약세장, 물가·에너지 재상승장 기준 취약도를 낮추는 후보입니다.",0.528135,"Sharpe 개선, Return drag control, Stress 방어 / 장기금리 부담장, 달러강세/원화약세장, 물가·에너지 재상승장 기준 취약도를 낮추는 후보입니다.","{""MSFT"": 15.7368, ""NVDA"": 15.7368, ""AVGO"": 8.0503, ""XOM"": 9.0024, ""011200.KS"": 15.7368, ""207940.KS"": 15.7368, ""IEF"": 6.0, ""IAU"": 14.0}",REFERENCE_ONLY_CASH_BASELINE,8,0,2,2,0,0,0,0,0,2,2,0,2,0.36,0.425,-0.020026,-0.020039,-0.019954,-0.020811,-0.001372,-0.001498,0.2,0,2,2,0,0,0,target-scenario hedge did not beat cash-only de-risking in 2 stress case,,,OK_ADV_FLOOR_NO_ORDER_SIZE,cash_baseline_lag|bootstrap_not_robust|return_drag_reference|reference_only,4,Hedge lags a cash-only de-risking baseline in target stress.; Target stress bootstrap confidence is not robust.; Pre-backtest scoring kept the candidate reference-only because of return drag.; Candidate remains reference-only after formal gate checks.,참고용 후보,higher_for_longer_long_rate_shock|stagflation_reinflation_energy_shock
IEF + DBC,bond|commodity_energy,higher_for_longer_long_rate_shock|stagflation_reinflation_energy_shock,FAIL,FAIL: 연환산 수익률 훼손 하드 게이트,20.0,,,,,2,grid_scenario_risk,"{""IEF"": 16.0, ""DBC"": 4.0}",max grid objective: status + CVaR/MDD + scenario + Sharpe,0.21748,0.176826,-0.293939,-0.242501,-0.029725,-0.024109,0.381285,0.315747,1.615249,1.61598,-0.000914,-0.00072,0.279977,0.369011,0.76943,0.647231,0.750579,0.620072,0.338346,0.25655,18.693457,17.49958,18.892183,0.000194,-0.089035,0.122199,0.122199,0.000731,0.045248,-0.065538,-17.188737,0.130507,0.081796,73595336412.57709,0.509678,0.392985,0.296682,0.447919,0.175592,0.0,0.539497,0.5,FAIL_GATE,연환산 수익률 훼손 하드 게이트,,DQ WARN non-blocking - IEF: fx_missing_warn; DQ WARN non-blocking - DBC: fx_missing_warn,,0.1,0.9,0.341908,0.302412,0.355571,0.34549,-0.039497,-0.010081,0.539497,0.039497,0.0,0.0,scenario_vulnerability_reducer,hedge_candidate,IEF: 기본 포트폴리오 개선 후보 | DBC: 기본 포트폴리오 개선 후보,"장기금리 부담장, 달러강세/원화약세장, 물가·에너지 재상승장 기준 취약도를 낮추는 후보입니다.",0.43712,"현재 장세 취약도 개선, CVaR 개선, factor 집중 완화 / 장기금리 부담장, 달러강세/원화약세장, 물가·에너지 재상승장 기준 취약도를 낮추는 후보입니다.","{""MSFT"": 15.7368, ""NVDA"": 15.7368, ""AVGO"": 8.0503, ""XOM"": 9.0024, ""011200.KS"": 15.7368, ""207940.KS"": 15.7368, ""IEF"": 16.0, ""DBC"": 4.0}",REFERENCE_ONLY_CASH_BASELINE,8,0,2,2,0,0,0,0,0,2,2,0,2,0.4,0.4925,-0.015759,-0.01723,-0.020316,-0.021225,-0.000736,-0.000756,0.2,0,2,2,0,0,0,target-scenario hedge did not beat cash-only de-risking in 2 stress case,,,BELOW_FORMAL_ADV_FLOOR_NO_ORDER_SIZE,fail_gate|cash_baseline_lag|bootstrap_not_robust|liquidity_below_formal,4,Candidate failed a hard gate.; Hedge lags a cash-only de-risking baseline in target stress.; Target stress bootstrap confidence is not robust.; 60-day ADV evidence is missing or below the formal threshold.,기준 미통과,higher_for_longer_long_rate_shock|stagflation_reinflation_energy_shock
GLD + SHY,bond|gold,higher_for_longer_long_rate_shock|stagflation_reinflation_energy_shock,PASS,PASS,20.0,,,,,2,grid_scenario_risk,"{""GLD"": 14.0, ""SHY"": 6.0}",max grid objective: status + CVaR/MDD + scenario + Sharpe,0.21748,0.178657,-0.293939,-0.237074,-0.029725,-0.02419,0.381285,0.33355,1.615249,1.699061,-0.000914,-0.000585,0.279977,0.418726,0.76943,0.649485,0.750579,0.624724,0.338346,0.302698,17.851262,19.345816,18.619904,0.000328,-0.138749,0.119945,0.119945,0.083812,5.188794,-0.047735,-12.519554,0.125855,0.035648,598507121135.5558,0.495698,0.469874,0.539537,0.432987,0.832363,0.127964,0.556705,0.5,REFERENCE_ONLY,,annual return drag soft warning,DQ WARN non-blocking - GLD: fx_missing_warn; DQ WARN non-blocking - SHY: fx_missing_warn,,0.1,0.9,0.341908,0.285203,0.355571,0.311516,-0.056705,-0.044055,0.556705,0.056705,0.0,0.0,scenario_vulnerability_reducer,hedge_candidate,GLD: 기본 포트폴리오 개선 후보 | SHY: 기본 포트폴리오 개선 후보,"장기금리 부담장, 달러강세/원화약세장, 물가·에너지 재상승장 기준 취약도를 낮추는 후보입니다.",0.512838,"Sharpe 개선, Return drag control, 현재 장세 취약도 개선 / 장기금리 부담장, 달러강세/원화약세장, 물가·에너지 재상승장 기준 취약도를 낮추는 후보입니다.","{""MSFT"": 15.7368, ""NVDA"": 15.7368, ""AVGO"": 8.0503, ""XOM"": 9.0024, ""011200.KS"": 15.7368, ""207940.KS"": 15.7368, ""GLD"": 14.0, ""SHY"": 6.0}",REFERENCE_ONLY_CASH_BASELINE,8,0,2,2,0,0,0,0,0,2,2,0,2,0.405,0.47,-0.014164,-0.014408,-0.016912,-0.017709,-0.001156,-0.001288,0.2,0,2,2,0,0,0,target-scenario hedge did not beat cash-only de-risking in 2 stress case,,,OK_ADV_FLOOR_NO_ORDER_SIZE,cash_baseline_lag|bootstrap_not_robust|return_drag_reference|reference_only,4,Hedge lags a cash-only de-risking baseline in target stress.; Target stress bootstrap confidence is not robust.; Pre-backtest scoring kept the candidate reference-only because of return drag.; Candidate remains reference-only after formal gate checks.,참고용 후보,higher_for_longer_long_rate_shock|stagflation_reinflation_energy_shock
GLD + DBC,commodity_energy|gold,stagflation_reinflation_energy_shock,PASS,PASS,20.0,,,,,2,grid_scenario_risk,"{""GLD"": 16.0, ""DBC"": 4.0}",max grid objective: status + CVaR/MDD + scenario + Sharpe,0.21748,0.181399,-0.293939,-0.248594,-0.029725,-0.024684,0.381285,0.341174,1.615249,1.715417,-0.000914,-0.000719,0.279977,0.401034,0.76943,0.660271,0.750579,0.644596,0.338346,0.311032,16.590872,15.426828,16.95856,0.000194,-0.121058,0.109158,0.109158,0.100168,6.201409,-0.040111,-10.519923,0.105983,0.027314,73595336412.57709,0.410395,0.306662,0.297587,0.361537,0.961662,0.0,0.56223,0.5,REFERENCE_ONLY,,annual return drag soft warning,DQ WARN non-blocking - GLD: fx_missing_warn; DQ WARN non-blocking - DBC: fx_missing_warn,,0.1,0.9,0.341908,0.279678,0.355571,0.292809,-0.06223,-0.062762,0.56223,0.06223,0.0,0.0,scenario_vulnerability_reducer,hedge_candidate,GLD: 기본 포트폴리오 개선 후보 | DBC: 기본 포트폴리오 개선 후보,"장기금리 부담장, 달러강세/원화약세장, 물가·에너지 재상승장 기준 취약도를 낮추는 후보입니다.",0.449953,"Sharpe 개선, Return drag control, 현재 장세 취약도 개선 / 장기금리 부담장, 달러강세/원화약세장, 물가·에너지 재상승장 기준 취약도를 낮추는 후보입니다.","{""MSFT"": 15.7368, ""NVDA"": 15.7368, ""AVGO"": 8.0503, ""XOM"": 9.0024, ""011200.KS"": 15.7368, ""207940.KS"": 15.7368, ""GLD"": 16.0, ""DBC"": 4.0}",VALIDATION_THIN,8,0,1,1,0,0,0,0,0,1,1,0,1,0.47,0.47,-0.00653,-0.00653,-0.024857,-0.024857,-0.001075,-0.001075,0.2,0,1,1,0,0,0,target-scenario backtest has only 1 evaluated stress case; 표본 부족,,,BELOW_FORMAL_ADV_FLOOR_NO_ORDER_SIZE,validation_thin|cash_baseline_lag|bootstrap_not_robust|liquidity_below_formal|return_drag_reference|reference_only,6,Target stress validation sample is too small for formal use.; Hedge lags a cash-only de-risking baseline in target stress.; Target stress bootstrap confidence is not robust.; 60-day ADV evidence is missing or below the formal threshold.; Pre-backtest scoring kept the candidate reference-only because of return drag.; Candidate remains reference-only after formal gate checks.,참고용 후보,stagflation_reinflation_energy_shock
SHY + IAU,bond|gold,higher_for_longer_long_rate_shock|stagflation_reinflation_energy_shock,PASS,PASS,20.0,,,,,2,grid_scenario_risk,"{""SHY"": 6.0, ""IAU"": 14.0}",max grid objective: status + CVaR/MDD + scenario + Sharpe,0.21748,0.178616,-0.293939,-0.236967,-0.029725,-0.024201,0.381285,0.333924,1.615249,1.701551,-0.000914,-0.000582,0.279977,0.418617,0.76943,0.649428,0.750579,0.624797,0.338346,0.302861,17.870274,19.382288,18.58114,0.000332,-0.13864,0.120001,0.120001,0.086302,5.342932,-0.047361,-12.421347,0.125782,0.035485,598507121135.5558,0.493707,0.471393,0.545288,0.433362,0.852044,0.127964,0.556733,0.5,REFERENCE_ONLY,,annual return drag soft warning,DQ WARN non-blocking - SHY: fx_missing_warn; DQ WARN non-blocking - IAU: fx_missing_warn,,0.1,0.9,0.341908,0.285175,0.355571,0.311452,-0.056733,-0.044119,0.556733,0.056733,0.0,0.0,scenario_vulnerability_reducer,hedge_candidate,SHY: 기본 포트폴리오 개선 후보 | IAU: 기본 포트폴리오 개선 후보,"장기금리 부담장, 달러강세/원화약세장, 물가·에너지 재상승장 기준 취약도를 낮추는 후보입니다.",0.514346,"Sharpe 개선, Return drag control, 현재 장세 취약도 개선 / 장기금리 부담장, 달러강세/원화약세장, 물가·에너지 재상승장 기준 취약도를 낮추는 후보입니다.","{""MSFT"": 15.7368, ""NVDA"": 15.7368, ""AVGO"": 8.0503, ""XOM"": 9.0024, ""011200.KS"": 15.7368, ""207940.KS"": 15.7368, ""SHY"": 6.0, ""IAU"": 14.0}",REFERENCE_ONLY_CASH_BASELINE,8,0,2,2,0,0,0,0,0,2,2,0,2,0.39,0.4775,-0.01386,-0.014039,-0.01694,-0.017733,-0.00115,-0.001279,0.2,0,2,2,0,0,0,target-scenario hedge did not beat cash-only de-risking in 2 stress case,,,OK_ADV_FLOOR_NO_ORDER_SIZE,cash_baseline_lag|bootstrap_not_robust|return_drag_reference|reference_only,4,Hedge lags a cash-only de-risking baseline in target stress.; Target stress bootstrap confidence is not robust.; Pre-backtest scoring kept the candidate reference-only because of return drag.; Candidate remains reference-only after formal gate checks.,참고용 후보,higher_for_longer_long_rate_shock|stagflation_reinflation_energy_shock
SHY + DBC,bond|commodity_energy,higher_for_longer_long_rate_shock|stagflation_reinflation_energy_shock,FAIL,FAIL: 연환산 수익률 훼손 하드 게이트,20.0,,,,,2,grid_scenario_risk,"{""SHY"": 16.0, ""DBC"": 4.0}",max grid objective: status + CVaR/MDD + scenario + Sharpe,0.21748,0.177846,-0.293939,-0.24598,-0.029725,-0.024285,0.381285,0.315425,1.615249,1.604897,-0.000914,-0.000756,0.279977,0.354291,0.76943,0.654896,0.750579,0.631549,0.338346,0.257271,18.224317,16.316235,18.300368,0.000158,-0.074314,0.114534,0.114534,-0.010352,-0.640877,-0.06586,-17.27325,0.11903,0.081075,73595336412.57709,0.479291,0.343703,0.232195,0.397143,0.087981,0.0,0.536989,0.5,FAIL_GATE,연환산 수익률 훼손 하드 게이트,,DQ WARN non-blocking - SHY: fx_missing_warn; DQ WARN non-blocking - DBC: fx_missing_warn,,0.1,0.9,0.341908,0.30492,0.355571,0.351303,-0.036989,-0.004268,0.536989,0.036989,0.0,0.0,scenario_vulnerability_reducer,hedge_candidate,SHY: 기본 포트폴리오 개선 후보 | DBC: 기본 포트폴리오 개선 후보,"장기금리 부담장, 달러강세/원화약세장, 물가·에너지 재상승장 기준 취약도를 낮추는 후보입니다.",0.406371,"현재 장세 취약도 개선, factor 집중 완화, DQ confidence / 장기금리 부담장, 달러강세/원화약세장, 물가·에너지 재상승장 기준 취약도를 낮추는 후보입니다.","{""MSFT"": 15.7368, ""NVDA"": 15.7368, ""AVGO"": 8.0503, ""XOM"": 9.0024, ""011200.KS"": 15.7368, ""207940.KS"": 15.7368, ""SHY"": 16.0, ""DBC"": 4.0}",REFERENCE_ONLY_CASH_BASELINE,8,0,2,2,0,0,0,0,0,2,2,0,2,0.545,0.6175,0.000682,-0.000347,-0.012338,-0.013091,-0.000166,-0.000177,0.2,0,2,2,0,0,0,target-scenario hedge did not beat cash-only de-risking in 2 stress case,,,BELOW_FORMAL_ADV_FLOOR_NO_ORDER_SIZE,fail_gate|cash_baseline_lag|bootstrap_not_robust|liquidity_below_formal,4,Candidate failed a hard gate.; Hedge lags a cash-only de-risking baseline in target stress.; Target stress bootstrap confidence is not robust.; 60-day ADV evidence is missing or below the formal threshold.,기준 미통과,higher_for_longer_long_rate_shock|stagflation_reinflation_energy_shock
IAU + DBC,commodity_energy|gold,stagflation_reinflation_energy_shock,PASS,PASS,20.0,,,,,2,grid_scenario_risk,"{""IAU"": 16.0, ""DBC"": 4.0}",max grid objective: status + CVaR/MDD + scenario + Sharpe,0.21748,0.181351,-0.293939,-0.248473,-0.029725,-0.024696,0.381285,0.341605,1.615249,1.71824,-0.000914,-0.000716,0.279977,0.400937,0.76943,0.660207,0.750579,0.644679,0.338346,0.311228,16.612689,15.467936,16.916806,0.000198,-0.12096,0.109223,0.109223,0.102991,6.376183,-0.03968,-10.406997,0.1059,0.027118,73595336412.57709,0.408251,0.308374,0.30416,0.361965,0.983978,0.0,0.562262,0.5,REFERENCE_ONLY,,annual return drag soft warning,DQ WARN non-blocking - IAU: fx_missing_warn; DQ WARN non-blocking - DBC: fx_missing_warn,,0.1,0.9,0.341908,0.279647,0.355571,0.292736,-0.062262,-0.062835,0.562262,0.062262,0.0,0.0,scenario_vulnerability_reducer,hedge_candidate,IAU: 기본 포트폴리오 개선 후보 | DBC: 기본 포트폴리오 개선 후보,"장기금리 부담장, 달러강세/원화약세장, 물가·에너지 재상승장 기준 취약도를 낮추는 후보입니다.",0.45169,"Sharpe 개선, Return drag control, 현재 장세 취약도 개선 / 장기금리 부담장, 달러강세/원화약세장, 물가·에너지 재상승장 기준 취약도를 낮추는 후보입니다.","{""MSFT"": 15.7368, ""NVDA"": 15.7368, ""AVGO"": 8.0503, ""XOM"": 9.0024, ""011200.KS"": 15.7368, ""207940.KS"": 15.7368, ""IAU"": 16.0, ""DBC"": 4.0}",VALIDATION_THIN,8,0,1,1,0,0,0,0,0,1,1,0,1,0.495,0.495,-0.006258,-0.006258,-0.024892,-0.024892,-0.001077,-0.001077,0.2,0,1,1,0,0,0,target-scenario backtest has only 1 evaluated stress case; 표본 부족,,,BELOW_FORMAL_ADV_FLOOR_NO_ORDER_SIZE,validation_thin|cash_baseline_lag|bootstrap_not_robust|liquidity_below_formal|return_drag_reference|reference_only,6,Target stress validation sample is too small for formal use.; Hedge lags a cash-only de-risking baseline in target stress.; Target stress bootstrap confidence is not robust.; 60-day ADV evidence is missing or below the formal threshold.; Pre-backtest scoring kept the candidate reference-only because of return drag.; Candidate remains reference-only after formal gate checks.,참고용 후보,stagflation_reinflation_energy_shock
TLT + GLD,bond|gold,higher_for_longer_long_rate_shock|stagflation_reinflation_energy_shock,FAIL,FAIL: 연환산 수익률 훼손 하드 게이트,30.0,,,,,2,grid_scenario_risk,"{""TLT"": 18.0, ""GLD"": 12.0}",max grid objective: status + CVaR/MDD + scenario + Sharpe,0.21748,0.157682,-0.293939,-0.199658,-0.029725,-0.021274,0.381285,0.296073,1.615249,1.687403,-0.000914,-0.000333,0.279977,0.509403,0.76943,0.563935,0.750579,0.520822,0.338346,0.230577,27.496069,32.075021,28.427766,0.000581,-0.229426,0.205495,0.205495,0.072153,4.467018,-0.085212,-22.34871,0.229757,0.107769,4175625624321.1646,0.999287,1.0,0.99507,0.999679,0.7402,1.0,0.577811,0.5,FAIL_GATE,연환산 수익률 훼손 하드 게이트,,DQ WARN non-blocking - TLT: fx_missing_warn; DQ WARN non-blocking - GLD: fx_missing_warn,,0.1,0.9,0.341908,0.264097,0.355571,0.306282,-0.077811,-0.049289,0.577811,0.077811,0.0,0.0,scenario_vulnerability_reducer,hedge_candidate,TLT: 기본 포트폴리오 개선 후보 | GLD: 기본 포트폴리오 개선 후보,"장기금리 부담장, 달러강세/원화약세장, 물가·에너지 재상승장 기준 취약도를 낮추는 후보입니다.",0.790875,"MDD 개선, 유동성 양호, Downside beta reduction / 장기금리 부담장, 달러강세/원화약세장, 물가·에너지 재상승장 기준 취약도를 낮추는 후보입니다.","{""MSFT"": 13.7697, ""NVDA"": 13.7697, ""AVGO"": 7.0441, ""XOM"": 7.8771, ""011200.KS"": 13.7697, ""207940.KS"": 13.7697, ""TLT"": 18.0, ""GLD"": 12.0}",REFERENCE_ONLY_CASH_BASELINE,8,0,2,2,0,0,0,0,0,2,2,0,2,0.165,0.255,-0.060853,-0.06099,-0.039006,-0.043066,-0.002517,-0.002537,0.3,0,2,2,0,0,0,target-scenario hedge did not beat cash-only de-risking in 2 stress case,,,OK_ADV_FLOOR_NO_ORDER_SIZE,fail_gate|cash_baseline_lag|bootstrap_not_robust,3,Candidate failed a hard gate.; Hedge lags a cash-only de-risking baseline in target stress.; Target stress bootstrap confidence is not robust.,기준 미통과,higher_for_longer_long_rate_shock|stagflation_reinflation_energy_shock
TLT + IAU,bond|gold,higher_for_longer_long_rate_shock|stagflation_reinflation_energy_shock,FAIL,FAIL: 연환산 수익률 훼손 하드 게이트,30.0,,,,,2,grid_scenario_risk,"{""TLT"": 18.0, ""IAU"": 12.0}",max grid objective: status + CVaR/MDD + scenario + Sharpe,0.21748,0.157646,-0.293939,-0.199838,-0.029725,-0.021285,0.381285,0.296384,1.615249,1.689765,-0.000914,-0.000331,0.279977,0.509265,0.76943,0.563886,0.750579,0.520884,0.338346,0.23076,27.51275,32.013786,28.392576,0.000583,-0.229289,0.205543,0.205543,0.074516,4.613276,-0.084901,-22.267088,0.229694,0.107587,1268387351300.059,0.99748,0.99745,1.0,1.0,0.758876,0.291268,0.577835,0.5,FAIL_GATE,연환산 수익률 훼손 하드 게이트,,DQ WARN non-blocking - TLT: fx_missing_warn; DQ WARN non-blocking - IAU: fx_missing_warn,,0.1,0.9,0.341908,0.264074,0.355571,0.306227,-0.077835,-0.049344,0.577835,0.077835,0.0,0.0,scenario_vulnerability_reducer,hedge_candidate,TLT: 기본 포트폴리오 개선 후보 | IAU: 기본 포트폴리오 개선 후보,"장기금리 부담장, 달러강세/원화약세장, 물가·에너지 재상승장 기준 취약도를 낮추는 후보입니다.",0.773348,"Stress 방어, 노출(beta/corr) 감소, Downside beta reduction / 장기금리 부담장, 달러강세/원화약세장, 물가·에너지 재상승장 기준 취약도를 낮추는 후보입니다.","{""MSFT"": 13.7697, ""NVDA"": 13.7697, ""AVGO"": 7.0441, ""XOM"": 7.8771, ""011200.KS"": 13.7697, ""207940.KS"": 13.7697, ""TLT"": 18.0, ""IAU"": 12.0}",REFERENCE_ONLY_CASH_BASELINE,8,0,2,2,0,0,0,0,0,2,2,0,2,0.175,0.2725,-0.060593,-0.060785,-0.038886,-0.04298,-0.002518,-0.002539,0.3,0,2,2,0,0,0,target-scenario hedge did not beat cash-only de-risking in 2 stress case,,,OK_ADV_FLOOR_NO_ORDER_SIZE,fail_gate|cash_baseline_lag|bootstrap_not_robust,3,Candidate failed a hard gate.; Hedge lags a cash-only de-risking baseline in target stress.; Target stress bootstrap confidence is not robust.,기준 미통과,higher_for_longer_long_rate_shock|stagflation_reinflation_energy_shock
TLT + DBC,bond|commodity_energy,higher_for_longer_long_rate_shock|stagflation_reinflation_energy_shock,FAIL,FAIL: 연환산 수익률 훼손 하드 게이트,30.0,,,,,2,grid_scenario_risk,"{""TLT"": 18.0, ""DBC"": 12.0}",max grid objective: status + CVaR/MDD + scenario + Sharpe,0.21748,0.16077,-0.293939,-0.226226,-0.029725,-0.022062,0.381285,0.290342,1.615249,1.619342,-0.000914,-0.000776,0.279977,0.395007,0.76943,0.590247,0.750579,0.565759,0.338346,0.192307,26.075919,23.036614,25.777855,0.000138,-0.11503,0.179183,0.179183,0.004093,0.253382,-0.090943,-23.85166,0.18482,0.146039,73595336412.57709,0.863226,0.623583,0.195654,0.825386,0.202168,0.0,0.565989,0.5,FAIL_GATE,연환산 수익률 훼손 하드 게이트,,DQ WARN non-blocking - TLT: fx_missing_warn; DQ WARN non-blocking - DBC: fx_missing_warn,,0.1,0.9,0.341908,0.27592,0.355571,0.315968,-0.065989,-0.039603,0.565989,0.065989,0.0,0.0,scenario_vulnerability_reducer,hedge_candidate,TLT: 기본 포트폴리오 개선 후보 | DBC: 기본 포트폴리오 개선 후보,"장기금리 부담장, 달러강세/원화약세장, 물가·에너지 재상승장 기준 취약도를 낮추는 후보입니다.",0.555794,"CVaR 개선, 노출(beta/corr) 감소, Downside beta reduction / 장기금리 부담장, 달러강세/원화약세장, 물가·에너지 재상승장 기준 취약도를 낮추는 후보입니다.","{""MSFT"": 13.7697, ""NVDA"": 13.7697, ""AVGO"": 7.0441, ""XOM"": 7.8771, ""011200.KS"": 13.7697, ""207940.KS"": 13.7697, ""TLT"": 18.0, ""DBC"": 12.0}",REFERENCE_ONLY_CASH_BASELINE,8,0,2,2,0,0,0,0,0,2,2,0,2,0.34,0.395,-0.027151,-0.031869,-0.045054,-0.046949,-0.002048,-0.002113,0.3,0,2,2,0,0,0,target-scenario hedge did not beat cash-only de-risking in 2 stress case,,,BELOW_FORMAL_ADV_FLOOR_NO_ORDER_SIZE,fail_gate|cash_baseline_lag|bootstrap_not_robust|liquidity_below_formal,4,Candidate failed a hard gate.; Hedge lags a cash-only de-risking baseline in target stress.; Target stress bootstrap confidence is not robust.; 60-day ADV evidence is missing or below the formal threshold.,기준 미통과,higher_for_longer_long_rate_shock|stagflation_reinflation_energy_shock
IEF + GLD,bond|gold,higher_for_longer_long_rate_shock|stagflation_reinflation_energy_shock,FAIL,FAIL: 연환산 수익률 훼손 하드 게이트,30.0,,,,,2,grid_scenario_risk,"{""IEF"": 18.0, ""GLD"": 12.0}",max grid objective: status + CVaR/MDD + scenario + Sharpe,0.21748,0.157601,-0.293939,-0.200656,-0.029725,-0.02127,0.381285,0.295319,1.615249,1.683487,-0.000914,-0.000401,0.279977,0.491387,0.76943,0.577866,0.750579,0.541546,0.338346,0.239769,27.53328,31.735476,28.441657,0.000512,-0.21141,0.191564,0.191564,0.068238,4.224594,-0.085966,-22.546379,0.209033,0.098577,1378840058167.9148,1.0,0.985859,0.871965,0.9074,0.709245,0.318195,0.573681,0.5,FAIL_GATE,연환산 수익률 훼손 하드 게이트,,DQ WARN non-blocking - IEF: fx_missing_warn; DQ WARN non-blocking - GLD: fx_missing_warn,,0.1,0.9,0.341908,0.268227,0.355571,0.315852,-0.073681,-0.039719,0.573681,0.073681,0.0,0.0,scenario_vulnerability_reducer,hedge_candidate,IEF: 기본 포트폴리오 개선 후보 | GLD: 기본 포트폴리오 개선 후보,"장기금리 부담장, 달러강세/원화약세장, 물가·에너지 재상승장 기준 취약도를 낮추는 후보입니다.",0.741237,"CVaR 개선, MDD 개선, 노출(beta/corr) 감소 / 장기금리 부담장, 달러강세/원화약세장, 물가·에너지 재상승장 기준 취약도를 낮추는 후보입니다.","{""MSFT"": 13.7697, ""NVDA"": 13.7697, ""AVGO"": 7.0441, ""XOM"": 7.8771, ""011200.KS"": 13.7697, ""207940.KS"": 13.7697, ""IEF"": 18.0, ""GLD"": 12.0}",REFERENCE_ONLY_CASH_BASELINE,8,0,2,2,0,0,0,0,0,2,2,0,2,0.305,0.335,-0.03649,-0.036589,-0.027005,-0.028117,-0.002008,-0.002053,0.3,0,2,2,0,0,0,target-scenario hedge did not beat cash-only de-risking in 2 stress case,,,OK_ADV_FLOOR_NO_ORDER_SIZE,fail_gate|cash_baseline_lag|bootstrap_not_robust,3,Candidate failed a hard gate.; Hedge lags a cash-only de-risking baseline in target stress.; Target stress bootstrap confidence is not robust.,기준 미통과,higher_for_longer_long_rate_shock|stagflation_reinflation_energy_shock
IEF + IAU,bond|gold,higher_for_longer_long_rate_shock|stagflation_reinflation_energy_shock,FAIL,FAIL: 연환산 수익률 훼손 하드 게이트,30.0,,,,,2,grid_scenario_risk,"{""IEF"": 18.0, ""IAU"": 12.0}",max grid objective: status + CVaR/MDD + scenario + Sharpe,0.21748,0.157564,-0.293939,-0.200561,-0.029725,-0.021281,0.381285,0.29563,1.615249,1.685854,-0.000914,-0.000399,0.279977,0.491263,0.76943,0.577817,0.750579,0.541609,0.338346,0.239952,27.550143,31.768002,28.407046,0.000515,-0.211286,0.191613,0.191613,0.070604,4.371121,-0.085655,-22.464765,0.20897,0.098394,1268387351300.059,0.998223,0.987214,0.876894,0.907721,0.727955,0.291268,0.573705,0.5,FAIL_GATE,연환산 수익률 훼손 하드 게이트,,DQ WARN non-blocking - IEF: fx_missing_warn; DQ WARN non-blocking - IAU: fx_missing_warn,,0.1,0.9,0.341908,0.268203,0.355571,0.315797,-0.073705,-0.039774,0.573705,0.073705,0.0,0.0,scenario_vulnerability_reducer,hedge_candidate,IEF: 기본 포트폴리오 개선 후보 | IAU: 기본 포트폴리오 개선 후보,"장기금리 부담장, 달러강세/원화약세장, 물가·에너지 재상승장 기준 취약도를 낮추는 후보입니다.",0.741901,"CVaR 개선, MDD 개선, 노출(beta/corr) 감소 / 장기금리 부담장, 달러강세/원화약세장, 물가·에너지 재상승장 기준 취약도를 낮추는 후보입니다.","{""MSFT"": 13.7697, ""NVDA"": 13.7697, ""AVGO"": 7.0441, ""XOM"": 7.8771, ""011200.KS"": 13.7697, ""207940.KS"": 13.7697, ""IEF"": 18.0, ""IAU"": 12.0}",REFERENCE_ONLY_CASH_BASELINE,8,0,2,2,0,0,0,0,0,2,2,0,2,0.26,0.3425,-0.03623,-0.036273,-0.026976,-0.028031,-0.002005,-0.002045,0.3,0,2,2,0,0,0,target-scenario hedge did not beat cash-only de-risking in 2 stress case,,,OK_ADV_FLOOR_NO_ORDER_SIZE,fail_gate|cash_baseline_lag|bootstrap_not_robust,3,Candidate failed a hard gate.; Hedge lags a cash-only de-risking baseline in target stress.; Target stress bootstrap confidence is not robust.,기준 미통과,higher_for_longer_long_rate_shock|stagflation_reinflation_energy_shock
IEF + DBC,bond|commodity_energy,higher_for_longer_long_rate_shock|stagflation_reinflation_energy_shock,FAIL,FAIL: 연환산 수익률 훼손 하드 게이트,30.0,,,,,2,grid_scenario_risk,"{""IEF"": 18.0, ""DBC"": 12.0}",max grid objective: status + CVaR/MDD + scenario + Sharpe,0.21748,0.161374,-0.293939,-0.229078,-0.029725,-0.022179,0.381285,0.289449,1.615249,1.607751,-0.000914,-0.000844,0.279977,0.374065,0.76943,0.604178,0.750579,0.586483,0.338346,0.200195,25.798362,22.066407,25.384307,7e-05,-0.094089,0.165252,0.165252,-0.007498,-0.464215,-0.091836,-24.085868,0.164096,0.138151,73595336412.57709,0.843019,0.583177,0.072548,0.733107,0.110539,0.0,0.561859,0.5,FAIL_GATE,연환산 수익률 훼손 하드 게이트,,DQ WARN non-blocking - IEF: fx_missing_warn; DQ WARN non-blocking - DBC: fx_missing_warn,,0.1,0.9,0.341908,0.280049,0.355571,0.325537,-0.061859,-0.030033,0.561859,0.061859,0.0,0.0,scenario_vulnerability_reducer,hedge_candidate,IEF: 기본 포트폴리오 개선 후보 | DBC: 기본 포트폴리오 개선 후보,"장기금리 부담장, 달러강세/원화약세장, 물가·에너지 재상승장 기준 취약도를 낮추는 후보입니다.",0.514291,"CVaR 개선, 노출(beta/corr) 감소, Downside beta reduction / 장기금리 부담장, 달러강세/원화약세장, 물가·에너지 재상승장 기준 취약도를 낮추는 후보입니다.","{""MSFT"": 13.7697, ""NVDA"": 13.7697, ""AVGO"": 7.0441, ""XOM"": 7.8771, ""011200.KS"": 13.7697, ""207940.KS"": 13.7697, ""IEF"": 18.0, ""DBC"": 12.0}",REFERENCE_ONLY_CASH_BASELINE,8,0,2,2,0,0,0,0,0,2,2,0,2,0.555,0.6575,-0.002788,-0.00727,-0.03981,-0.041903,-0.001482,-0.001583,0.3,0,2,2,0,0,0,target-scenario hedge did not beat cash-only de-risking in 2 stress case,,,BELOW_FORMAL_ADV_FLOOR_NO_ORDER_SIZE,fail_gate|cash_baseline_lag|bootstrap_not_robust|liquidity_below_formal,4,Candidate failed a hard gate.; Hedge lags a cash-only de-risking baseline in target stress.; Target stress bootstrap confidence is not robust.; 60-day ADV evidence is missing or below the formal threshold.,기준 미통과,higher_for_longer_long_rate_shock|stagflation_reinflation_energy_shock
GLD + SHY,bond|gold,higher_for_longer_long_rate_shock|stagflation_reinflation_energy_shock,FAIL,FAIL: 연환산 수익률 훼손 하드 게이트,30.0,,,,,2,grid_scenario_risk,"{""GLD"": 15.0, ""SHY"": 15.0}",max grid objective: status + CVaR/MDD + scenario + Sharpe,0.21748,0.159169,-0.293939,-0.205086,-0.029725,-0.021486,0.381285,0.299777,1.615249,1.69491,-0.000914,-0.000435,0.279977,0.482795,0.76943,0.587497,0.750579,0.556904,0.338346,0.251987,26.812372,30.228348,27.714559,0.000479,-0.202819,0.181933,0.181933,0.079661,4.93183,-0.081508,-21.377251,0.193675,0.086359,598507121135.5558,0.962667,0.923093,0.811678,0.843601,0.799551,0.127964,0.575592,0.5,FAIL_GATE,연환산 수익률 훼손 하드 게이트,,DQ WARN non-blocking - GLD: fx_missing_warn; DQ WARN non-blocking - SHY: fx_missing_warn,,0.1,0.9,0.341908,0.266316,0.355571,0.311423,-0.075592,-0.044148,0.575592,0.075592,0.0,0.0,scenario_vulnerability_reducer,hedge_candidate,GLD: 기본 포트폴리오 개선 후보 | SHY: 기본 포트폴리오 개선 후보,"장기금리 부담장, 달러강세/원화약세장, 물가·에너지 재상승장 기준 취약도를 낮추는 후보입니다.",0.712676,"CVaR 개선, MDD 개선, 노출(beta/corr) 감소 / 장기금리 부담장, 달러강세/원화약세장, 물가·에너지 재상승장 기준 취약도를 낮추는 후보입니다.","{""MSFT"": 13.7697, ""NVDA"": 13.7697, ""AVGO"": 7.0441, ""XOM"": 7.8771, ""011200.KS"": 13.7697, ""207940.KS"": 13.7697, ""GLD"": 15.0, ""SHY"": 15.0}",REFERENCE_ONLY_CASH_BASELINE,8,0,2,2,0,0,0,0,0,2,2,0,2,0.46,0.495,-0.019079,-0.0196,-0.02048,-0.021338,-0.001412,-0.001555,0.3,0,2,2,0,0,0,target-scenario hedge did not beat cash-only de-risking in 2 stress case,,,OK_ADV_FLOOR_NO_ORDER_SIZE,fail_gate|cash_baseline_lag|bootstrap_not_robust,3,Candidate failed a hard gate.; Hedge lags a cash-only de-risking baseline in target stress.; Target stress bootstrap confidence is not robust.,기준 미통과,higher_for_longer_long_rate_shock|stagflation_reinflation_energy_shock
GLD + DBC,commodity_energy|gold,stagflation_reinflation_energy_shock,FAIL,FAIL: 연환산 수익률 훼손 하드 게이트,30.0,,,,,2,grid_scenario_risk,"{""GLD"": 18.0, ""DBC"": 12.0}",max grid objective: status + CVaR/MDD + scenario + Sharpe,0.21748,0.167413,-0.293939,-0.237825,-0.029725,-0.023005,0.381285,0.317424,1.615249,1.716854,-0.000914,-0.000843,0.279977,0.411421,0.76943,0.618848,0.750579,0.614072,0.338346,0.266739,23.0215,19.090384,22.605536,7e-05,-0.131444,0.150581,0.150581,0.101605,6.290341,-0.063861,-16.748921,0.136506,0.071608,73595336412.57709,0.700342,0.459236,0.073566,0.635927,0.973017,0.0,0.587434,0.5,FAIL_GATE,연환산 수익률 훼손 하드 게이트,,DQ WARN non-blocking - GLD: fx_missing_warn; DQ WARN non-blocking - DBC: fx_missing_warn,,0.1,0.9,0.341908,0.254474,0.355571,0.266271,-0.087434,-0.0893,0.587434,0.087434,0.0,0.0,scenario_vulnerability_reducer,hedge_candidate,GLD: 기본 포트폴리오 개선 후보 | DBC: 기본 포트폴리오 개선 후보,"장기금리 부담장, 달러강세/원화약세장, 물가·에너지 재상승장 기준 취약도를 낮추는 후보입니다.",0.518762,"Sharpe 개선, CVaR 개선, 노출(beta/corr) 감소 / 장기금리 부담장, 달러강세/원화약세장, 물가·에너지 재상승장 기준 취약도를 낮추는 후보입니다.","{""MSFT"": 13.7697, ""NVDA"": 13.7697, ""AVGO"": 7.0441, ""XOM"": 7.8771, ""011200.KS"": 13.7697, ""207940.KS"": 13.7697, ""GLD"": 18.0, ""DBC"": 12.0}",VALIDATION_THIN,8,0,1,1,0,0,0,0,0,1,1,0,1,0.56,0.56,0.004765,0.004765,-0.04472,-0.04472,-0.001991,-0.001991,0.3,0,1,1,0,0,0,target-scenario backtest has only 1 evaluated stress case; 표본 부족,,,BELOW_FORMAL_ADV_FLOOR_NO_ORDER_SIZE,fail_gate|validation_thin|cash_baseline_lag|bootstrap_not_robust|liquidity_below_formal,5,Candidate failed a hard gate.; Target stress validation sample is too small for formal use.; Hedge lags a cash-only de-risking baseline in target stress.; Target stress bootstrap confidence is not robust.; 60-day ADV evidence is missing or below the formal threshold.,기준 미통과,stagflation_reinflation_energy_shock
SHY + IAU,bond|gold,higher_for_longer_long_rate_shock|stagflation_reinflation_energy_shock,FAIL,FAIL: 연환산 수익률 훼손 하드 게이트,30.0,,,,,2,grid_scenario_risk,"{""SHY"": 15.0, ""IAU"": 15.0}",max grid objective: status + CVaR/MDD + scenario + Sharpe,0.21748,0.15912,-0.293939,-0.204965,-0.029725,-0.021498,0.381285,0.300168,1.615249,1.697887,-0.000914,-0.000431,0.279977,0.482666,0.76943,0.587436,0.750579,0.556982,0.338346,0.25222,26.834767,30.269512,27.675509,0.000482,-0.202689,0.181993,0.181993,0.082637,5.116083,-0.081117,-21.274699,0.193596,0.086126,598507121135.5558,0.960662,0.924807,0.817839,0.844003,0.823078,0.127964,0.575622,0.5,FAIL_GATE,연환산 수익률 훼손 하드 게이트,,DQ WARN non-blocking - SHY: fx_missing_warn; DQ WARN non-blocking - IAU: fx_missing_warn,,0.1,0.9,0.341908,0.266286,0.355571,0.311355,-0.075622,-0.044216,0.575622,0.075622,0.0,0.0,scenario_vulnerability_reducer,hedge_candidate,SHY: 기본 포트폴리오 개선 후보 | IAU: 기본 포트폴리오 개선 후보,"장기금리 부담장, 달러강세/원화약세장, 물가·에너지 재상승장 기준 취약도를 낮추는 후보입니다.",0.714429,"CVaR 개선, MDD 개선, 노출(beta/corr) 감소 / 장기금리 부담장, 달러강세/원화약세장, 물가·에너지 재상승장 기준 취약도를 낮추는 후보입니다.","{""MSFT"": 13.7697, ""NVDA"": 13.7697, ""AVGO"": 7.0441, ""XOM"": 7.8771, ""011200.KS"": 13.7697, ""207940.KS"": 13.7697, ""SHY"": 15.0, ""IAU"": 15.0}",REFERENCE_ONLY_CASH_BASELINE,8,0,2,2,0,0,0,0,0,2,2,0,2,0.45,0.505,-0.018754,-0.019205,-0.020514,-0.021368,-0.001415,-0.00156,0.3,0,2,2,0,0,0,target-scenario hedge did not beat cash-only de-risking in 2 stress case,,,OK_ADV_FLOOR_NO_ORDER_SIZE,fail_gate|cash_baseline_lag|bootstrap_not_robust,3,Candidate failed a hard gate.; Hedge lags a cash-only de-risking baseline in target stress.; Target stress bootstrap confidence is not robust.,기준 미통과,higher_for_longer_long_rate_shock|stagflation_reinflation_energy_shock
SHY + DBC,bond|commodity_energy,higher_for_longer_long_rate_shock|stagflation_reinflation_energy_shock,FAIL,FAIL: 연환산 수익률 훼손 하드 게이트,30.0,,,,,2,grid_scenario_risk,"{""SHY"": 18.0, ""DBC"": 12.0}",max grid objective: status + CVaR/MDD + scenario + Sharpe,0.21748,0.162575,-0.293939,-0.233041,-0.029725,-0.022379,0.381285,0.289106,1.615249,1.593768,-0.000914,-0.000884,0.279977,0.355169,0.76943,0.612801,0.750579,0.599395,0.338346,0.200611,25.246315,20.717941,24.711943,3e-05,-0.075192,0.156629,0.156629,-0.021481,-1.329909,-0.092179,-24.175838,0.151184,0.137736,73595336412.57709,0.808496,0.527018,0.0,0.675985,0.0,0.0,0.559037,0.5,FAIL_GATE,연환산 수익률 훼손 하드 게이트,,DQ WARN non-blocking - SHY: fx_missing_warn; DQ WARN non-blocking - DBC: fx_missing_warn,,0.1,0.9,0.341908,0.282871,0.355571,0.332077,-0.059037,-0.023494,0.559037,0.059037,0.0,0.0,scenario_vulnerability_reducer,hedge_candidate,SHY: 기본 포트폴리오 개선 후보 | DBC: 기본 포트폴리오 개선 후보,"장기금리 부담장, 달러강세/원화약세장, 물가·에너지 재상승장 기준 취약도를 낮추는 후보입니다.",0.479022,"CVaR 개선, 노출(beta/corr) 감소, 현재 장세 취약도 개선 / 장기금리 부담장, 달러강세/원화약세장, 물가·에너지 재상승장 기준 취약도를 낮추는 후보입니다.","{""MSFT"": 13.7697, ""NVDA"": 13.7697, ""AVGO"": 7.0441, ""XOM"": 7.8771, ""011200.KS"": 13.7697, ""207940.KS"": 13.7697, ""SHY"": 18.0, ""DBC"": 12.0}",REFERENCE_ONLY_CASH_BASELINE,8,0,2,2,0,0,0,0,0,2,2,0,2,0.7,0.755,0.015706,0.011721,-0.031638,-0.033718,-0.000875,-0.001194,0.3,0,2,2,0,0,0,target-scenario hedge did not beat cash-only de-risking in 2 stress case,,,BELOW_FORMAL_ADV_FLOOR_NO_ORDER_SIZE,fail_gate|cash_baseline_lag|bootstrap_not_robust|liquidity_below_formal,4,Candidate failed a hard gate.; Hedge lags a cash-only de-risking baseline in target stress.; Target stress bootstrap confidence is not robust.; 60-day ADV evidence is missing or below the formal threshold.,기준 미통과,higher_for_longer_long_rate_shock|stagflation_reinflation_energy_shock
IAU + DBC,commodity_energy|gold,stagflation_reinflation_energy_shock,FAIL,FAIL: 연환산 수익률 훼손 하드 게이트,30.0,,,,,2,grid_scenario_risk,"{""IAU"": 18.0, ""DBC"": 12.0}",max grid objective: status + CVaR/MDD + scenario + Sharpe,0.21748,0.167357,-0.293939,-0.237686,-0.029725,-0.023019,0.381285,0.3179,1.615249,1.720267,-0.000914,-0.000839,0.279977,0.411349,0.76943,0.618776,0.750579,0.614166,0.338346,0.267033,23.047134,19.137867,22.558879,7.5e-05,-0.131372,0.150654,0.150654,0.105018,6.501658,-0.063386,-16.624204,0.136412,0.071313,73595336412.57709,0.697946,0.461214,0.080961,0.636409,1.0,0.0,0.58747,0.5,FAIL_GATE,연환산 수익률 훼손 하드 게이트,,DQ WARN non-blocking - IAU: fx_missing_warn; DQ WARN non-blocking - DBC: fx_missing_warn,,0.1,0.9,0.341908,0.254439,0.355571,0.266188,-0.08747,-0.089383,0.58747,0.08747,0.0,0.0,scenario_vulnerability_reducer,hedge_candidate,IAU: 기본 포트폴리오 개선 후보 | DBC: 기본 포트폴리오 개선 후보,"장기금리 부담장, 달러강세/원화약세장, 물가·에너지 재상승장 기준 취약도를 낮추는 후보입니다.",0.520805,"Sharpe 개선, CVaR 개선, 노출(beta/corr) 감소 / 장기금리 부담장, 달러강세/원화약세장, 물가·에너지 재상승장 기준 취약도를 낮추는 후보입니다.","{""MSFT"": 13.7697, ""NVDA"": 13.7697, ""AVGO"": 7.0441, ""XOM"": 7.8771, ""011200.KS"": 13.7697, ""207940.KS"": 13.7697, ""IAU"": 18.0, ""DBC"": 12.0}",VALIDATION_THIN,8,0,1,1,0,0,0,0,0,1,1,0,1,0.56,0.56,0.005071,0.005071,-0.04471,-0.04471,-0.00201,-0.00201,0.3,0,1,1,0,0,0,target-scenario backtest has only 1 evaluated stress case; 표본 부족,,,BELOW_FORMAL_ADV_FLOOR_NO_ORDER_SIZE,fail_gate|validation_thin|cash_baseline_lag|bootstrap_not_robust|liquidity_below_formal,5,Candidate failed a hard gate.; Target stress validation sample is too small for formal use.; Hedge lags a cash-only de-risking baseline in target stress.; Target stress bootstrap confidence is not robust.; 60-day ADV evidence is missing or below the formal threshold.,기준 미통과,stagflation_reinflation_energy_shock
