ticker,asset_class,currency,factor,factor_label,direction,magnitude,sensitivity_level,raw_value,value_basis,sign_positive_meaning,sign_negative_meaning,structural_tags,evidence_metrics
000270.KS,kr_stock,KRW,market_beta_sp500,S&P500 beta,neutral,0.058029,low,0.058029,beta_sp500_1y_krw,SPY와 같은 방향,SPY와 반대 방향,korea_equity_proxy,beta_sp500_1y_krw=0.058029
000270.KS,kr_stock,KRW,downside_beta_sp500,S&P500 downside beta,positive,0.107497,low,0.107497,downside_beta_sp500_1y_krw,미국 증시 하락일에 함께 하락,미국 증시 하락일에 반대로 움직임,korea_equity_proxy,downside_beta_sp500_1y_krw=0.107497
000270.KS,kr_stock,KRW,corr_sp500_60d,S&P500 60d correlation,negative,0.232481,low,-0.232481,corr_sp500_60d_krw,SPY와 같은 방향,SPY와 반대 방향,korea_equity_proxy,corr_sp500_60d_krw=-0.232481
000270.KS,kr_stock,KRW,corr_kospi200_60d,KOSPI200 60d correlation,positive,0.808781,high,0.808781,corr_kospi200_60d_krw,KOSPI200과 같은 방향,KOSPI200과 반대 방향,korea_equity_proxy,corr_kospi200_60d_krw=0.808781
000270.KS,kr_stock,KRW,stress_response,Stress-period average return,negative,0.004996,high,-0.004996,avg_stress_ret_krw,위기구간에서 플러스 성과,위기구간에서 마이너스 성과,korea_equity_proxy,avg_stress_ret_krw=-0.004996
000660.KS,kr_stock,KRW,market_beta_sp500,S&P500 beta,positive,0.122468,low,0.122468,beta_sp500_1y_krw,SPY와 같은 방향,SPY와 반대 방향,ai_capex_proxy|korea_equity_proxy|semiconductor_proxy,beta_sp500_1y_krw=0.122468
000660.KS,kr_stock,KRW,downside_beta_sp500,S&P500 downside beta,positive,0.255832,low,0.255832,downside_beta_sp500_1y_krw,미국 증시 하락일에 함께 하락,미국 증시 하락일에 반대로 움직임,ai_capex_proxy|korea_equity_proxy|semiconductor_proxy,downside_beta_sp500_1y_krw=0.255832
000660.KS,kr_stock,KRW,corr_sp500_60d,S&P500 60d correlation,negative,0.147889,low,-0.147889,corr_sp500_60d_krw,SPY와 같은 방향,SPY와 반대 방향,ai_capex_proxy|korea_equity_proxy|semiconductor_proxy,corr_sp500_60d_krw=-0.147889
000660.KS,kr_stock,KRW,corr_kospi200_60d,KOSPI200 60d correlation,positive,0.93612,high,0.93612,corr_kospi200_60d_krw,KOSPI200과 같은 방향,KOSPI200과 반대 방향,ai_capex_proxy|korea_equity_proxy|semiconductor_proxy,corr_kospi200_60d_krw=0.93612
000660.KS,kr_stock,KRW,stress_response,Stress-period average return,negative,0.01021,high,-0.01021,avg_stress_ret_krw,위기구간에서 플러스 성과,위기구간에서 마이너스 성과,ai_capex_proxy|korea_equity_proxy|semiconductor_proxy,avg_stress_ret_krw=-0.01021
000810.KS,kr_stock,KRW,market_beta_sp500,S&P500 beta,neutral,0.010814,low,0.010814,beta_sp500_1y_krw,SPY와 같은 방향,SPY와 반대 방향,korea_equity_proxy|korea_financial_proxy,beta_sp500_1y_krw=0.010814
000810.KS,kr_stock,KRW,downside_beta_sp500,S&P500 downside beta,positive,0.115902,low,0.115902,downside_beta_sp500_1y_krw,미국 증시 하락일에 함께 하락,미국 증시 하락일에 반대로 움직임,korea_equity_proxy|korea_financial_proxy,downside_beta_sp500_1y_krw=0.115902
000810.KS,kr_stock,KRW,corr_sp500_60d,S&P500 60d correlation,negative,0.169489,low,-0.169489,corr_sp500_60d_krw,SPY와 같은 방향,SPY와 반대 방향,korea_equity_proxy|korea_financial_proxy,corr_sp500_60d_krw=-0.169489
000810.KS,kr_stock,KRW,corr_kospi200_60d,KOSPI200 60d correlation,positive,0.585407,medium,0.585407,corr_kospi200_60d_krw,KOSPI200과 같은 방향,KOSPI200과 반대 방향,korea_equity_proxy|korea_financial_proxy,corr_kospi200_60d_krw=0.585407
000810.KS,kr_stock,KRW,stress_response,Stress-period average return,negative,0.004478,high,-0.004478,avg_stress_ret_krw,위기구간에서 플러스 성과,위기구간에서 마이너스 성과,korea_equity_proxy|korea_financial_proxy,avg_stress_ret_krw=-0.004478
003670.KS,kr_stock,KRW,market_beta_sp500,S&P500 beta,neutral,0.006153,low,0.006153,beta_sp500_1y_krw,SPY와 같은 방향,SPY와 반대 방향,korea_equity_proxy,beta_sp500_1y_krw=0.006153
003670.KS,kr_stock,KRW,downside_beta_sp500,S&P500 downside beta,positive,0.14225,low,0.14225,downside_beta_sp500_1y_krw,미국 증시 하락일에 함께 하락,미국 증시 하락일에 반대로 움직임,korea_equity_proxy,downside_beta_sp500_1y_krw=0.14225
003670.KS,kr_stock,KRW,corr_sp500_60d,S&P500 60d correlation,negative,0.333537,medium,-0.333537,corr_sp500_60d_krw,SPY와 같은 방향,SPY와 반대 방향,korea_equity_proxy,corr_sp500_60d_krw=-0.333537
003670.KS,kr_stock,KRW,corr_kospi200_60d,KOSPI200 60d correlation,positive,0.728575,high,0.728575,corr_kospi200_60d_krw,KOSPI200과 같은 방향,KOSPI200과 반대 방향,korea_equity_proxy,corr_kospi200_60d_krw=0.728575
003670.KS,kr_stock,KRW,stress_response,Stress-period average return,negative,0.005132,high,-0.005132,avg_stress_ret_krw,위기구간에서 플러스 성과,위기구간에서 마이너스 성과,korea_equity_proxy,avg_stress_ret_krw=-0.005132
005380.KS,kr_stock,KRW,market_beta_sp500,S&P500 beta,neutral,0.045767,low,0.045767,beta_sp500_1y_krw,SPY와 같은 방향,SPY와 반대 방향,korea_equity_proxy,beta_sp500_1y_krw=0.045767
005380.KS,kr_stock,KRW,downside_beta_sp500,S&P500 downside beta,positive,0.135676,low,0.135676,downside_beta_sp500_1y_krw,미국 증시 하락일에 함께 하락,미국 증시 하락일에 반대로 움직임,korea_equity_proxy,downside_beta_sp500_1y_krw=0.135676
005380.KS,kr_stock,KRW,corr_sp500_60d,S&P500 60d correlation,negative,0.261711,low,-0.261711,corr_sp500_60d_krw,SPY와 같은 방향,SPY와 반대 방향,korea_equity_proxy,corr_sp500_60d_krw=-0.261711
005380.KS,kr_stock,KRW,corr_kospi200_60d,KOSPI200 60d correlation,positive,0.775403,high,0.775403,corr_kospi200_60d_krw,KOSPI200과 같은 방향,KOSPI200과 반대 방향,korea_equity_proxy,corr_kospi200_60d_krw=0.775403
005380.KS,kr_stock,KRW,stress_response,Stress-period average return,negative,0.005493,high,-0.005493,avg_stress_ret_krw,위기구간에서 플러스 성과,위기구간에서 마이너스 성과,korea_equity_proxy,avg_stress_ret_krw=-0.005493
005490.KS,kr_stock,KRW,market_beta_sp500,S&P500 beta,neutral,0.007647,low,0.007647,beta_sp500_1y_krw,SPY와 같은 방향,SPY와 반대 방향,korea_equity_proxy,beta_sp500_1y_krw=0.007647
005490.KS,kr_stock,KRW,downside_beta_sp500,S&P500 downside beta,positive,0.103868,low,0.103868,downside_beta_sp500_1y_krw,미국 증시 하락일에 함께 하락,미국 증시 하락일에 반대로 움직임,korea_equity_proxy,downside_beta_sp500_1y_krw=0.103868
005490.KS,kr_stock,KRW,corr_sp500_60d,S&P500 60d correlation,negative,0.342188,medium,-0.342188,corr_sp500_60d_krw,SPY와 같은 방향,SPY와 반대 방향,korea_equity_proxy,corr_sp500_60d_krw=-0.342188
005490.KS,kr_stock,KRW,corr_kospi200_60d,KOSPI200 60d correlation,positive,0.710055,high,0.710055,corr_kospi200_60d_krw,KOSPI200과 같은 방향,KOSPI200과 반대 방향,korea_equity_proxy,corr_kospi200_60d_krw=0.710055
005490.KS,kr_stock,KRW,stress_response,Stress-period average return,negative,0.005251,high,-0.005251,avg_stress_ret_krw,위기구간에서 플러스 성과,위기구간에서 마이너스 성과,korea_equity_proxy,avg_stress_ret_krw=-0.005251
005930.KS,kr_stock,KRW,market_beta_sp500,S&P500 beta,neutral,0.038313,low,0.038313,beta_sp500_1y_krw,SPY와 같은 방향,SPY와 반대 방향,ai_capex_proxy|korea_equity_proxy|semiconductor_proxy,beta_sp500_1y_krw=0.038313
005930.KS,kr_stock,KRW,downside_beta_sp500,S&P500 downside beta,neutral,0.094273,low,0.094273,downside_beta_sp500_1y_krw,미국 증시 하락일에 함께 하락,미국 증시 하락일에 반대로 움직임,ai_capex_proxy|korea_equity_proxy|semiconductor_proxy,downside_beta_sp500_1y_krw=0.094273
005930.KS,kr_stock,KRW,corr_sp500_60d,S&P500 60d correlation,negative,0.232455,low,-0.232455,corr_sp500_60d_krw,SPY와 같은 방향,SPY와 반대 방향,ai_capex_proxy|korea_equity_proxy|semiconductor_proxy,corr_sp500_60d_krw=-0.232455
005930.KS,kr_stock,KRW,corr_kospi200_60d,KOSPI200 60d correlation,positive,0.960254,high,0.960254,corr_kospi200_60d_krw,KOSPI200과 같은 방향,KOSPI200과 반대 방향,ai_capex_proxy|korea_equity_proxy|semiconductor_proxy,corr_kospi200_60d_krw=0.960254
005930.KS,kr_stock,KRW,stress_response,Stress-period average return,negative,0.005363,high,-0.005363,avg_stress_ret_krw,위기구간에서 플러스 성과,위기구간에서 마이너스 성과,ai_capex_proxy|korea_equity_proxy|semiconductor_proxy,avg_stress_ret_krw=-0.005363
006400.KS,kr_stock,KRW,market_beta_sp500,S&P500 beta,neutral,0.043592,low,0.043592,beta_sp500_1y_krw,SPY와 같은 방향,SPY와 반대 방향,korea_equity_proxy,beta_sp500_1y_krw=0.043592
006400.KS,kr_stock,KRW,downside_beta_sp500,S&P500 downside beta,neutral,0.092666,low,0.092666,downside_beta_sp500_1y_krw,미국 증시 하락일에 함께 하락,미국 증시 하락일에 반대로 움직임,korea_equity_proxy,downside_beta_sp500_1y_krw=0.092666
006400.KS,kr_stock,KRW,corr_sp500_60d,S&P500 60d correlation,negative,0.245378,low,-0.245378,corr_sp500_60d_krw,SPY와 같은 방향,SPY와 반대 방향,korea_equity_proxy,corr_sp500_60d_krw=-0.245378
006400.KS,kr_stock,KRW,corr_kospi200_60d,KOSPI200 60d correlation,positive,0.588904,medium,0.588904,corr_kospi200_60d_krw,KOSPI200과 같은 방향,KOSPI200과 반대 방향,korea_equity_proxy,corr_kospi200_60d_krw=0.588904
006400.KS,kr_stock,KRW,stress_response,Stress-period average return,negative,0.00733,high,-0.00733,avg_stress_ret_krw,위기구간에서 플러스 성과,위기구간에서 마이너스 성과,korea_equity_proxy,avg_stress_ret_krw=-0.00733
011200.KS,kr_stock,KRW,market_beta_sp500,S&P500 beta,neutral,0.04707,low,-0.04707,beta_sp500_1y_krw,SPY와 같은 방향,SPY와 반대 방향,korea_equity_proxy,beta_sp500_1y_krw=-0.04707
011200.KS,kr_stock,KRW,downside_beta_sp500,S&P500 downside beta,neutral,0.095855,low,-0.095855,downside_beta_sp500_1y_krw,미국 증시 하락일에 함께 하락,미국 증시 하락일에 반대로 움직임,korea_equity_proxy,downside_beta_sp500_1y_krw=-0.095855
011200.KS,kr_stock,KRW,corr_sp500_60d,S&P500 60d correlation,negative,0.287535,low,-0.287535,corr_sp500_60d_krw,SPY와 같은 방향,SPY와 반대 방향,korea_equity_proxy,corr_sp500_60d_krw=-0.287535
011200.KS,kr_stock,KRW,corr_kospi200_60d,KOSPI200 60d correlation,positive,0.342177,medium,0.342177,corr_kospi200_60d_krw,KOSPI200과 같은 방향,KOSPI200과 반대 방향,korea_equity_proxy,corr_kospi200_60d_krw=0.342177
011200.KS,kr_stock,KRW,stress_response,Stress-period average return,negative,0.000737,low,-0.000737,avg_stress_ret_krw,위기구간에서 플러스 성과,위기구간에서 마이너스 성과,korea_equity_proxy,avg_stress_ret_krw=-0.000737
017670.KS,kr_stock,KRW,market_beta_sp500,S&P500 beta,neutral,0.002631,low,-0.002631,beta_sp500_1y_krw,SPY와 같은 방향,SPY와 반대 방향,korea_equity_proxy,beta_sp500_1y_krw=-0.002631
017670.KS,kr_stock,KRW,downside_beta_sp500,S&P500 downside beta,neutral,0.037539,low,0.037539,downside_beta_sp500_1y_krw,미국 증시 하락일에 함께 하락,미국 증시 하락일에 반대로 움직임,korea_equity_proxy,downside_beta_sp500_1y_krw=0.037539
017670.KS,kr_stock,KRW,corr_sp500_60d,S&P500 60d correlation,negative,0.165655,low,-0.165655,corr_sp500_60d_krw,SPY와 같은 방향,SPY와 반대 방향,korea_equity_proxy,corr_sp500_60d_krw=-0.165655
017670.KS,kr_stock,KRW,corr_kospi200_60d,KOSPI200 60d correlation,positive,0.592423,medium,0.592423,corr_kospi200_60d_krw,KOSPI200과 같은 방향,KOSPI200과 반대 방향,korea_equity_proxy,corr_kospi200_60d_krw=0.592423
017670.KS,kr_stock,KRW,stress_response,Stress-period average return,negative,0.001759,medium,-0.001759,avg_stress_ret_krw,위기구간에서 플러스 성과,위기구간에서 마이너스 성과,korea_equity_proxy,avg_stress_ret_krw=-0.001759
032830.KS,kr_stock,KRW,market_beta_sp500,S&P500 beta,neutral,0.026675,low,-0.026675,beta_sp500_1y_krw,SPY와 같은 방향,SPY와 반대 방향,credit_proxy|korea_equity_proxy|korea_financial_proxy,beta_sp500_1y_krw=-0.026675
032830.KS,kr_stock,KRW,downside_beta_sp500,S&P500 downside beta,positive,0.133416,low,0.133416,downside_beta_sp500_1y_krw,미국 증시 하락일에 함께 하락,미국 증시 하락일에 반대로 움직임,credit_proxy|korea_equity_proxy|korea_financial_proxy,downside_beta_sp500_1y_krw=0.133416
032830.KS,kr_stock,KRW,corr_sp500_60d,S&P500 60d correlation,negative,0.225732,low,-0.225732,corr_sp500_60d_krw,SPY와 같은 방향,SPY와 반대 방향,credit_proxy|korea_equity_proxy|korea_financial_proxy,corr_sp500_60d_krw=-0.225732
032830.KS,kr_stock,KRW,corr_kospi200_60d,KOSPI200 60d correlation,positive,0.792866,high,0.792866,corr_kospi200_60d_krw,KOSPI200과 같은 방향,KOSPI200과 반대 방향,credit_proxy|korea_equity_proxy|korea_financial_proxy,corr_kospi200_60d_krw=0.792866
032830.KS,kr_stock,KRW,stress_response,Stress-period average return,negative,0.004678,high,-0.004678,avg_stress_ret_krw,위기구간에서 플러스 성과,위기구간에서 마이너스 성과,credit_proxy|korea_equity_proxy|korea_financial_proxy,avg_stress_ret_krw=-0.004678
034020.KS,kr_stock,KRW,market_beta_sp500,S&P500 beta,neutral,0.074827,low,0.074827,beta_sp500_1y_krw,SPY와 같은 방향,SPY와 반대 방향,korea_equity_proxy,beta_sp500_1y_krw=0.074827
034020.KS,kr_stock,KRW,downside_beta_sp500,S&P500 downside beta,positive,0.214301,low,0.214301,downside_beta_sp500_1y_krw,미국 증시 하락일에 함께 하락,미국 증시 하락일에 반대로 움직임,korea_equity_proxy,downside_beta_sp500_1y_krw=0.214301
034020.KS,kr_stock,KRW,corr_sp500_60d,S&P500 60d correlation,negative,0.299186,low,-0.299186,corr_sp500_60d_krw,SPY와 같은 방향,SPY와 반대 방향,korea_equity_proxy,corr_sp500_60d_krw=-0.299186
034020.KS,kr_stock,KRW,corr_kospi200_60d,KOSPI200 60d correlation,positive,0.717844,high,0.717844,corr_kospi200_60d_krw,KOSPI200과 같은 방향,KOSPI200과 반대 방향,korea_equity_proxy,corr_kospi200_60d_krw=0.717844
034020.KS,kr_stock,KRW,stress_response,Stress-period average return,negative,0.008922,high,-0.008922,avg_stress_ret_krw,위기구간에서 플러스 성과,위기구간에서 마이너스 성과,korea_equity_proxy,avg_stress_ret_krw=-0.008922
035420.KS,kr_stock,KRW,market_beta_sp500,S&P500 beta,neutral,0.05893,low,-0.05893,beta_sp500_1y_krw,SPY와 같은 방향,SPY와 반대 방향,korea_equity_proxy,beta_sp500_1y_krw=-0.05893
035420.KS,kr_stock,KRW,downside_beta_sp500,S&P500 downside beta,neutral,0.083592,low,0.083592,downside_beta_sp500_1y_krw,미국 증시 하락일에 함께 하락,미국 증시 하락일에 반대로 움직임,korea_equity_proxy,downside_beta_sp500_1y_krw=0.083592
035420.KS,kr_stock,KRW,corr_sp500_60d,S&P500 60d correlation,negative,0.298735,low,-0.298735,corr_sp500_60d_krw,SPY와 같은 방향,SPY와 반대 방향,korea_equity_proxy,corr_sp500_60d_krw=-0.298735
035420.KS,kr_stock,KRW,corr_kospi200_60d,KOSPI200 60d correlation,positive,0.755389,high,0.755389,corr_kospi200_60d_krw,KOSPI200과 같은 방향,KOSPI200과 반대 방향,korea_equity_proxy,corr_kospi200_60d_krw=0.755389
035420.KS,kr_stock,KRW,stress_response,Stress-period average return,negative,0.004623,high,-0.004623,avg_stress_ret_krw,위기구간에서 플러스 성과,위기구간에서 마이너스 성과,korea_equity_proxy,avg_stress_ret_krw=-0.004623
035720.KS,kr_stock,KRW,market_beta_sp500,S&P500 beta,neutral,0.008151,low,0.008151,beta_sp500_1y_krw,SPY와 같은 방향,SPY와 반대 방향,korea_equity_proxy,beta_sp500_1y_krw=0.008151
035720.KS,kr_stock,KRW,downside_beta_sp500,S&P500 downside beta,positive,0.11844,low,0.11844,downside_beta_sp500_1y_krw,미국 증시 하락일에 함께 하락,미국 증시 하락일에 반대로 움직임,korea_equity_proxy,downside_beta_sp500_1y_krw=0.11844
035720.KS,kr_stock,KRW,corr_sp500_60d,S&P500 60d correlation,negative,0.357178,medium,-0.357178,corr_sp500_60d_krw,SPY와 같은 방향,SPY와 반대 방향,korea_equity_proxy,corr_sp500_60d_krw=-0.357178
035720.KS,kr_stock,KRW,corr_kospi200_60d,KOSPI200 60d correlation,positive,0.751754,high,0.751754,corr_kospi200_60d_krw,KOSPI200과 같은 방향,KOSPI200과 반대 방향,korea_equity_proxy,corr_kospi200_60d_krw=0.751754
035720.KS,kr_stock,KRW,stress_response,Stress-period average return,negative,0.007714,high,-0.007714,avg_stress_ret_krw,위기구간에서 플러스 성과,위기구간에서 마이너스 성과,korea_equity_proxy,avg_stress_ret_krw=-0.007714
051910.KS,kr_stock,KRW,market_beta_sp500,S&P500 beta,neutral,0.035811,low,0.035811,beta_sp500_1y_krw,SPY와 같은 방향,SPY와 반대 방향,korea_equity_proxy,beta_sp500_1y_krw=0.035811
051910.KS,kr_stock,KRW,downside_beta_sp500,S&P500 downside beta,neutral,0.078886,low,0.078886,downside_beta_sp500_1y_krw,미국 증시 하락일에 함께 하락,미국 증시 하락일에 반대로 움직임,korea_equity_proxy,downside_beta_sp500_1y_krw=0.078886
051910.KS,kr_stock,KRW,corr_sp500_60d,S&P500 60d correlation,negative,0.305782,medium,-0.305782,corr_sp500_60d_krw,SPY와 같은 방향,SPY와 반대 방향,korea_equity_proxy,corr_sp500_60d_krw=-0.305782
051910.KS,kr_stock,KRW,corr_kospi200_60d,KOSPI200 60d correlation,positive,0.714508,high,0.714508,corr_kospi200_60d_krw,KOSPI200과 같은 방향,KOSPI200과 반대 방향,korea_equity_proxy,corr_kospi200_60d_krw=0.714508
051910.KS,kr_stock,KRW,stress_response,Stress-period average return,negative,0.007487,high,-0.007487,avg_stress_ret_krw,위기구간에서 플러스 성과,위기구간에서 마이너스 성과,korea_equity_proxy,avg_stress_ret_krw=-0.007487
055550.KS,kr_stock,KRW,market_beta_sp500,S&P500 beta,neutral,0.009201,low,-0.009201,beta_sp500_1y_krw,SPY와 같은 방향,SPY와 반대 방향,credit_proxy|korea_equity_proxy|korea_financial_proxy,beta_sp500_1y_krw=-0.009201
055550.KS,kr_stock,KRW,downside_beta_sp500,S&P500 downside beta,neutral,0.071834,low,0.071834,downside_beta_sp500_1y_krw,미국 증시 하락일에 함께 하락,미국 증시 하락일에 반대로 움직임,credit_proxy|korea_equity_proxy|korea_financial_proxy,downside_beta_sp500_1y_krw=0.071834
055550.KS,kr_stock,KRW,corr_sp500_60d,S&P500 60d correlation,negative,0.304527,medium,-0.304527,corr_sp500_60d_krw,SPY와 같은 방향,SPY와 반대 방향,credit_proxy|korea_equity_proxy|korea_financial_proxy,corr_sp500_60d_krw=-0.304527
055550.KS,kr_stock,KRW,corr_kospi200_60d,KOSPI200 60d correlation,positive,0.660168,high,0.660168,corr_kospi200_60d_krw,KOSPI200과 같은 방향,KOSPI200과 반대 방향,credit_proxy|korea_equity_proxy|korea_financial_proxy,corr_kospi200_60d_krw=0.660168
055550.KS,kr_stock,KRW,stress_response,Stress-period average return,negative,0.00511,high,-0.00511,avg_stress_ret_krw,위기구간에서 플러스 성과,위기구간에서 마이너스 성과,credit_proxy|korea_equity_proxy|korea_financial_proxy,avg_stress_ret_krw=-0.00511
066570.KS,kr_stock,KRW,market_beta_sp500,S&P500 beta,neutral,0.060252,low,0.060252,beta_sp500_1y_krw,SPY와 같은 방향,SPY와 반대 방향,korea_equity_proxy,beta_sp500_1y_krw=0.060252
066570.KS,kr_stock,KRW,downside_beta_sp500,S&P500 downside beta,positive,0.104082,low,0.104082,downside_beta_sp500_1y_krw,미국 증시 하락일에 함께 하락,미국 증시 하락일에 반대로 움직임,korea_equity_proxy,downside_beta_sp500_1y_krw=0.104082
066570.KS,kr_stock,KRW,corr_sp500_60d,S&P500 60d correlation,negative,0.239123,low,-0.239123,corr_sp500_60d_krw,SPY와 같은 방향,SPY와 반대 방향,korea_equity_proxy,corr_sp500_60d_krw=-0.239123
066570.KS,kr_stock,KRW,corr_kospi200_60d,KOSPI200 60d correlation,positive,0.52087,medium,0.52087,corr_kospi200_60d_krw,KOSPI200과 같은 방향,KOSPI200과 반대 방향,korea_equity_proxy,corr_kospi200_60d_krw=0.52087
066570.KS,kr_stock,KRW,stress_response,Stress-period average return,negative,0.006955,high,-0.006955,avg_stress_ret_krw,위기구간에서 플러스 성과,위기구간에서 마이너스 성과,korea_equity_proxy,avg_stress_ret_krw=-0.006955
068270.KS,kr_stock,KRW,market_beta_sp500,S&P500 beta,neutral,0.040862,low,-0.040862,beta_sp500_1y_krw,SPY와 같은 방향,SPY와 반대 방향,korea_equity_proxy,beta_sp500_1y_krw=-0.040862
068270.KS,kr_stock,KRW,downside_beta_sp500,S&P500 downside beta,neutral,0.000214,low,-0.000214,downside_beta_sp500_1y_krw,미국 증시 하락일에 함께 하락,미국 증시 하락일에 반대로 움직임,korea_equity_proxy,downside_beta_sp500_1y_krw=-0.000214
068270.KS,kr_stock,KRW,corr_sp500_60d,S&P500 60d correlation,negative,0.374119,medium,-0.374119,corr_sp500_60d_krw,SPY와 같은 방향,SPY와 반대 방향,korea_equity_proxy,corr_sp500_60d_krw=-0.374119
068270.KS,kr_stock,KRW,corr_kospi200_60d,KOSPI200 60d correlation,positive,0.694424,high,0.694424,corr_kospi200_60d_krw,KOSPI200과 같은 방향,KOSPI200과 반대 방향,korea_equity_proxy,corr_kospi200_60d_krw=0.694424
068270.KS,kr_stock,KRW,stress_response,Stress-period average return,negative,0.002263,medium,-0.002263,avg_stress_ret_krw,위기구간에서 플러스 성과,위기구간에서 마이너스 성과,korea_equity_proxy,avg_stress_ret_krw=-0.002263
105560.KS,kr_stock,KRW,market_beta_sp500,S&P500 beta,neutral,0.004008,low,0.004008,beta_sp500_1y_krw,SPY와 같은 방향,SPY와 반대 방향,credit_proxy|korea_equity_proxy|korea_financial_proxy,beta_sp500_1y_krw=0.004008
105560.KS,kr_stock,KRW,downside_beta_sp500,S&P500 downside beta,positive,0.110282,low,0.110282,downside_beta_sp500_1y_krw,미국 증시 하락일에 함께 하락,미국 증시 하락일에 반대로 움직임,credit_proxy|korea_equity_proxy|korea_financial_proxy,downside_beta_sp500_1y_krw=0.110282
105560.KS,kr_stock,KRW,corr_sp500_60d,S&P500 60d correlation,negative,0.32355,medium,-0.32355,corr_sp500_60d_krw,SPY와 같은 방향,SPY와 반대 방향,credit_proxy|korea_equity_proxy|korea_financial_proxy,corr_sp500_60d_krw=-0.32355
105560.KS,kr_stock,KRW,corr_kospi200_60d,KOSPI200 60d correlation,positive,0.729959,high,0.729959,corr_kospi200_60d_krw,KOSPI200과 같은 방향,KOSPI200과 반대 방향,credit_proxy|korea_equity_proxy|korea_financial_proxy,corr_kospi200_60d_krw=0.729959
105560.KS,kr_stock,KRW,stress_response,Stress-period average return,negative,0.006056,high,-0.006056,avg_stress_ret_krw,위기구간에서 플러스 성과,위기구간에서 마이너스 성과,credit_proxy|korea_equity_proxy|korea_financial_proxy,avg_stress_ret_krw=-0.006056
207940.KS,kr_stock,KRW,market_beta_sp500,S&P500 beta,neutral,0.007036,low,0.007036,beta_sp500_1y_krw,SPY와 같은 방향,SPY와 반대 방향,korea_equity_proxy,beta_sp500_1y_krw=0.007036
207940.KS,kr_stock,KRW,downside_beta_sp500,S&P500 downside beta,neutral,0.053818,low,-0.053818,downside_beta_sp500_1y_krw,미국 증시 하락일에 함께 하락,미국 증시 하락일에 반대로 움직임,korea_equity_proxy,downside_beta_sp500_1y_krw=-0.053818
207940.KS,kr_stock,KRW,corr_sp500_60d,S&P500 60d correlation,negative,0.361018,medium,-0.361018,corr_sp500_60d_krw,SPY와 같은 방향,SPY와 반대 방향,korea_equity_proxy,corr_sp500_60d_krw=-0.361018
207940.KS,kr_stock,KRW,corr_kospi200_60d,KOSPI200 60d correlation,positive,0.702645,high,0.702645,corr_kospi200_60d_krw,KOSPI200과 같은 방향,KOSPI200과 반대 방향,korea_equity_proxy,corr_kospi200_60d_krw=0.702645
207940.KS,kr_stock,KRW,stress_response,Stress-period average return,negative,0.00163,medium,-0.00163,avg_stress_ret_krw,위기구간에서 플러스 성과,위기구간에서 마이너스 성과,korea_equity_proxy,avg_stress_ret_krw=-0.00163
AAPL,us_stock,USD,market_beta_sp500,S&P500 beta,positive,1.0541,high,1.0541,beta_sp500_1y_krw,SPY와 같은 방향,SPY와 반대 방향,usd_exposure,beta_sp500_1y_krw=1.0541
AAPL,us_stock,USD,downside_beta_sp500,S&P500 downside beta,positive,0.997283,medium,0.997283,downside_beta_sp500_1y_krw,미국 증시 하락일에 함께 하락,미국 증시 하락일에 반대로 움직임,usd_exposure,downside_beta_sp500_1y_krw=0.997283
AAPL,us_stock,USD,corr_sp500_60d,S&P500 60d correlation,positive,0.674673,high,0.674673,corr_sp500_60d_krw,SPY와 같은 방향,SPY와 반대 방향,usd_exposure,corr_sp500_60d_krw=0.674673
AAPL,us_stock,USD,corr_kospi200_60d,KOSPI200 60d correlation,negative,0.24841,low,-0.24841,corr_kospi200_60d_krw,KOSPI200과 같은 방향,KOSPI200과 반대 방향,usd_exposure,corr_kospi200_60d_krw=-0.24841
AAPL,us_stock,USD,stress_response,Stress-period average return,negative,0.001743,medium,-0.001743,avg_stress_ret_krw,위기구간에서 플러스 성과,위기구간에서 마이너스 성과,usd_exposure,avg_stress_ret_krw=-0.001743
AMZN,us_stock,USD,market_beta_sp500,S&P500 beta,positive,1.124461,high,1.124461,beta_sp500_1y_krw,SPY와 같은 방향,SPY와 반대 방향,usd_exposure,beta_sp500_1y_krw=1.124461
AMZN,us_stock,USD,downside_beta_sp500,S&P500 downside beta,positive,1.057538,high,1.057538,downside_beta_sp500_1y_krw,미국 증시 하락일에 함께 하락,미국 증시 하락일에 반대로 움직임,usd_exposure,downside_beta_sp500_1y_krw=1.057538
AMZN,us_stock,USD,corr_sp500_60d,S&P500 60d correlation,positive,0.733238,high,0.733238,corr_sp500_60d_krw,SPY와 같은 방향,SPY와 반대 방향,usd_exposure,corr_sp500_60d_krw=0.733238
AMZN,us_stock,USD,corr_kospi200_60d,KOSPI200 60d correlation,negative,0.227339,low,-0.227339,corr_kospi200_60d_krw,KOSPI200과 같은 방향,KOSPI200과 반대 방향,usd_exposure,corr_kospi200_60d_krw=-0.227339
AMZN,us_stock,USD,stress_response,Stress-period average return,neutral,4.7e-05,low,4.7e-05,avg_stress_ret_krw,위기구간에서 플러스 성과,위기구간에서 마이너스 성과,usd_exposure,avg_stress_ret_krw=4.7e-05
AVGO,us_stock,USD,market_beta_sp500,S&P500 beta,positive,1.29277,high,1.29277,beta_sp500_1y_krw,SPY와 같은 방향,SPY와 반대 방향,ai_capex_proxy|semiconductor_proxy|usd_exposure,beta_sp500_1y_krw=1.29277
AVGO,us_stock,USD,downside_beta_sp500,S&P500 downside beta,positive,1.333386,high,1.333386,downside_beta_sp500_1y_krw,미국 증시 하락일에 함께 하락,미국 증시 하락일에 반대로 움직임,ai_capex_proxy|semiconductor_proxy|usd_exposure,downside_beta_sp500_1y_krw=1.333386
AVGO,us_stock,USD,corr_sp500_60d,S&P500 60d correlation,positive,0.64075,high,0.64075,corr_sp500_60d_krw,SPY와 같은 방향,SPY와 반대 방향,ai_capex_proxy|semiconductor_proxy|usd_exposure,corr_sp500_60d_krw=0.64075
AVGO,us_stock,USD,corr_kospi200_60d,KOSPI200 60d correlation,negative,0.101067,low,-0.101067,corr_kospi200_60d_krw,KOSPI200과 같은 방향,KOSPI200과 반대 방향,ai_capex_proxy|semiconductor_proxy|usd_exposure,corr_kospi200_60d_krw=-0.101067
AVGO,us_stock,USD,stress_response,Stress-period average return,positive,0.00084,low,0.00084,avg_stress_ret_krw,위기구간에서 플러스 성과,위기구간에서 마이너스 성과,ai_capex_proxy|semiconductor_proxy|usd_exposure,avg_stress_ret_krw=0.00084
BNB-USD,crypto,USD,market_beta_sp500,S&P500 beta,positive,1.030875,high,1.030875,beta_sp500_1y_krw,SPY와 같은 방향,SPY와 반대 방향,usd_exposure,beta_sp500_1y_krw=1.030875
BNB-USD,crypto,USD,downside_beta_sp500,S&P500 downside beta,positive,1.221815,high,1.221815,downside_beta_sp500_1y_krw,미국 증시 하락일에 함께 하락,미국 증시 하락일에 반대로 움직임,usd_exposure,downside_beta_sp500_1y_krw=1.221815
BNB-USD,crypto,USD,corr_sp500_60d,S&P500 60d correlation,positive,0.504468,medium,0.504468,corr_sp500_60d_krw,SPY와 같은 방향,SPY와 반대 방향,usd_exposure,corr_sp500_60d_krw=0.504468
BNB-USD,crypto,USD,corr_kospi200_60d,KOSPI200 60d correlation,negative,0.241876,low,-0.241876,corr_kospi200_60d_krw,KOSPI200과 같은 방향,KOSPI200과 반대 방향,usd_exposure,corr_kospi200_60d_krw=-0.241876
BNB-USD,crypto,USD,stress_response,Stress-period average return,positive,0.008653,high,0.008653,avg_stress_ret_krw,위기구간에서 플러스 성과,위기구간에서 마이너스 성과,usd_exposure,avg_stress_ret_krw=0.008653
BRK-B,us_stock,USD,market_beta_sp500,S&P500 beta,positive,0.832771,medium,0.832771,beta_sp500_1y_krw,SPY와 같은 방향,SPY와 반대 방향,usd_exposure,beta_sp500_1y_krw=0.832771
BRK-B,us_stock,USD,downside_beta_sp500,S&P500 downside beta,positive,0.825047,medium,0.825047,downside_beta_sp500_1y_krw,미국 증시 하락일에 함께 하락,미국 증시 하락일에 반대로 움직임,usd_exposure,downside_beta_sp500_1y_krw=0.825047
BRK-B,us_stock,USD,corr_sp500_60d,S&P500 60d correlation,positive,0.409711,medium,0.409711,corr_sp500_60d_krw,SPY와 같은 방향,SPY와 반대 방향,usd_exposure,corr_sp500_60d_krw=0.409711
BRK-B,us_stock,USD,corr_kospi200_60d,KOSPI200 60d correlation,negative,0.311715,medium,-0.311715,corr_kospi200_60d_krw,KOSPI200과 같은 방향,KOSPI200과 반대 방향,usd_exposure,corr_kospi200_60d_krw=-0.311715
BRK-B,us_stock,USD,stress_response,Stress-period average return,negative,0.001186,low,-0.001186,avg_stress_ret_krw,위기구간에서 플러스 성과,위기구간에서 마이너스 성과,usd_exposure,avg_stress_ret_krw=-0.001186
BTC-USD,crypto,USD,market_beta_sp500,S&P500 beta,positive,0.837991,medium,0.837991,beta_sp500_1y_krw,SPY와 같은 방향,SPY와 반대 방향,usd_exposure,beta_sp500_1y_krw=0.837991
BTC-USD,crypto,USD,downside_beta_sp500,S&P500 downside beta,positive,0.931859,medium,0.931859,downside_beta_sp500_1y_krw,미국 증시 하락일에 함께 하락,미국 증시 하락일에 반대로 움직임,usd_exposure,downside_beta_sp500_1y_krw=0.931859
BTC-USD,crypto,USD,corr_sp500_60d,S&P500 60d correlation,positive,0.598353,medium,0.598353,corr_sp500_60d_krw,SPY와 같은 방향,SPY와 반대 방향,usd_exposure,corr_sp500_60d_krw=0.598353
BTC-USD,crypto,USD,corr_kospi200_60d,KOSPI200 60d correlation,negative,0.342435,medium,-0.342435,corr_kospi200_60d_krw,KOSPI200과 같은 방향,KOSPI200과 반대 방향,usd_exposure,corr_kospi200_60d_krw=-0.342435
BTC-USD,crypto,USD,stress_response,Stress-period average return,positive,0.004874,high,0.004874,avg_stress_ret_krw,위기구간에서 플러스 성과,위기구간에서 마이너스 성과,usd_exposure,avg_stress_ret_krw=0.004874
COST,us_stock,USD,market_beta_sp500,S&P500 beta,positive,0.779396,medium,0.779396,beta_sp500_1y_krw,SPY와 같은 방향,SPY와 반대 방향,usd_exposure,beta_sp500_1y_krw=0.779396
COST,us_stock,USD,downside_beta_sp500,S&P500 downside beta,positive,0.777149,medium,0.777149,downside_beta_sp500_1y_krw,미국 증시 하락일에 함께 하락,미국 증시 하락일에 반대로 움직임,usd_exposure,downside_beta_sp500_1y_krw=0.777149
COST,us_stock,USD,corr_sp500_60d,S&P500 60d correlation,positive,0.388402,medium,0.388402,corr_sp500_60d_krw,SPY와 같은 방향,SPY와 반대 방향,usd_exposure,corr_sp500_60d_krw=0.388402
COST,us_stock,USD,corr_kospi200_60d,KOSPI200 60d correlation,negative,0.448048,medium,-0.448048,corr_kospi200_60d_krw,KOSPI200과 같은 방향,KOSPI200과 반대 방향,usd_exposure,corr_kospi200_60d_krw=-0.448048
COST,us_stock,USD,stress_response,Stress-period average return,neutral,0.000158,low,-0.000158,avg_stress_ret_krw,위기구간에서 플러스 성과,위기구간에서 마이너스 성과,usd_exposure,avg_stress_ret_krw=-0.000158
DBC,commodity_etf,USD,market_beta_sp500,S&P500 beta,positive,0.525167,medium,0.525167,beta_sp500_1y_krw,SPY와 같은 방향,SPY와 반대 방향,inflation_proxy|usd_exposure,beta_sp500_1y_krw=0.525167
DBC,commodity_etf,USD,downside_beta_sp500,S&P500 downside beta,positive,0.610574,medium,0.610574,downside_beta_sp500_1y_krw,미국 증시 하락일에 함께 하락,미국 증시 하락일에 반대로 움직임,inflation_proxy|usd_exposure,downside_beta_sp500_1y_krw=0.610574
DBC,commodity_etf,USD,corr_sp500_60d,S&P500 60d correlation,neutral,0.024075,low,-0.024075,corr_sp500_60d_krw,SPY와 같은 방향,SPY와 반대 방향,inflation_proxy|usd_exposure,corr_sp500_60d_krw=-0.024075
DBC,commodity_etf,USD,corr_kospi200_60d,KOSPI200 60d correlation,negative,0.164121,low,-0.164121,corr_kospi200_60d_krw,KOSPI200과 같은 방향,KOSPI200과 반대 방향,inflation_proxy|usd_exposure,corr_kospi200_60d_krw=-0.164121
DBC,commodity_etf,USD,stress_response,Stress-period average return,negative,0.003664,high,-0.003664,avg_stress_ret_krw,위기구간에서 플러스 성과,위기구간에서 마이너스 성과,inflation_proxy|usd_exposure,avg_stress_ret_krw=-0.003664
DIA,etf,USD,market_beta_sp500,S&P500 beta,positive,0.939249,medium,0.939249,beta_sp500_1y_krw,SPY와 같은 방향,SPY와 반대 방향,usd_exposure,beta_sp500_1y_krw=0.939249
DIA,etf,USD,downside_beta_sp500,S&P500 downside beta,positive,0.944099,medium,0.944099,downside_beta_sp500_1y_krw,미국 증시 하락일에 함께 하락,미국 증시 하락일에 반대로 움직임,usd_exposure,downside_beta_sp500_1y_krw=0.944099
DIA,etf,USD,corr_sp500_60d,S&P500 60d correlation,positive,0.932596,high,0.932596,corr_sp500_60d_krw,SPY와 같은 방향,SPY와 반대 방향,usd_exposure,corr_sp500_60d_krw=0.932596
DIA,etf,USD,corr_kospi200_60d,KOSPI200 60d correlation,negative,0.336009,medium,-0.336009,corr_kospi200_60d_krw,KOSPI200과 같은 방향,KOSPI200과 반대 방향,usd_exposure,corr_kospi200_60d_krw=-0.336009
DIA,etf,USD,stress_response,Stress-period average return,negative,0.001311,low,-0.001311,avg_stress_ret_krw,위기구간에서 플러스 성과,위기구간에서 마이너스 성과,usd_exposure,avg_stress_ret_krw=-0.001311
EFA,etf,USD,market_beta_sp500,S&P500 beta,positive,0.936678,medium,0.936678,beta_sp500_1y_krw,SPY와 같은 방향,SPY와 반대 방향,usd_exposure,beta_sp500_1y_krw=0.936678
EFA,etf,USD,downside_beta_sp500,S&P500 downside beta,positive,0.96541,medium,0.96541,downside_beta_sp500_1y_krw,미국 증시 하락일에 함께 하락,미국 증시 하락일에 반대로 움직임,usd_exposure,downside_beta_sp500_1y_krw=0.96541
EFA,etf,USD,corr_sp500_60d,S&P500 60d correlation,positive,0.8559,high,0.8559,corr_sp500_60d_krw,SPY와 같은 방향,SPY와 반대 방향,usd_exposure,corr_sp500_60d_krw=0.8559
EFA,etf,USD,corr_kospi200_60d,KOSPI200 60d correlation,negative,0.180661,low,-0.180661,corr_kospi200_60d_krw,KOSPI200과 같은 방향,KOSPI200과 반대 방향,usd_exposure,corr_kospi200_60d_krw=-0.180661
EFA,etf,USD,stress_response,Stress-period average return,negative,0.001541,medium,-0.001541,avg_stress_ret_krw,위기구간에서 플러스 성과,위기구간에서 마이너스 성과,usd_exposure,avg_stress_ret_krw=-0.001541
ETH-USD,crypto,USD,market_beta_sp500,S&P500 beta,positive,1.252555,high,1.252555,beta_sp500_1y_krw,SPY와 같은 방향,SPY와 반대 방향,usd_exposure,beta_sp500_1y_krw=1.252555
ETH-USD,crypto,USD,downside_beta_sp500,S&P500 downside beta,positive,1.368258,high,1.368258,downside_beta_sp500_1y_krw,미국 증시 하락일에 함께 하락,미국 증시 하락일에 반대로 움직임,usd_exposure,downside_beta_sp500_1y_krw=1.368258
ETH-USD,crypto,USD,corr_sp500_60d,S&P500 60d correlation,positive,0.566825,medium,0.566825,corr_sp500_60d_krw,SPY와 같은 방향,SPY와 반대 방향,usd_exposure,corr_sp500_60d_krw=0.566825
ETH-USD,crypto,USD,corr_kospi200_60d,KOSPI200 60d correlation,negative,0.239792,low,-0.239792,corr_kospi200_60d_krw,KOSPI200과 같은 방향,KOSPI200과 반대 방향,usd_exposure,corr_kospi200_60d_krw=-0.239792
ETH-USD,crypto,USD,stress_response,Stress-period average return,positive,0.00827,high,0.00827,avg_stress_ret_krw,위기구간에서 플러스 성과,위기구간에서 마이너스 성과,usd_exposure,avg_stress_ret_krw=0.00827
EWY,etf,USD,market_beta_sp500,S&P500 beta,positive,0.976603,medium,0.976603,beta_sp500_1y_krw,SPY와 같은 방향,SPY와 반대 방향,korea_equity_proxy|usd_exposure,beta_sp500_1y_krw=0.976603
EWY,etf,USD,downside_beta_sp500,S&P500 downside beta,positive,0.991222,medium,0.991222,downside_beta_sp500_1y_krw,미국 증시 하락일에 함께 하락,미국 증시 하락일에 반대로 움직임,korea_equity_proxy|usd_exposure,downside_beta_sp500_1y_krw=0.991222
EWY,etf,USD,corr_sp500_60d,S&P500 60d correlation,positive,0.672892,high,0.672892,corr_sp500_60d_krw,SPY와 같은 방향,SPY와 반대 방향,korea_equity_proxy|usd_exposure,corr_sp500_60d_krw=0.672892
EWY,etf,USD,corr_kospi200_60d,KOSPI200 60d correlation,neutral,0.069312,low,0.069312,corr_kospi200_60d_krw,KOSPI200과 같은 방향,KOSPI200과 반대 방향,korea_equity_proxy|usd_exposure,corr_kospi200_60d_krw=0.069312
EWY,etf,USD,stress_response,Stress-period average return,negative,0.003203,high,-0.003203,avg_stress_ret_krw,위기구간에서 플러스 성과,위기구간에서 마이너스 성과,korea_equity_proxy|usd_exposure,avg_stress_ret_krw=-0.003203
GLD,gold_etf,USD,market_beta_sp500,S&P500 beta,positive,0.264537,low,0.264537,beta_sp500_1y_krw,SPY와 같은 방향,SPY와 반대 방향,defensive_proxy|inflation_proxy|usd_exposure,beta_sp500_1y_krw=0.264537
GLD,gold_etf,USD,downside_beta_sp500,S&P500 downside beta,positive,0.268143,low,0.268143,downside_beta_sp500_1y_krw,미국 증시 하락일에 함께 하락,미국 증시 하락일에 반대로 움직임,defensive_proxy|inflation_proxy|usd_exposure,downside_beta_sp500_1y_krw=0.268143
GLD,gold_etf,USD,corr_sp500_60d,S&P500 60d correlation,positive,0.525882,medium,0.525882,corr_sp500_60d_krw,SPY와 같은 방향,SPY와 반대 방향,defensive_proxy|inflation_proxy|usd_exposure,corr_sp500_60d_krw=0.525882
GLD,gold_etf,USD,corr_kospi200_60d,KOSPI200 60d correlation,neutral,0.004947,low,0.004947,corr_kospi200_60d_krw,KOSPI200과 같은 방향,KOSPI200과 반대 방향,defensive_proxy|inflation_proxy|usd_exposure,corr_kospi200_60d_krw=0.004947
GLD,gold_etf,USD,stress_response,Stress-period average return,negative,0.000627,low,-0.000627,avg_stress_ret_krw,위기구간에서 플러스 성과,위기구간에서 마이너스 성과,defensive_proxy|inflation_proxy|usd_exposure,avg_stress_ret_krw=-0.000627
GOOGL,us_stock,USD,market_beta_sp500,S&P500 beta,positive,1.02464,high,1.02464,beta_sp500_1y_krw,SPY와 같은 방향,SPY와 반대 방향,ai_capex_proxy|usd_exposure,beta_sp500_1y_krw=1.02464
GOOGL,us_stock,USD,downside_beta_sp500,S&P500 downside beta,positive,0.992943,medium,0.992943,downside_beta_sp500_1y_krw,미국 증시 하락일에 함께 하락,미국 증시 하락일에 반대로 움직임,ai_capex_proxy|usd_exposure,downside_beta_sp500_1y_krw=0.992943
GOOGL,us_stock,USD,corr_sp500_60d,S&P500 60d correlation,positive,0.615423,high,0.615423,corr_sp500_60d_krw,SPY와 같은 방향,SPY와 반대 방향,ai_capex_proxy|usd_exposure,corr_sp500_60d_krw=0.615423
GOOGL,us_stock,USD,corr_kospi200_60d,KOSPI200 60d correlation,negative,0.107407,low,-0.107407,corr_kospi200_60d_krw,KOSPI200과 같은 방향,KOSPI200과 반대 방향,ai_capex_proxy|usd_exposure,corr_kospi200_60d_krw=-0.107407
GOOGL,us_stock,USD,stress_response,Stress-period average return,negative,0.003505,high,-0.003505,avg_stress_ret_krw,위기구간에서 플러스 성과,위기구간에서 마이너스 성과,ai_capex_proxy|usd_exposure,avg_stress_ret_krw=-0.003505
HD,us_stock,USD,market_beta_sp500,S&P500 beta,positive,0.997824,medium,0.997824,beta_sp500_1y_krw,SPY와 같은 방향,SPY와 반대 방향,usd_exposure,beta_sp500_1y_krw=0.997824
HD,us_stock,USD,downside_beta_sp500,S&P500 downside beta,positive,0.986758,medium,0.986758,downside_beta_sp500_1y_krw,미국 증시 하락일에 함께 하락,미국 증시 하락일에 반대로 움직임,usd_exposure,downside_beta_sp500_1y_krw=0.986758
HD,us_stock,USD,corr_sp500_60d,S&P500 60d correlation,positive,0.620101,high,0.620101,corr_sp500_60d_krw,SPY와 같은 방향,SPY와 반대 방향,usd_exposure,corr_sp500_60d_krw=0.620101
HD,us_stock,USD,corr_kospi200_60d,KOSPI200 60d correlation,negative,0.208392,low,-0.208392,corr_kospi200_60d_krw,KOSPI200과 같은 방향,KOSPI200과 반대 방향,usd_exposure,corr_kospi200_60d_krw=-0.208392
HD,us_stock,USD,stress_response,Stress-period average return,neutral,0.000454,low,0.000454,avg_stress_ret_krw,위기구간에서 플러스 성과,위기구간에서 마이너스 성과,usd_exposure,avg_stress_ret_krw=0.000454
HYG,bond_etf,USD,market_beta_sp500,S&P500 beta,positive,0.493717,medium,0.493717,beta_sp500_1y_krw,SPY와 같은 방향,SPY와 반대 방향,credit_proxy|defensive_proxy|rate_proxy|usd_exposure,beta_sp500_1y_krw=0.493717
HYG,bond_etf,USD,downside_beta_sp500,S&P500 downside beta,positive,0.49202,medium,0.49202,downside_beta_sp500_1y_krw,미국 증시 하락일에 함께 하락,미국 증시 하락일에 반대로 움직임,credit_proxy|defensive_proxy|rate_proxy|usd_exposure,downside_beta_sp500_1y_krw=0.49202
HYG,bond_etf,USD,corr_sp500_60d,S&P500 60d correlation,positive,0.817016,high,0.817016,corr_sp500_60d_krw,SPY와 같은 방향,SPY와 반대 방향,credit_proxy|defensive_proxy|rate_proxy|usd_exposure,corr_sp500_60d_krw=0.817016
HYG,bond_etf,USD,corr_kospi200_60d,KOSPI200 60d correlation,negative,0.466129,medium,-0.466129,corr_kospi200_60d_krw,KOSPI200과 같은 방향,KOSPI200과 반대 방향,credit_proxy|defensive_proxy|rate_proxy|usd_exposure,corr_kospi200_60d_krw=-0.466129
HYG,bond_etf,USD,stress_response,Stress-period average return,negative,0.001305,low,-0.001305,avg_stress_ret_krw,위기구간에서 플러스 성과,위기구간에서 마이너스 성과,credit_proxy|defensive_proxy|rate_proxy|usd_exposure,avg_stress_ret_krw=-0.001305
IAU,gold_etf,USD,market_beta_sp500,S&P500 beta,positive,0.26306,low,0.26306,beta_sp500_1y_krw,SPY와 같은 방향,SPY와 반대 방향,defensive_proxy|inflation_proxy|usd_exposure,beta_sp500_1y_krw=0.26306
IAU,gold_etf,USD,downside_beta_sp500,S&P500 downside beta,positive,0.265932,low,0.265932,downside_beta_sp500_1y_krw,미국 증시 하락일에 함께 하락,미국 증시 하락일에 반대로 움직임,defensive_proxy|inflation_proxy|usd_exposure,downside_beta_sp500_1y_krw=0.265932
IAU,gold_etf,USD,corr_sp500_60d,S&P500 60d correlation,positive,0.528275,medium,0.528275,corr_sp500_60d_krw,SPY와 같은 방향,SPY와 반대 방향,defensive_proxy|inflation_proxy|usd_exposure,corr_sp500_60d_krw=0.528275
IAU,gold_etf,USD,corr_kospi200_60d,KOSPI200 60d correlation,neutral,0.006124,low,0.006124,corr_kospi200_60d_krw,KOSPI200과 같은 방향,KOSPI200과 반대 방향,defensive_proxy|inflation_proxy|usd_exposure,corr_kospi200_60d_krw=0.006124
IAU,gold_etf,USD,stress_response,Stress-period average return,negative,0.000527,low,-0.000527,avg_stress_ret_krw,위기구간에서 플러스 성과,위기구간에서 마이너스 성과,defensive_proxy|inflation_proxy|usd_exposure,avg_stress_ret_krw=-0.000527
IEF,bond_etf,USD,market_beta_sp500,S&P500 beta,positive,0.159029,low,0.159029,beta_sp500_1y_krw,SPY와 같은 방향,SPY와 반대 방향,defensive_proxy|rate_proxy|usd_exposure,beta_sp500_1y_krw=0.159029
IEF,bond_etf,USD,downside_beta_sp500,S&P500 downside beta,positive,0.108459,low,0.108459,downside_beta_sp500_1y_krw,미국 증시 하락일에 함께 하락,미국 증시 하락일에 반대로 움직임,defensive_proxy|rate_proxy|usd_exposure,downside_beta_sp500_1y_krw=0.108459
IEF,bond_etf,USD,corr_sp500_60d,S&P500 60d correlation,positive,0.723184,high,0.723184,corr_sp500_60d_krw,SPY와 같은 방향,SPY와 반대 방향,defensive_proxy|rate_proxy|usd_exposure,corr_sp500_60d_krw=0.723184
IEF,bond_etf,USD,corr_kospi200_60d,KOSPI200 60d correlation,negative,0.425285,medium,-0.425285,corr_kospi200_60d_krw,KOSPI200과 같은 방향,KOSPI200과 반대 방향,defensive_proxy|rate_proxy|usd_exposure,corr_kospi200_60d_krw=-0.425285
IEF,bond_etf,USD,stress_response,Stress-period average return,neutral,0.000289,low,0.000289,avg_stress_ret_krw,위기구간에서 플러스 성과,위기구간에서 마이너스 성과,defensive_proxy|rate_proxy|usd_exposure,avg_stress_ret_krw=0.000289
ITA,etf,USD,market_beta_sp500,S&P500 beta,positive,0.969284,medium,0.969284,beta_sp500_1y_krw,SPY와 같은 방향,SPY와 반대 방향,geopolitical_proxy|usd_exposure,beta_sp500_1y_krw=0.969284
ITA,etf,USD,downside_beta_sp500,S&P500 downside beta,positive,1.024695,high,1.024695,downside_beta_sp500_1y_krw,미국 증시 하락일에 함께 하락,미국 증시 하락일에 반대로 움직임,geopolitical_proxy|usd_exposure,downside_beta_sp500_1y_krw=1.024695
ITA,etf,USD,corr_sp500_60d,S&P500 60d correlation,positive,0.703063,high,0.703063,corr_sp500_60d_krw,SPY와 같은 방향,SPY와 반대 방향,geopolitical_proxy|usd_exposure,corr_sp500_60d_krw=0.703063
ITA,etf,USD,corr_kospi200_60d,KOSPI200 60d correlation,neutral,0.013939,low,-0.013939,corr_kospi200_60d_krw,KOSPI200과 같은 방향,KOSPI200과 반대 방향,geopolitical_proxy|usd_exposure,corr_kospi200_60d_krw=-0.013939
ITA,etf,USD,stress_response,Stress-period average return,negative,0.002696,medium,-0.002696,avg_stress_ret_krw,위기구간에서 플러스 성과,위기구간에서 마이너스 성과,geopolitical_proxy|usd_exposure,avg_stress_ret_krw=-0.002696
IWM,etf,USD,market_beta_sp500,S&P500 beta,positive,1.091852,high,1.091852,beta_sp500_1y_krw,SPY와 같은 방향,SPY와 반대 방향,usd_exposure,beta_sp500_1y_krw=1.091852
IWM,etf,USD,downside_beta_sp500,S&P500 downside beta,positive,1.090414,high,1.090414,downside_beta_sp500_1y_krw,미국 증시 하락일에 함께 하락,미국 증시 하락일에 반대로 움직임,usd_exposure,downside_beta_sp500_1y_krw=1.090414
IWM,etf,USD,corr_sp500_60d,S&P500 60d correlation,positive,0.898612,high,0.898612,corr_sp500_60d_krw,SPY와 같은 방향,SPY와 반대 방향,usd_exposure,corr_sp500_60d_krw=0.898612
IWM,etf,USD,corr_kospi200_60d,KOSPI200 60d correlation,negative,0.232213,low,-0.232213,corr_kospi200_60d_krw,KOSPI200과 같은 방향,KOSPI200과 반대 방향,usd_exposure,corr_kospi200_60d_krw=-0.232213
IWM,etf,USD,stress_response,Stress-period average return,negative,0.001818,medium,-0.001818,avg_stress_ret_krw,위기구간에서 플러스 성과,위기구간에서 마이너스 성과,usd_exposure,avg_stress_ret_krw=-0.001818
JNJ,us_stock,USD,market_beta_sp500,S&P500 beta,positive,0.642646,medium,0.642646,beta_sp500_1y_krw,SPY와 같은 방향,SPY와 반대 방향,defensive_proxy|usd_exposure,beta_sp500_1y_krw=0.642646
JNJ,us_stock,USD,downside_beta_sp500,S&P500 downside beta,positive,0.640549,medium,0.640549,downside_beta_sp500_1y_krw,미국 증시 하락일에 함께 하락,미국 증시 하락일에 반대로 움직임,defensive_proxy|usd_exposure,downside_beta_sp500_1y_krw=0.640549
JNJ,us_stock,USD,corr_sp500_60d,S&P500 60d correlation,positive,0.553375,medium,0.553375,corr_sp500_60d_krw,SPY와 같은 방향,SPY와 반대 방향,defensive_proxy|usd_exposure,corr_sp500_60d_krw=0.553375
JNJ,us_stock,USD,corr_kospi200_60d,KOSPI200 60d correlation,negative,0.305057,medium,-0.305057,corr_kospi200_60d_krw,KOSPI200과 같은 방향,KOSPI200과 반대 방향,defensive_proxy|usd_exposure,corr_kospi200_60d_krw=-0.305057
JNJ,us_stock,USD,stress_response,Stress-period average return,negative,0.000541,low,-0.000541,avg_stress_ret_krw,위기구간에서 플러스 성과,위기구간에서 마이너스 성과,defensive_proxy|usd_exposure,avg_stress_ret_krw=-0.000541
JPM,us_stock,USD,market_beta_sp500,S&P500 beta,positive,1.270589,high,1.270589,beta_sp500_1y_krw,SPY와 같은 방향,SPY와 반대 방향,credit_proxy|korea_financial_proxy|usd_exposure,beta_sp500_1y_krw=1.270589
JPM,us_stock,USD,downside_beta_sp500,S&P500 downside beta,positive,1.262468,high,1.262468,downside_beta_sp500_1y_krw,미국 증시 하락일에 함께 하락,미국 증시 하락일에 반대로 움직임,credit_proxy|korea_financial_proxy|usd_exposure,downside_beta_sp500_1y_krw=1.262468
JPM,us_stock,USD,corr_sp500_60d,S&P500 60d correlation,positive,0.621544,high,0.621544,corr_sp500_60d_krw,SPY와 같은 방향,SPY와 반대 방향,credit_proxy|korea_financial_proxy|usd_exposure,corr_sp500_60d_krw=0.621544
JPM,us_stock,USD,corr_kospi200_60d,KOSPI200 60d correlation,negative,0.270461,low,-0.270461,corr_kospi200_60d_krw,KOSPI200과 같은 방향,KOSPI200과 반대 방향,credit_proxy|korea_financial_proxy|usd_exposure,corr_kospi200_60d_krw=-0.270461
JPM,us_stock,USD,stress_response,Stress-period average return,positive,0.001095,low,0.001095,avg_stress_ret_krw,위기구간에서 플러스 성과,위기구간에서 마이너스 성과,credit_proxy|korea_financial_proxy|usd_exposure,avg_stress_ret_krw=0.001095
KO,us_stock,USD,market_beta_sp500,S&P500 beta,positive,0.652714,medium,0.652714,beta_sp500_1y_krw,SPY와 같은 방향,SPY와 반대 방향,defensive_proxy|usd_exposure,beta_sp500_1y_krw=0.652714
KO,us_stock,USD,downside_beta_sp500,S&P500 downside beta,positive,0.703882,medium,0.703882,downside_beta_sp500_1y_krw,미국 증시 하락일에 함께 하락,미국 증시 하락일에 반대로 움직임,defensive_proxy|usd_exposure,downside_beta_sp500_1y_krw=0.703882
KO,us_stock,USD,corr_sp500_60d,S&P500 60d correlation,positive,0.449796,medium,0.449796,corr_sp500_60d_krw,SPY와 같은 방향,SPY와 반대 방향,defensive_proxy|usd_exposure,corr_sp500_60d_krw=0.449796
KO,us_stock,USD,corr_kospi200_60d,KOSPI200 60d correlation,negative,0.290229,low,-0.290229,corr_kospi200_60d_krw,KOSPI200과 같은 방향,KOSPI200과 반대 방향,defensive_proxy|usd_exposure,corr_kospi200_60d_krw=-0.290229
KO,us_stock,USD,stress_response,Stress-period average return,negative,0.002396,medium,-0.002396,avg_stress_ret_krw,위기구간에서 플러스 성과,위기구간에서 마이너스 성과,defensive_proxy|usd_exposure,avg_stress_ret_krw=-0.002396
LQD,bond_etf,USD,market_beta_sp500,S&P500 beta,positive,0.29572,low,0.29572,beta_sp500_1y_krw,SPY와 같은 방향,SPY와 반대 방향,credit_proxy|defensive_proxy|rate_proxy|usd_exposure,beta_sp500_1y_krw=0.29572
LQD,bond_etf,USD,downside_beta_sp500,S&P500 downside beta,positive,0.287431,low,0.287431,downside_beta_sp500_1y_krw,미국 증시 하락일에 함께 하락,미국 증시 하락일에 반대로 움직임,credit_proxy|defensive_proxy|rate_proxy|usd_exposure,downside_beta_sp500_1y_krw=0.287431
LQD,bond_etf,USD,corr_sp500_60d,S&P500 60d correlation,positive,0.783587,high,0.783587,corr_sp500_60d_krw,SPY와 같은 방향,SPY와 반대 방향,credit_proxy|defensive_proxy|rate_proxy|usd_exposure,corr_sp500_60d_krw=0.783587
LQD,bond_etf,USD,corr_kospi200_60d,KOSPI200 60d correlation,negative,0.46256,medium,-0.46256,corr_kospi200_60d_krw,KOSPI200과 같은 방향,KOSPI200과 반대 방향,credit_proxy|defensive_proxy|rate_proxy|usd_exposure,corr_kospi200_60d_krw=-0.46256
LQD,bond_etf,USD,stress_response,Stress-period average return,negative,0.000832,low,-0.000832,avg_stress_ret_krw,위기구간에서 플러스 성과,위기구간에서 마이너스 성과,credit_proxy|defensive_proxy|rate_proxy|usd_exposure,avg_stress_ret_krw=-0.000832
MA,us_stock,USD,market_beta_sp500,S&P500 beta,positive,1.09473,high,1.09473,beta_sp500_1y_krw,SPY와 같은 방향,SPY와 반대 방향,credit_proxy|korea_financial_proxy|usd_exposure,beta_sp500_1y_krw=1.09473
MA,us_stock,USD,downside_beta_sp500,S&P500 downside beta,positive,1.061371,high,1.061371,downside_beta_sp500_1y_krw,미국 증시 하락일에 함께 하락,미국 증시 하락일에 반대로 움직임,credit_proxy|korea_financial_proxy|usd_exposure,downside_beta_sp500_1y_krw=1.061371
MA,us_stock,USD,corr_sp500_60d,S&P500 60d correlation,positive,0.50905,medium,0.50905,corr_sp500_60d_krw,SPY와 같은 방향,SPY와 반대 방향,credit_proxy|korea_financial_proxy|usd_exposure,corr_sp500_60d_krw=0.50905
MA,us_stock,USD,corr_kospi200_60d,KOSPI200 60d correlation,negative,0.225858,low,-0.225858,corr_kospi200_60d_krw,KOSPI200과 같은 방향,KOSPI200과 반대 방향,credit_proxy|korea_financial_proxy|usd_exposure,corr_kospi200_60d_krw=-0.225858
MA,us_stock,USD,stress_response,Stress-period average return,neutral,0.000256,low,0.000256,avg_stress_ret_krw,위기구간에서 플러스 성과,위기구간에서 마이너스 성과,credit_proxy|korea_financial_proxy|usd_exposure,avg_stress_ret_krw=0.000256
META,us_stock,USD,market_beta_sp500,S&P500 beta,positive,1.20788,high,1.20788,beta_sp500_1y_krw,SPY와 같은 방향,SPY와 반대 방향,usd_exposure,beta_sp500_1y_krw=1.20788
META,us_stock,USD,downside_beta_sp500,S&P500 downside beta,positive,1.232336,high,1.232336,downside_beta_sp500_1y_krw,미국 증시 하락일에 함께 하락,미국 증시 하락일에 반대로 움직임,usd_exposure,downside_beta_sp500_1y_krw=1.232336
META,us_stock,USD,corr_sp500_60d,S&P500 60d correlation,positive,0.678889,high,0.678889,corr_sp500_60d_krw,SPY와 같은 방향,SPY와 반대 방향,usd_exposure,corr_sp500_60d_krw=0.678889
META,us_stock,USD,corr_kospi200_60d,KOSPI200 60d correlation,neutral,0.030162,low,-0.030162,corr_kospi200_60d_krw,KOSPI200과 같은 방향,KOSPI200과 반대 방향,usd_exposure,corr_kospi200_60d_krw=-0.030162
META,us_stock,USD,stress_response,Stress-period average return,negative,0.002534,medium,-0.002534,avg_stress_ret_krw,위기구간에서 플러스 성과,위기구간에서 마이너스 성과,usd_exposure,avg_stress_ret_krw=-0.002534
MSFT,us_stock,USD,market_beta_sp500,S&P500 beta,positive,1.051467,high,1.051467,beta_sp500_1y_krw,SPY와 같은 방향,SPY와 반대 방향,ai_capex_proxy|usd_exposure,beta_sp500_1y_krw=1.051467
MSFT,us_stock,USD,downside_beta_sp500,S&P500 downside beta,positive,1.037948,high,1.037948,downside_beta_sp500_1y_krw,미국 증시 하락일에 함께 하락,미국 증시 하락일에 반대로 움직임,ai_capex_proxy|usd_exposure,downside_beta_sp500_1y_krw=1.037948
MSFT,us_stock,USD,corr_sp500_60d,S&P500 60d correlation,positive,0.565994,medium,0.565994,corr_sp500_60d_krw,SPY와 같은 방향,SPY와 반대 방향,ai_capex_proxy|usd_exposure,corr_sp500_60d_krw=0.565994
MSFT,us_stock,USD,corr_kospi200_60d,KOSPI200 60d correlation,negative,0.224418,low,-0.224418,corr_kospi200_60d_krw,KOSPI200과 같은 방향,KOSPI200과 반대 방향,ai_capex_proxy|usd_exposure,corr_kospi200_60d_krw=-0.224418
MSFT,us_stock,USD,stress_response,Stress-period average return,negative,0.002233,medium,-0.002233,avg_stress_ret_krw,위기구간에서 플러스 성과,위기구간에서 마이너스 성과,ai_capex_proxy|usd_exposure,avg_stress_ret_krw=-0.002233
NVDA,us_stock,USD,market_beta_sp500,S&P500 beta,positive,1.440743,high,1.440743,beta_sp500_1y_krw,SPY와 같은 방향,SPY와 반대 방향,ai_capex_proxy|semiconductor_proxy|usd_exposure,beta_sp500_1y_krw=1.440743
NVDA,us_stock,USD,downside_beta_sp500,S&P500 downside beta,positive,1.371063,high,1.371063,downside_beta_sp500_1y_krw,미국 증시 하락일에 함께 하락,미국 증시 하락일에 반대로 움직임,ai_capex_proxy|semiconductor_proxy|usd_exposure,downside_beta_sp500_1y_krw=1.371063
NVDA,us_stock,USD,corr_sp500_60d,S&P500 60d correlation,positive,0.680804,high,0.680804,corr_sp500_60d_krw,SPY와 같은 방향,SPY와 반대 방향,ai_capex_proxy|semiconductor_proxy|usd_exposure,corr_sp500_60d_krw=0.680804
NVDA,us_stock,USD,corr_kospi200_60d,KOSPI200 60d correlation,neutral,0.012731,low,0.012731,corr_kospi200_60d_krw,KOSPI200과 같은 방향,KOSPI200과 반대 방향,ai_capex_proxy|semiconductor_proxy|usd_exposure,corr_kospi200_60d_krw=0.012731
NVDA,us_stock,USD,stress_response,Stress-period average return,negative,0.0007,low,-0.0007,avg_stress_ret_krw,위기구간에서 플러스 성과,위기구간에서 마이너스 성과,ai_capex_proxy|semiconductor_proxy|usd_exposure,avg_stress_ret_krw=-0.0007
PFE,us_stock,USD,market_beta_sp500,S&P500 beta,positive,0.768107,medium,0.768107,beta_sp500_1y_krw,SPY와 같은 방향,SPY와 반대 방향,defensive_proxy|usd_exposure,beta_sp500_1y_krw=0.768107
PFE,us_stock,USD,downside_beta_sp500,S&P500 downside beta,positive,0.767355,medium,0.767355,downside_beta_sp500_1y_krw,미국 증시 하락일에 함께 하락,미국 증시 하락일에 반대로 움직임,defensive_proxy|usd_exposure,downside_beta_sp500_1y_krw=0.767355
PFE,us_stock,USD,corr_sp500_60d,S&P500 60d correlation,positive,0.472394,medium,0.472394,corr_sp500_60d_krw,SPY와 같은 방향,SPY와 반대 방향,defensive_proxy|usd_exposure,corr_sp500_60d_krw=0.472394
PFE,us_stock,USD,corr_kospi200_60d,KOSPI200 60d correlation,negative,0.107669,low,-0.107669,corr_kospi200_60d_krw,KOSPI200과 같은 방향,KOSPI200과 반대 방향,defensive_proxy|usd_exposure,corr_kospi200_60d_krw=-0.107669
PFE,us_stock,USD,stress_response,Stress-period average return,neutral,0.000488,low,-0.000488,avg_stress_ret_krw,위기구간에서 플러스 성과,위기구간에서 마이너스 성과,defensive_proxy|usd_exposure,avg_stress_ret_krw=-0.000488
PG,us_stock,USD,market_beta_sp500,S&P500 beta,positive,0.660178,medium,0.660178,beta_sp500_1y_krw,SPY와 같은 방향,SPY와 반대 방향,defensive_proxy|usd_exposure,beta_sp500_1y_krw=0.660178
PG,us_stock,USD,downside_beta_sp500,S&P500 downside beta,positive,0.648318,medium,0.648318,downside_beta_sp500_1y_krw,미국 증시 하락일에 함께 하락,미국 증시 하락일에 반대로 움직임,defensive_proxy|usd_exposure,downside_beta_sp500_1y_krw=0.648318
PG,us_stock,USD,corr_sp500_60d,S&P500 60d correlation,positive,0.534625,medium,0.534625,corr_sp500_60d_krw,SPY와 같은 방향,SPY와 반대 방향,defensive_proxy|usd_exposure,corr_sp500_60d_krw=0.534625
PG,us_stock,USD,corr_kospi200_60d,KOSPI200 60d correlation,negative,0.259152,low,-0.259152,corr_kospi200_60d_krw,KOSPI200과 같은 방향,KOSPI200과 반대 방향,defensive_proxy|usd_exposure,corr_kospi200_60d_krw=-0.259152
PG,us_stock,USD,stress_response,Stress-period average return,negative,0.001366,low,-0.001366,avg_stress_ret_krw,위기구간에서 플러스 성과,위기구간에서 마이너스 성과,defensive_proxy|usd_exposure,avg_stress_ret_krw=-0.001366
PPA,etf,USD,market_beta_sp500,S&P500 beta,positive,0.938522,medium,0.938522,beta_sp500_1y_krw,SPY와 같은 방향,SPY와 반대 방향,geopolitical_proxy|usd_exposure,beta_sp500_1y_krw=0.938522
PPA,etf,USD,downside_beta_sp500,S&P500 downside beta,positive,0.972539,medium,0.972539,downside_beta_sp500_1y_krw,미국 증시 하락일에 함께 하락,미국 증시 하락일에 반대로 움직임,geopolitical_proxy|usd_exposure,downside_beta_sp500_1y_krw=0.972539
PPA,etf,USD,corr_sp500_60d,S&P500 60d correlation,positive,0.751124,high,0.751124,corr_sp500_60d_krw,SPY와 같은 방향,SPY와 반대 방향,geopolitical_proxy|usd_exposure,corr_sp500_60d_krw=0.751124
PPA,etf,USD,corr_kospi200_60d,KOSPI200 60d correlation,neutral,0.070599,low,-0.070599,corr_kospi200_60d_krw,KOSPI200과 같은 방향,KOSPI200과 반대 방향,geopolitical_proxy|usd_exposure,corr_kospi200_60d_krw=-0.070599
PPA,etf,USD,stress_response,Stress-period average return,negative,0.002299,medium,-0.002299,avg_stress_ret_krw,위기구간에서 플러스 성과,위기구간에서 마이너스 성과,geopolitical_proxy|usd_exposure,avg_stress_ret_krw=-0.002299
QQQ,etf,USD,market_beta_sp500,S&P500 beta,positive,1.038819,high,1.038819,beta_sp500_1y_krw,SPY와 같은 방향,SPY와 반대 방향,ai_capex_proxy|usd_exposure,beta_sp500_1y_krw=1.038819
QQQ,etf,USD,downside_beta_sp500,S&P500 downside beta,positive,0.999924,medium,0.999924,downside_beta_sp500_1y_krw,미국 증시 하락일에 함께 하락,미국 증시 하락일에 반대로 움직임,ai_capex_proxy|usd_exposure,downside_beta_sp500_1y_krw=0.999924
QQQ,etf,USD,corr_sp500_60d,S&P500 60d correlation,positive,0.961458,high,0.961458,corr_sp500_60d_krw,SPY와 같은 방향,SPY와 반대 방향,ai_capex_proxy|usd_exposure,corr_sp500_60d_krw=0.961458
QQQ,etf,USD,corr_kospi200_60d,KOSPI200 60d correlation,negative,0.176036,low,-0.176036,corr_kospi200_60d_krw,KOSPI200과 같은 방향,KOSPI200과 반대 방향,ai_capex_proxy|usd_exposure,corr_kospi200_60d_krw=-0.176036
QQQ,etf,USD,stress_response,Stress-period average return,negative,0.001386,low,-0.001386,avg_stress_ret_krw,위기구간에서 플러스 성과,위기구간에서 마이너스 성과,ai_capex_proxy|usd_exposure,avg_stress_ret_krw=-0.001386
SHY,bond_etf,USD,market_beta_sp500,S&P500 beta,positive,0.230471,low,0.230471,beta_sp500_1y_krw,SPY와 같은 방향,SPY와 반대 방향,defensive_proxy|rate_proxy|usd_exposure,beta_sp500_1y_krw=0.230471
SHY,bond_etf,USD,downside_beta_sp500,S&P500 downside beta,positive,0.188922,low,0.188922,downside_beta_sp500_1y_krw,미국 증시 하락일에 함께 하락,미국 증시 하락일에 반대로 움직임,defensive_proxy|rate_proxy|usd_exposure,downside_beta_sp500_1y_krw=0.188922
SHY,bond_etf,USD,corr_sp500_60d,S&P500 60d correlation,positive,0.63815,high,0.63815,corr_sp500_60d_krw,SPY와 같은 방향,SPY와 반대 방향,defensive_proxy|rate_proxy|usd_exposure,corr_sp500_60d_krw=0.63815
SHY,bond_etf,USD,corr_kospi200_60d,KOSPI200 60d correlation,negative,0.441287,medium,-0.441287,corr_kospi200_60d_krw,KOSPI200과 같은 방향,KOSPI200과 반대 방향,defensive_proxy|rate_proxy|usd_exposure,corr_kospi200_60d_krw=-0.441287
SHY,bond_etf,USD,stress_response,Stress-period average return,neutral,1.1e-05,low,-1.1e-05,avg_stress_ret_krw,위기구간에서 플러스 성과,위기구간에서 마이너스 성과,defensive_proxy|rate_proxy|usd_exposure,avg_stress_ret_krw=-1.1e-05
SOL-USD,crypto,USD,market_beta_sp500,S&P500 beta,positive,1.6497,high,1.6497,beta_sp500_1y_krw,SPY와 같은 방향,SPY와 반대 방향,usd_exposure,beta_sp500_1y_krw=1.6497
SOL-USD,crypto,USD,downside_beta_sp500,S&P500 downside beta,positive,1.573393,high,1.573393,downside_beta_sp500_1y_krw,미국 증시 하락일에 함께 하락,미국 증시 하락일에 반대로 움직임,usd_exposure,downside_beta_sp500_1y_krw=1.573393
SOL-USD,crypto,USD,corr_sp500_60d,S&P500 60d correlation,positive,0.49888,medium,0.49888,corr_sp500_60d_krw,SPY와 같은 방향,SPY와 반대 방향,usd_exposure,corr_sp500_60d_krw=0.49888
SOL-USD,crypto,USD,corr_kospi200_60d,KOSPI200 60d correlation,negative,0.236567,low,-0.236567,corr_kospi200_60d_krw,KOSPI200과 같은 방향,KOSPI200과 반대 방향,usd_exposure,corr_kospi200_60d_krw=-0.236567
SOL-USD,crypto,USD,stress_response,Stress-period average return,positive,0.011753,high,0.011753,avg_stress_ret_krw,위기구간에서 플러스 성과,위기구간에서 마이너스 성과,usd_exposure,avg_stress_ret_krw=0.011753
SPY,etf,USD,market_beta_sp500,S&P500 beta,positive,1.0,high,1.0,beta_sp500_1y_krw,SPY와 같은 방향,SPY와 반대 방향,usd_exposure,beta_sp500_1y_krw=1.0
SPY,etf,USD,downside_beta_sp500,S&P500 downside beta,positive,1.0,high,1.0,downside_beta_sp500_1y_krw,미국 증시 하락일에 함께 하락,미국 증시 하락일에 반대로 움직임,usd_exposure,downside_beta_sp500_1y_krw=1.0
SPY,etf,USD,corr_sp500_60d,S&P500 60d correlation,positive,1.0,high,1.0,corr_sp500_60d_krw,SPY와 같은 방향,SPY와 반대 방향,usd_exposure,corr_sp500_60d_krw=1.0
SPY,etf,USD,corr_kospi200_60d,KOSPI200 60d correlation,negative,0.252671,low,-0.252671,corr_kospi200_60d_krw,KOSPI200과 같은 방향,KOSPI200과 반대 방향,usd_exposure,corr_kospi200_60d_krw=-0.252671
SPY,etf,USD,stress_response,Stress-period average return,negative,0.001459,low,-0.001459,avg_stress_ret_krw,위기구간에서 플러스 성과,위기구간에서 마이너스 성과,usd_exposure,avg_stress_ret_krw=-0.001459
TIP,bond_etf,USD,market_beta_sp500,S&P500 beta,positive,0.210165,low,0.210165,beta_sp500_1y_krw,SPY와 같은 방향,SPY와 반대 방향,defensive_proxy|inflation_proxy|rate_proxy|usd_exposure,beta_sp500_1y_krw=0.210165
TIP,bond_etf,USD,downside_beta_sp500,S&P500 downside beta,positive,0.187675,low,0.187675,downside_beta_sp500_1y_krw,미국 증시 하락일에 함께 하락,미국 증시 하락일에 반대로 움직임,defensive_proxy|inflation_proxy|rate_proxy|usd_exposure,downside_beta_sp500_1y_krw=0.187675
TIP,bond_etf,USD,corr_sp500_60d,S&P500 60d correlation,positive,0.660245,high,0.660245,corr_sp500_60d_krw,SPY와 같은 방향,SPY와 반대 방향,defensive_proxy|inflation_proxy|rate_proxy|usd_exposure,corr_sp500_60d_krw=0.660245
TIP,bond_etf,USD,corr_kospi200_60d,KOSPI200 60d correlation,negative,0.414626,medium,-0.414626,corr_kospi200_60d_krw,KOSPI200과 같은 방향,KOSPI200과 반대 방향,defensive_proxy|inflation_proxy|rate_proxy|usd_exposure,corr_kospi200_60d_krw=-0.414626
TIP,bond_etf,USD,stress_response,Stress-period average return,negative,0.000605,low,-0.000605,avg_stress_ret_krw,위기구간에서 플러스 성과,위기구간에서 마이너스 성과,defensive_proxy|inflation_proxy|rate_proxy|usd_exposure,avg_stress_ret_krw=-0.000605
TLT,bond_etf,USD,market_beta_sp500,S&P500 beta,neutral,0.052524,low,0.052524,beta_sp500_1y_krw,SPY와 같은 방향,SPY와 반대 방향,defensive_proxy|rate_proxy|usd_exposure,beta_sp500_1y_krw=0.052524
TLT,bond_etf,USD,downside_beta_sp500,S&P500 downside beta,neutral,0.02043,low,-0.02043,downside_beta_sp500_1y_krw,미국 증시 하락일에 함께 하락,미국 증시 하락일에 반대로 움직임,defensive_proxy|rate_proxy|usd_exposure,downside_beta_sp500_1y_krw=-0.02043
TLT,bond_etf,USD,corr_sp500_60d,S&P500 60d correlation,positive,0.719641,high,0.719641,corr_sp500_60d_krw,SPY와 같은 방향,SPY와 반대 방향,defensive_proxy|rate_proxy|usd_exposure,corr_sp500_60d_krw=0.719641
TLT,bond_etf,USD,corr_kospi200_60d,KOSPI200 60d correlation,negative,0.39256,medium,-0.39256,corr_kospi200_60d_krw,KOSPI200과 같은 방향,KOSPI200과 반대 방향,defensive_proxy|rate_proxy|usd_exposure,corr_kospi200_60d_krw=-0.39256
TLT,bond_etf,USD,stress_response,Stress-period average return,positive,0.000645,low,0.000645,avg_stress_ret_krw,위기구간에서 플러스 성과,위기구간에서 마이너스 성과,defensive_proxy|rate_proxy|usd_exposure,avg_stress_ret_krw=0.000645
TSLA,us_stock,USD,market_beta_sp500,S&P500 beta,positive,1.437899,high,1.437899,beta_sp500_1y_krw,SPY와 같은 방향,SPY와 반대 방향,usd_exposure,beta_sp500_1y_krw=1.437899
TSLA,us_stock,USD,downside_beta_sp500,S&P500 downside beta,positive,1.484979,high,1.484979,downside_beta_sp500_1y_krw,미국 증시 하락일에 함께 하락,미국 증시 하락일에 반대로 움직임,usd_exposure,downside_beta_sp500_1y_krw=1.484979
TSLA,us_stock,USD,corr_sp500_60d,S&P500 60d correlation,positive,0.674402,high,0.674402,corr_sp500_60d_krw,SPY와 같은 방향,SPY와 반대 방향,usd_exposure,corr_sp500_60d_krw=0.674402
TSLA,us_stock,USD,corr_kospi200_60d,KOSPI200 60d correlation,neutral,0.027606,low,0.027606,corr_kospi200_60d_krw,KOSPI200과 같은 방향,KOSPI200과 반대 방향,usd_exposure,corr_kospi200_60d_krw=0.027606
TSLA,us_stock,USD,stress_response,Stress-period average return,negative,0.002331,medium,-0.002331,avg_stress_ret_krw,위기구간에서 플러스 성과,위기구간에서 마이너스 성과,usd_exposure,avg_stress_ret_krw=-0.002331
UNH,us_stock,USD,market_beta_sp500,S&P500 beta,positive,0.896259,medium,0.896259,beta_sp500_1y_krw,SPY와 같은 방향,SPY와 반대 방향,defensive_proxy|usd_exposure,beta_sp500_1y_krw=0.896259
UNH,us_stock,USD,downside_beta_sp500,S&P500 downside beta,positive,0.912479,medium,0.912479,downside_beta_sp500_1y_krw,미국 증시 하락일에 함께 하락,미국 증시 하락일에 반대로 움직임,defensive_proxy|usd_exposure,downside_beta_sp500_1y_krw=0.912479
UNH,us_stock,USD,corr_sp500_60d,S&P500 60d correlation,positive,0.40728,medium,0.40728,corr_sp500_60d_krw,SPY와 같은 방향,SPY와 반대 방향,defensive_proxy|usd_exposure,corr_sp500_60d_krw=0.40728
UNH,us_stock,USD,corr_kospi200_60d,KOSPI200 60d correlation,negative,0.111939,low,-0.111939,corr_kospi200_60d_krw,KOSPI200과 같은 방향,KOSPI200과 반대 방향,defensive_proxy|usd_exposure,corr_kospi200_60d_krw=-0.111939
UNH,us_stock,USD,stress_response,Stress-period average return,negative,0.002754,medium,-0.002754,avg_stress_ret_krw,위기구간에서 플러스 성과,위기구간에서 마이너스 성과,defensive_proxy|usd_exposure,avg_stress_ret_krw=-0.002754
USO,commodity_etf,USD,market_beta_sp500,S&P500 beta,positive,0.736037,medium,0.736037,beta_sp500_1y_krw,SPY와 같은 방향,SPY와 반대 방향,geopolitical_proxy|inflation_proxy|usd_exposure,beta_sp500_1y_krw=0.736037
USO,commodity_etf,USD,downside_beta_sp500,S&P500 downside beta,positive,0.969535,medium,0.969535,downside_beta_sp500_1y_krw,미국 증시 하락일에 함께 하락,미국 증시 하락일에 반대로 움직임,geopolitical_proxy|inflation_proxy|usd_exposure,downside_beta_sp500_1y_krw=0.969535
USO,commodity_etf,USD,corr_sp500_60d,S&P500 60d correlation,negative,0.29091,low,-0.29091,corr_sp500_60d_krw,SPY와 같은 방향,SPY와 반대 방향,geopolitical_proxy|inflation_proxy|usd_exposure,corr_sp500_60d_krw=-0.29091
USO,commodity_etf,USD,corr_kospi200_60d,KOSPI200 60d correlation,negative,0.182354,low,-0.182354,corr_kospi200_60d_krw,KOSPI200과 같은 방향,KOSPI200과 반대 방향,geopolitical_proxy|inflation_proxy|usd_exposure,corr_kospi200_60d_krw=-0.182354
USO,commodity_etf,USD,stress_response,Stress-period average return,negative,0.004588,high,-0.004588,avg_stress_ret_krw,위기구간에서 플러스 성과,위기구간에서 마이너스 성과,geopolitical_proxy|inflation_proxy|usd_exposure,avg_stress_ret_krw=-0.004588
V,us_stock,USD,market_beta_sp500,S&P500 beta,positive,0.989493,medium,0.989493,beta_sp500_1y_krw,SPY와 같은 방향,SPY와 반대 방향,credit_proxy|korea_financial_proxy|usd_exposure,beta_sp500_1y_krw=0.989493
V,us_stock,USD,downside_beta_sp500,S&P500 downside beta,positive,0.952818,medium,0.952818,downside_beta_sp500_1y_krw,미국 증시 하락일에 함께 하락,미국 증시 하락일에 반대로 움직임,credit_proxy|korea_financial_proxy|usd_exposure,downside_beta_sp500_1y_krw=0.952818
V,us_stock,USD,corr_sp500_60d,S&P500 60d correlation,positive,0.509729,medium,0.509729,corr_sp500_60d_krw,SPY와 같은 방향,SPY와 반대 방향,credit_proxy|korea_financial_proxy|usd_exposure,corr_sp500_60d_krw=0.509729
V,us_stock,USD,corr_kospi200_60d,KOSPI200 60d correlation,negative,0.25083,low,-0.25083,corr_kospi200_60d_krw,KOSPI200과 같은 방향,KOSPI200과 반대 방향,credit_proxy|korea_financial_proxy|usd_exposure,corr_kospi200_60d_krw=-0.25083
V,us_stock,USD,stress_response,Stress-period average return,negative,0.000509,low,-0.000509,avg_stress_ret_krw,위기구간에서 플러스 성과,위기구간에서 마이너스 성과,credit_proxy|korea_financial_proxy|usd_exposure,avg_stress_ret_krw=-0.000509
VNQ,etf,USD,market_beta_sp500,S&P500 beta,positive,1.073938,high,1.073938,beta_sp500_1y_krw,SPY와 같은 방향,SPY와 반대 방향,usd_exposure,beta_sp500_1y_krw=1.073938
VNQ,etf,USD,downside_beta_sp500,S&P500 downside beta,positive,1.173857,high,1.173857,downside_beta_sp500_1y_krw,미국 증시 하락일에 함께 하락,미국 증시 하락일에 반대로 움직임,usd_exposure,downside_beta_sp500_1y_krw=1.173857
VNQ,etf,USD,corr_sp500_60d,S&P500 60d correlation,positive,0.751108,high,0.751108,corr_sp500_60d_krw,SPY와 같은 방향,SPY와 반대 방향,usd_exposure,corr_sp500_60d_krw=0.751108
VNQ,etf,USD,corr_kospi200_60d,KOSPI200 60d correlation,negative,0.343155,medium,-0.343155,corr_kospi200_60d_krw,KOSPI200과 같은 방향,KOSPI200과 반대 방향,usd_exposure,corr_kospi200_60d_krw=-0.343155
VNQ,etf,USD,stress_response,Stress-period average return,negative,0.001066,low,-0.001066,avg_stress_ret_krw,위기구간에서 플러스 성과,위기구간에서 마이너스 성과,usd_exposure,avg_stress_ret_krw=-0.001066
VTI,etf,USD,market_beta_sp500,S&P500 beta,positive,1.00542,high,1.00542,beta_sp500_1y_krw,SPY와 같은 방향,SPY와 반대 방향,usd_exposure,beta_sp500_1y_krw=1.00542
VTI,etf,USD,downside_beta_sp500,S&P500 downside beta,positive,1.005073,high,1.005073,downside_beta_sp500_1y_krw,미국 증시 하락일에 함께 하락,미국 증시 하락일에 반대로 움직임,usd_exposure,downside_beta_sp500_1y_krw=1.005073
VTI,etf,USD,corr_sp500_60d,S&P500 60d correlation,positive,0.998089,high,0.998089,corr_sp500_60d_krw,SPY와 같은 방향,SPY와 반대 방향,usd_exposure,corr_sp500_60d_krw=0.998089
VTI,etf,USD,corr_kospi200_60d,KOSPI200 60d correlation,negative,0.25599,low,-0.25599,corr_kospi200_60d_krw,KOSPI200과 같은 방향,KOSPI200과 반대 방향,usd_exposure,corr_kospi200_60d_krw=-0.25599
VTI,etf,USD,stress_response,Stress-period average return,negative,0.001582,medium,-0.001582,avg_stress_ret_krw,위기구간에서 플러스 성과,위기구간에서 마이너스 성과,usd_exposure,avg_stress_ret_krw=-0.001582
VXUS,etf,USD,market_beta_sp500,S&P500 beta,positive,0.872165,medium,0.872165,beta_sp500_1y_krw,SPY와 같은 방향,SPY와 반대 방향,usd_exposure,beta_sp500_1y_krw=0.872165
VXUS,etf,USD,downside_beta_sp500,S&P500 downside beta,positive,0.905659,medium,0.905659,downside_beta_sp500_1y_krw,미국 증시 하락일에 함께 하락,미국 증시 하락일에 반대로 움직임,usd_exposure,downside_beta_sp500_1y_krw=0.905659
VXUS,etf,USD,corr_sp500_60d,S&P500 60d correlation,positive,0.872735,high,0.872735,corr_sp500_60d_krw,SPY와 같은 방향,SPY와 반대 방향,usd_exposure,corr_sp500_60d_krw=0.872735
VXUS,etf,USD,corr_kospi200_60d,KOSPI200 60d correlation,negative,0.129034,low,-0.129034,corr_kospi200_60d_krw,KOSPI200과 같은 방향,KOSPI200과 반대 방향,usd_exposure,corr_kospi200_60d_krw=-0.129034
VXUS,etf,USD,stress_response,Stress-period average return,negative,0.001139,low,-0.001139,avg_stress_ret_krw,위기구간에서 플러스 성과,위기구간에서 마이너스 성과,usd_exposure,avg_stress_ret_krw=-0.001139
XLE,etf,USD,market_beta_sp500,S&P500 beta,positive,1.08371,high,1.08371,beta_sp500_1y_krw,SPY와 같은 방향,SPY와 반대 방향,geopolitical_proxy|usd_exposure,beta_sp500_1y_krw=1.08371
XLE,etf,USD,downside_beta_sp500,S&P500 downside beta,positive,1.199325,high,1.199325,downside_beta_sp500_1y_krw,미국 증시 하락일에 함께 하락,미국 증시 하락일에 반대로 움직임,geopolitical_proxy|usd_exposure,downside_beta_sp500_1y_krw=1.199325
XLE,etf,USD,corr_sp500_60d,S&P500 60d correlation,positive,0.132459,low,0.132459,corr_sp500_60d_krw,SPY와 같은 방향,SPY와 반대 방향,geopolitical_proxy|usd_exposure,corr_sp500_60d_krw=0.132459
XLE,etf,USD,corr_kospi200_60d,KOSPI200 60d correlation,negative,0.370054,medium,-0.370054,corr_kospi200_60d_krw,KOSPI200과 같은 방향,KOSPI200과 반대 방향,geopolitical_proxy|usd_exposure,corr_kospi200_60d_krw=-0.370054
XLE,etf,USD,stress_response,Stress-period average return,negative,0.002884,medium,-0.002884,avg_stress_ret_krw,위기구간에서 플러스 성과,위기구간에서 마이너스 성과,geopolitical_proxy|usd_exposure,avg_stress_ret_krw=-0.002884
XLP,etf,USD,market_beta_sp500,S&P500 beta,positive,0.669283,medium,0.669283,beta_sp500_1y_krw,SPY와 같은 방향,SPY와 반대 방향,defensive_proxy|usd_exposure,beta_sp500_1y_krw=0.669283
XLP,etf,USD,downside_beta_sp500,S&P500 downside beta,positive,0.672628,medium,0.672628,downside_beta_sp500_1y_krw,미국 증시 하락일에 함께 하락,미국 증시 하락일에 반대로 움직임,defensive_proxy|usd_exposure,downside_beta_sp500_1y_krw=0.672628
XLP,etf,USD,corr_sp500_60d,S&P500 60d correlation,positive,0.562463,medium,0.562463,corr_sp500_60d_krw,SPY와 같은 방향,SPY와 반대 방향,defensive_proxy|usd_exposure,corr_sp500_60d_krw=0.562463
XLP,etf,USD,corr_kospi200_60d,KOSPI200 60d correlation,negative,0.405963,medium,-0.405963,corr_kospi200_60d_krw,KOSPI200과 같은 방향,KOSPI200과 반대 방향,defensive_proxy|usd_exposure,corr_kospi200_60d_krw=-0.405963
XLP,etf,USD,stress_response,Stress-period average return,negative,0.00134,low,-0.00134,avg_stress_ret_krw,위기구간에서 플러스 성과,위기구간에서 마이너스 성과,defensive_proxy|usd_exposure,avg_stress_ret_krw=-0.00134
XLU,etf,USD,market_beta_sp500,S&P500 beta,positive,0.707173,medium,0.707173,beta_sp500_1y_krw,SPY와 같은 방향,SPY와 반대 방향,defensive_proxy|usd_exposure,beta_sp500_1y_krw=0.707173
XLU,etf,USD,downside_beta_sp500,S&P500 downside beta,positive,0.722062,medium,0.722062,downside_beta_sp500_1y_krw,미국 증시 하락일에 함께 하락,미국 증시 하락일에 반대로 움직임,defensive_proxy|usd_exposure,downside_beta_sp500_1y_krw=0.722062
XLU,etf,USD,corr_sp500_60d,S&P500 60d correlation,positive,0.546426,medium,0.546426,corr_sp500_60d_krw,SPY와 같은 방향,SPY와 반대 방향,defensive_proxy|usd_exposure,corr_sp500_60d_krw=0.546426
XLU,etf,USD,corr_kospi200_60d,KOSPI200 60d correlation,negative,0.298919,low,-0.298919,corr_kospi200_60d_krw,KOSPI200과 같은 방향,KOSPI200과 반대 방향,defensive_proxy|usd_exposure,corr_kospi200_60d_krw=-0.298919
XLU,etf,USD,stress_response,Stress-period average return,negative,0.002025,medium,-0.002025,avg_stress_ret_krw,위기구간에서 플러스 성과,위기구간에서 마이너스 성과,defensive_proxy|usd_exposure,avg_stress_ret_krw=-0.002025
XLV,etf,USD,market_beta_sp500,S&P500 beta,positive,0.782178,medium,0.782178,beta_sp500_1y_krw,SPY와 같은 방향,SPY와 반대 방향,defensive_proxy|usd_exposure,beta_sp500_1y_krw=0.782178
XLV,etf,USD,downside_beta_sp500,S&P500 downside beta,positive,0.757529,medium,0.757529,downside_beta_sp500_1y_krw,미국 증시 하락일에 함께 하락,미국 증시 하락일에 반대로 움직임,defensive_proxy|usd_exposure,downside_beta_sp500_1y_krw=0.757529
XLV,etf,USD,corr_sp500_60d,S&P500 60d correlation,positive,0.739868,high,0.739868,corr_sp500_60d_krw,SPY와 같은 방향,SPY와 반대 방향,defensive_proxy|usd_exposure,corr_sp500_60d_krw=0.739868
XLV,etf,USD,corr_kospi200_60d,KOSPI200 60d correlation,negative,0.362264,medium,-0.362264,corr_kospi200_60d_krw,KOSPI200과 같은 방향,KOSPI200과 반대 방향,defensive_proxy|usd_exposure,corr_kospi200_60d_krw=-0.362264
XLV,etf,USD,stress_response,Stress-period average return,negative,0.001158,low,-0.001158,avg_stress_ret_krw,위기구간에서 플러스 성과,위기구간에서 마이너스 성과,defensive_proxy|usd_exposure,avg_stress_ret_krw=-0.001158
XOM,us_stock,USD,market_beta_sp500,S&P500 beta,positive,0.918331,medium,0.918331,beta_sp500_1y_krw,SPY와 같은 방향,SPY와 반대 방향,usd_exposure,beta_sp500_1y_krw=0.918331
XOM,us_stock,USD,downside_beta_sp500,S&P500 downside beta,positive,0.994039,medium,0.994039,downside_beta_sp500_1y_krw,미국 증시 하락일에 함께 하락,미국 증시 하락일에 반대로 움직임,usd_exposure,downside_beta_sp500_1y_krw=0.994039
XOM,us_stock,USD,corr_sp500_60d,S&P500 60d correlation,neutral,0.017011,low,0.017011,corr_sp500_60d_krw,SPY와 같은 방향,SPY와 반대 방향,usd_exposure,corr_sp500_60d_krw=0.017011
XOM,us_stock,USD,corr_kospi200_60d,KOSPI200 60d correlation,negative,0.357067,medium,-0.357067,corr_kospi200_60d_krw,KOSPI200과 같은 방향,KOSPI200과 반대 방향,usd_exposure,corr_kospi200_60d_krw=-0.357067
XOM,us_stock,USD,stress_response,Stress-period average return,negative,0.001613,medium,-0.001613,avg_stress_ret_krw,위기구간에서 플러스 성과,위기구간에서 마이너스 성과,usd_exposure,avg_stress_ret_krw=-0.001613
XRP-USD,crypto,USD,market_beta_sp500,S&P500 beta,positive,0.9737,medium,0.9737,beta_sp500_1y_krw,SPY와 같은 방향,SPY와 반대 방향,usd_exposure,beta_sp500_1y_krw=0.9737
XRP-USD,crypto,USD,downside_beta_sp500,S&P500 downside beta,positive,1.031101,high,1.031101,downside_beta_sp500_1y_krw,미국 증시 하락일에 함께 하락,미국 증시 하락일에 반대로 움직임,usd_exposure,downside_beta_sp500_1y_krw=1.031101
XRP-USD,crypto,USD,corr_sp500_60d,S&P500 60d correlation,positive,0.624147,high,0.624147,corr_sp500_60d_krw,SPY와 같은 방향,SPY와 반대 방향,usd_exposure,corr_sp500_60d_krw=0.624147
XRP-USD,crypto,USD,corr_kospi200_60d,KOSPI200 60d correlation,negative,0.199759,low,-0.199759,corr_kospi200_60d_krw,KOSPI200과 같은 방향,KOSPI200과 반대 방향,usd_exposure,corr_kospi200_60d_krw=-0.199759
XRP-USD,crypto,USD,stress_response,Stress-period average return,positive,0.004639,high,0.004639,avg_stress_ret_krw,위기구간에서 플러스 성과,위기구간에서 마이너스 성과,usd_exposure,avg_stress_ret_krw=0.004639
