ticker,asset_class,currency,vol_annual,mdd_1y,var_95_1y,cvar_95_1y,beta_sp500_1y,downside_beta_sp500_1y,beta_ks200_1y,downside_beta_ks200_1y,corr_sp500_60d,corr_kospi200_60d,beta_soxx_1y,downside_beta_soxx_1y,corr_soxx_60d,beta_uso_1y,beta_gld_1y,avg_stress_ret,adv_60,vol_annual_krw,mdd_1y_krw,var_95_1y_krw,cvar_95_1y_krw,beta_sp500_1y_krw,downside_beta_sp500_1y_krw,beta_ks200_1y_krw,downside_beta_ks200_1y_krw,corr_sp500_60d_krw,corr_kospi200_60d_krw,beta_soxx_1y_krw,downside_beta_soxx_1y_krw,corr_soxx_60d_krw,beta_usdkrw_1y,beta_uso_1y_krw,beta_gld_1y_krw,beta_kr_financial_basket_1y_krw,avg_stress_ret_krw,return_observation_count,stress_observation_count,sp500_overlap_count,ks200_overlap_count,soxx_overlap_count,usdkrw_overlap_count,uso_overlap_count,gld_overlap_count,kr_financial_overlap_count,annual_return_1y_krw,sharpe_1y_krw_proxy,data_version
000270.KS,kr_stock,KRW,0.386477,-0.264203,-0.034263,-0.061279,0.058029,0.107497,0.969393,1.106029,-0.232481,0.808781,0.037153,0.130221,0.022399,0.019123,-0.081705,-0.004996,250399925811.82135,0.386477,-0.264203,-0.034263,-0.061279,0.058029,0.107497,0.969393,1.106029,-0.232481,0.808781,0.037153,0.130221,0.022399,-0.318803,0.019123,-0.081705,0.516905,-0.004996,4781,266,4621,4725,1185,4195,4621,4621,4781,0.876478,1.809336,20260520
000660.KS,kr_stock,KRW,0.454169,-0.265696,-0.06321,-0.083402,0.122468,0.255832,1.320845,1.245427,-0.147889,0.93612,0.143288,0.136832,0.143982,0.015815,-0.07686,-0.01021,5637580820917.09,0.454169,-0.265696,-0.06321,-0.083402,0.122468,0.255832,1.320845,1.245427,-0.147889,0.93612,0.143288,0.136832,0.143982,-0.412673,0.015815,-0.07686,0.48254,-0.01021,4781,266,4621,4725,1185,4195,4621,4621,4781,9.426572,14.122778,20260520
000810.KS,kr_stock,KRW,0.33206,-0.276984,-0.039109,-0.067074,0.010814,0.115902,0.643034,0.716285,-0.169489,0.585407,-0.029926,0.104035,-0.12376,0.034411,0.002744,-0.004478,75171861237.62083,0.33206,-0.276984,-0.039109,-0.067074,0.010814,0.115902,0.643034,0.716285,-0.169489,0.585407,-0.029926,0.104035,-0.12376,-0.228365,0.034411,0.002744,0.555233,-0.004478,4781,266,4621,4725,1185,4195,4621,4621,4781,0.540616,0.935618,20260520
003670.KS,kr_stock,KRW,0.460801,-0.283503,-0.050515,-0.075963,0.006153,0.14225,0.77809,0.872175,-0.333537,0.728575,0.004437,-0.001451,-0.132986,0.002062,-0.068528,-0.005132,101537447054.79427,0.460801,-0.283503,-0.050515,-0.075963,0.006153,0.14225,0.77809,0.872175,-0.333537,0.728575,0.004437,-0.001451,-0.132986,-0.352848,0.002062,-0.068528,0.260865,-0.005132,4781,266,4621,4725,1185,4195,4621,4621,4781,0.85971,1.266769,20260520
005380.KS,kr_stock,KRW,0.377443,-0.339021,-0.043444,-0.066223,0.045767,0.135676,1.008842,1.031589,-0.261711,0.775403,0.057277,0.147154,-0.03714,0.034876,-0.055553,-0.005493,980420608216.1432,0.377443,-0.339021,-0.043444,-0.066223,0.045767,0.135676,1.008842,1.031589,-0.261711,0.775403,0.057277,0.147154,-0.03714,-0.300139,0.034876,-0.055553,0.527248,-0.005493,4781,266,4621,4725,1185,4195,4621,4621,4781,2.616666,4.419372,20260520
005490.KS,kr_stock,KRW,0.360116,-0.22155,-0.034247,-0.058746,0.007647,0.103868,0.983609,1.029619,-0.342188,0.710055,-0.01652,-0.053539,-0.179702,0.033518,-0.137675,-0.005251,210680360657.7948,0.360116,-0.22155,-0.034247,-0.058746,0.007647,0.103868,0.983609,1.029619,-0.342188,0.710055,-0.01652,-0.053539,-0.179702,-0.418473,0.033518,-0.137675,0.52747,-0.005251,4781,266,4621,4725,1185,4195,4621,4621,4781,0.837124,1.734956,20260520
005930.KS,kr_stock,KRW,0.308878,-0.23144,-0.043736,-0.068694,0.038313,0.094273,1.097526,0.950517,-0.232455,0.960254,0.065818,0.048414,0.059297,0.024224,-0.045972,-0.005363,6426947260364.441,0.308878,-0.23144,-0.043736,-0.068694,0.038313,0.094273,1.097526,0.950517,-0.232455,0.960254,0.065818,0.048414,0.059297,-0.315283,0.024224,-0.045972,0.412148,-0.005363,4781,266,4621,4725,1185,4195,4621,4621,4781,4.152363,7.863704,20260520
006400.KS,kr_stock,KRW,0.421579,-0.246781,-0.045572,-0.070127,0.043592,0.092666,0.998912,1.030954,-0.245378,0.588904,-0.012965,-0.033497,-0.051305,0.022664,-0.077947,-0.00733,453826326275.0,0.421579,-0.246781,-0.045572,-0.070127,0.043592,0.092666,0.998912,1.030954,-0.245378,0.588904,-0.012965,-0.033497,-0.051305,-0.329289,0.022664,-0.077947,0.39679,-0.00733,4781,266,4621,4725,1185,4195,4621,4621,4781,2.482955,3.98658,20260520
011200.KS,kr_stock,KRW,0.54877,-0.280925,-0.028946,-0.049941,-0.04707,-0.095855,0.785561,0.83759,-0.287535,0.342177,-0.084124,-0.157912,-0.270769,-0.017192,-0.079118,-0.000737,44440974391.3178,0.54877,-0.280925,-0.028946,-0.049941,-0.04707,-0.095855,0.785561,0.83759,-0.287535,0.342177,-0.084124,-0.157912,-0.270769,-0.314981,-0.017192,-0.079118,0.415435,-0.000737,4781,266,4621,4725,1185,4195,4621,4621,4781,0.126733,0.246571,20260520
017670.KS,kr_stock,KRW,0.255336,-0.187283,-0.022094,-0.047694,-0.002631,0.037539,0.352013,0.437337,-0.165655,0.592423,-0.034553,-0.003882,0.052001,-0.000358,-0.027434,-0.001759,92741758020.0,0.255336,-0.187283,-0.022094,-0.047694,-0.002631,0.037539,0.352013,0.437337,-0.165655,0.592423,-0.034553,-0.003882,0.052001,-0.071288,-0.000358,-0.027434,0.209321,-0.001759,4781,266,4621,4725,1185,4195,4621,4621,4781,0.909637,2.299429,20260520
032830.KS,kr_stock,KRW,0.311537,-0.197154,-0.037272,-0.054363,-0.026675,0.133416,0.708752,0.766349,-0.225732,0.792866,-0.012067,0.114015,0.02393,0.013584,-0.016462,-0.004678,110070833491.66667,0.311537,-0.197154,-0.037272,-0.054363,-0.026675,0.133416,0.708752,0.766349,-0.225732,0.792866,-0.012067,0.114015,0.02393,-0.325516,0.013584,-0.016462,0.922402,-0.004678,3936,158,3812,3895,1185,3463,3812,3812,3936,2.759509,5.473747,20260520
034020.KS,kr_stock,KRW,0.508975,-0.247925,-0.059657,-0.080182,0.074827,0.214301,1.127018,1.274963,-0.299186,0.717844,0.036143,0.148829,-0.087091,0.033172,-0.088119,-0.008922,544202729843.3333,0.508975,-0.247925,-0.059657,-0.080182,0.074827,0.214301,1.127018,1.274963,-0.299186,0.717844,0.036143,0.148829,-0.087091,-0.427087,0.033172,-0.088119,0.582473,-0.008922,4781,266,4621,4725,1185,4195,4621,4621,4781,2.872193,4.278067,20260520
035420.KS,kr_stock,KRW,0.417846,-0.31891,-0.043475,-0.060452,-0.05893,0.083592,0.779772,0.851495,-0.298735,0.755389,0.006498,0.096854,-0.033402,-0.034208,-0.049466,-0.004623,186098510246.40756,0.417846,-0.31891,-0.043475,-0.060452,-0.05893,0.083592,0.779772,0.851495,-0.298735,0.755389,0.006498,0.096854,-0.033402,-0.346679,-0.034208,-0.049466,0.346083,-0.004623,4781,266,4621,4725,1185,4195,4621,4621,4781,0.007984,-0.046966,20260520
035720.KS,kr_stock,KRW,0.406648,-0.396172,-0.042737,-0.070358,0.008151,0.11844,0.769637,0.927182,-0.357178,0.751754,0.022317,-0.001076,-0.130448,-0.025157,-0.077152,-0.007714,105663993892.94252,0.406648,-0.396172,-0.042737,-0.070358,0.008151,0.11844,0.769637,0.927182,-0.357178,0.751754,0.022317,-0.001076,-0.130448,-0.36891,-0.025157,-0.077152,0.337341,-0.007714,4781,266,4621,4725,1185,4195,4621,4621,4781,0.111359,0.154789,20260520
051910.KS,kr_stock,KRW,0.438376,-0.308701,-0.046009,-0.079053,0.035811,0.078886,1.131428,1.121067,-0.305782,0.714508,-0.015487,0.013542,-0.043674,0.023057,-0.058164,-0.007487,139570952357.56876,0.438376,-0.308701,-0.046009,-0.079053,0.035811,0.078886,1.131428,1.121067,-0.305782,0.714508,-0.015487,0.013542,-0.043674,-0.390508,0.023057,-0.058164,0.483812,-0.007487,4781,266,4621,4725,1185,4195,4621,4621,4781,0.737957,1.256513,20260520
055550.KS,kr_stock,KRW,0.327382,-0.165477,-0.026715,-0.042031,-0.009201,0.071834,0.885315,0.898327,-0.304527,0.660168,0.007425,0.001018,-0.078856,-0.002961,-0.106119,-0.00511,144797096074.83707,0.327382,-0.165477,-0.026715,-0.042031,-0.009201,0.071834,0.885315,0.898327,-0.304527,0.660168,0.007425,0.001018,-0.078856,-0.337086,-0.002961,-0.106119,0.983115,-0.00511,4781,266,4621,4725,1185,4195,4621,4621,4781,0.870503,2.496017,20260520
066570.KS,kr_stock,KRW,0.390107,-0.274659,-0.034416,-0.061415,0.060252,0.104082,0.931739,0.940461,-0.239123,0.52087,0.031012,-0.070547,-0.107234,0.036754,-0.051512,-0.006955,265575773598.21576,0.390107,-0.274659,-0.034416,-0.061415,0.060252,0.104082,0.931739,0.940461,-0.239123,0.52087,0.031012,-0.070547,-0.107234,-0.334288,0.036754,-0.051512,0.447613,-0.006955,4781,266,4621,4725,1185,4195,4621,4621,4781,2.0825,3.642056,20260520
068270.KS,kr_stock,KRW,0.488696,-0.262777,-0.03276,-0.048855,-0.040862,-0.000214,0.683955,0.809507,-0.374119,0.694424,-0.063269,-0.015903,-0.134282,-0.001845,-0.069269,-0.002263,118699422186.66667,0.488696,-0.262777,-0.03276,-0.048855,-0.040862,-0.000214,0.683955,0.809507,-0.374119,0.694424,-0.063269,-0.015903,-0.134282,-0.330203,-0.001845,-0.069269,0.302689,-0.002263,4781,266,4621,4725,1185,4195,4621,4621,4781,0.186145,0.424984,20260520
105560.KS,kr_stock,KRW,0.351607,-0.176359,-0.034217,-0.050335,0.004008,0.110282,0.852277,0.905735,-0.32355,0.729959,0.021842,0.025002,-0.019697,-0.009579,-0.117525,-0.006056,198927814577.92657,0.351607,-0.176359,-0.034217,-0.050335,0.004008,0.110282,0.852277,0.905735,-0.32355,0.729959,0.021842,0.025002,-0.019697,-0.398514,-0.009579,-0.117525,1.063914,-0.006056,4781,266,4621,4725,1185,4195,4621,4621,4781,0.768095,1.972766,20260520
207940.KS,kr_stock,KRW,0.381299,-0.294656,-0.030477,-0.052924,0.007036,-0.053818,0.561753,0.634677,-0.361018,0.702645,-0.0285,-0.065175,-0.108418,-0.029459,0.001996,-0.00163,85936954750.0,0.381299,-0.294656,-0.030477,-0.052924,0.007036,-0.053818,0.561753,0.634677,-0.361018,0.702645,-0.0285,-0.065175,-0.108418,-0.534893,-0.029459,0.001996,0.260768,-0.00163,2326,105,2250,2322,1185,2054,2250,2250,2326,-0.143116,-0.502743,20260520
AAPL,us_stock,USD,0.319704,-0.137377,-0.023301,-0.031526,1.0541,0.997283,0.046329,-0.01584,0.674673,-0.24841,0.469661,0.505993,0.425795,0.208233,0.204972,-0.001743,17151473581127.205,0.319704,-0.137377,-0.023301,-0.031526,1.0541,0.997283,0.046329,-0.01584,0.674673,-0.24841,0.469661,0.505993,0.425795,0.604097,0.208233,0.204972,-0.036447,-0.001743,4862,261,4862,4595,1262,4283,4862,4862,4621,0.526149,2.062235,20260520
AMZN,us_stock,USD,0.382455,-0.210292,-0.027657,-0.038416,1.124461,1.057538,0.037182,-0.033543,0.733238,-0.227339,0.594879,0.71973,0.57449,0.20326,0.20974,4.7e-05,15685481887479.38,0.382455,-0.210292,-0.027657,-0.038416,1.124461,1.057538,0.037182,-0.033543,0.733238,-0.227339,0.594879,0.71973,0.57449,0.592667,0.20326,0.20974,-0.031618,4.7e-05,4862,261,4862,4595,1262,4283,4862,4862,4621,0.345345,1.028381,20260520
AVGO,us_stock,USD,0.383994,-0.263454,-0.038325,-0.050972,1.29277,1.333386,0.110801,0.059117,0.64075,-0.101067,0.923302,0.955804,0.646255,0.226379,0.206553,0.00084,12706123020331.375,0.383994,-0.263454,-0.038325,-0.050972,1.29277,1.333386,0.110801,0.059117,0.64075,-0.101067,0.923302,0.955804,0.646255,0.507418,0.226379,0.206553,-0.005544,0.00084,4221,158,4221,3983,1262,3723,4221,4221,4000,0.953353,2.16565,20260520
BNB-USD,crypto,USD,0.796967,-0.547629,-0.045914,-0.072664,1.030875,1.221815,-0.075268,-0.111851,0.504468,-0.241876,0.470965,0.507963,0.360137,0.140659,0.48271,0.008653,1460613351491387.5,0.796967,-0.547629,-0.045914,-0.072664,1.030875,1.221815,-0.075268,-0.111851,0.504468,-0.241876,0.470965,0.507963,0.360137,0.79033,0.140659,0.48271,-0.033258,0.008653,3113,107,2140,2085,1262,2216,2140,2140,2084,-0.208939,-0.496172,20260520
BRK-B,us_stock,USD,0.236166,-0.107184,-0.017088,-0.024297,0.832771,0.825047,0.030477,0.0331,0.409711,-0.311715,0.185349,0.171822,-0.039295,0.196586,0.229242,-0.001186,3426106544102.6357,0.236166,-0.107184,-0.017088,-0.024297,0.832771,0.825047,0.030477,0.0331,0.409711,-0.311715,0.185349,0.171822,-0.039295,0.711044,0.196586,0.229242,0.00901,-0.001186,4862,261,4862,4595,1262,4283,4862,4862,4621,0.02242,-0.044267,20260520
BTC-USD,crypto,USD,0.559611,-0.479496,-0.037593,-0.05545,0.837991,0.931859,-0.142298,-0.154554,0.598353,-0.342435,0.50552,0.523867,0.408827,0.089837,0.446322,0.004874,3.8465907933763476e+18,0.559611,-0.479496,-0.037593,-0.05545,0.837991,0.931859,-0.142298,-0.154554,0.598353,-0.342435,0.50552,0.523867,0.408827,0.91231,0.089837,0.446322,-0.066399,0.004874,4262,112,2934,2853,1262,3035,2934,2934,2858,-0.253035,-0.705425,20260520
COST,us_stock,USD,0.24456,-0.149391,-0.023295,-0.030885,0.779396,0.777149,-0.084485,-0.090283,0.388402,-0.448048,0.28045,0.278913,-0.080345,0.141524,0.267314,-0.000158,2688065572919.3447,0.24456,-0.149391,-0.023295,-0.030885,0.779396,0.777149,-0.084485,-0.090283,0.388402,-0.448048,0.28045,0.278913,-0.080345,0.738269,0.141524,0.267314,-0.076733,-0.000158,4862,261,4862,4595,1262,4283,4862,4862,4621,0.154729,0.566055,20260520
DBC,commodity_etf,USD,0.216883,-0.080337,-0.016194,-0.030196,0.525167,0.610574,0.022039,0.071561,-0.024075,-0.164121,0.110198,0.144708,-0.289235,0.475831,0.512445,-0.003664,73595336412.57709,0.216883,-0.080337,-0.016194,-0.030196,0.525167,0.610574,0.022039,0.071561,-0.024075,-0.164121,0.110198,0.144708,-0.289235,0.770201,0.475831,0.512445,-0.018927,-0.003664,4862,261,4862,4595,1262,4283,4862,4862,4621,0.65987,2.898836,20260520
DIA,etf,USD,0.201289,-0.075102,-0.014381,-0.020947,0.939249,0.944099,0.046471,0.033777,0.932596,-0.336009,0.293443,0.288888,0.545944,0.20559,0.242068,-0.001311,4146582233090.514,0.201289,-0.075102,-0.014381,-0.020947,0.939249,0.944099,0.046471,0.033777,0.932596,-0.336009,0.293443,0.288888,0.545944,0.637808,0.20559,0.242068,-0.002737,-0.001311,4862,261,4862,4595,1262,4283,4862,4862,4621,0.271622,1.612741,20260520
EFA,etf,USD,0.218489,-0.087009,-0.015907,-0.022677,0.936678,0.96541,0.115021,0.095614,0.8559,-0.180661,0.319676,0.31641,0.661744,0.226112,0.293362,-0.001541,3078155657115.0884,0.218489,-0.087009,-0.015907,-0.022677,0.936678,0.96541,0.115021,0.095614,0.8559,-0.180661,0.319676,0.31641,0.661744,0.501625,0.226112,0.293362,0.027075,-0.001541,4862,261,4862,4595,1262,4283,4862,4862,4621,0.3074,1.686193,20260520
ETH-USD,crypto,USD,0.709605,-0.597563,-0.055994,-0.079792,1.252555,1.368258,-0.021168,0.0109,0.566825,-0.239792,0.724375,0.765334,0.390727,0.149246,0.495126,0.00827,5.551135189501936e+16,0.709605,-0.597563,-0.055994,-0.079792,1.252555,1.368258,-0.021168,0.0109,0.566825,-0.239792,0.724375,0.765334,0.390727,0.607084,0.149246,0.495126,-0.020291,0.00827,3113,107,2140,2085,1262,2216,2140,2140,2084,-0.466935,-0.875615,20260520
EWY,etf,USD,0.295257,-0.185818,-0.032346,-0.056938,0.976603,0.991222,0.605687,0.462773,0.672892,0.069312,0.484408,0.46235,0.771065,0.208139,0.224696,-0.003203,4954733307934.889,0.295257,-0.185818,-0.032346,-0.056938,0.976603,0.991222,0.605687,0.462773,0.672892,0.069312,0.484408,0.46235,0.771065,0.13513,0.208139,0.224696,0.263223,-0.003203,4862,261,4862,4595,1262,4283,4862,4862,4621,2.238483,5.48801,20260520
GLD,gold_etf,USD,0.216384,-0.153076,-0.026479,-0.041141,0.264537,0.268143,-0.059866,-0.037696,0.525882,0.004947,0.09033,0.090221,0.425422,0.149802,1.0,-0.000627,6879693699387.566,0.216384,-0.153076,-0.026479,-0.041141,0.264537,0.268143,-0.059866,-0.037696,0.525882,0.004947,0.09033,0.090221,0.425422,0.851358,0.149802,1.0,-0.054601,-0.000627,4862,261,4862,4595,1262,4283,4862,4862,4621,0.51912,1.795043,20260520
GOOGL,us_stock,USD,0.305724,-0.168381,-0.02268,-0.02856,1.02464,0.992943,0.050396,0.007287,0.615423,-0.107407,0.50591,0.526867,0.522313,0.185111,0.230816,-0.003505,13766034287587.713,0.305724,-0.168381,-0.02268,-0.02856,1.02464,0.992943,0.050396,0.007287,0.615423,-0.107407,0.50591,0.526867,0.522313,0.617748,0.185111,0.230816,-0.024219,-0.003505,4862,261,4862,4595,1262,4283,4862,4862,4621,1.528277,5.218418,20260520
HD,us_stock,USD,0.27937,-0.23489,-0.025178,-0.031296,0.997824,0.986758,0.022547,-0.007255,0.620101,-0.208392,0.295992,0.243954,0.340829,0.174825,0.238893,0.000454,2097679828510.6018,0.27937,-0.23489,-0.025178,-0.031296,0.997824,0.986758,0.022547,-0.007255,0.620101,-0.208392,0.295992,0.243954,0.340829,0.702673,0.174825,0.238893,-0.026218,0.000454,4862,261,4862,4595,1262,4283,4862,4862,4621,-0.12338,-0.633671,20260520
HYG,bond_etf,USD,0.144607,-0.033899,-0.008982,-0.015185,0.493717,0.49202,-0.021476,0.009334,0.817016,-0.466129,0.150812,0.140631,0.3325,0.134074,0.262656,-0.001305,6315882479931.434,0.144607,-0.033899,-0.008982,-0.015185,0.493717,0.49202,-0.021476,0.009334,0.817016,-0.466129,0.150812,0.140631,0.3325,0.746701,0.134074,0.262656,-0.01803,-0.001305,4795,261,4795,4530,1262,4217,4795,4795,4555,0.143732,1.128487,20260520
IAU,gold_etf,USD,0.21647,-0.153216,-0.026279,-0.04078,0.26306,0.265932,-0.060023,-0.03531,0.528275,0.006124,0.090043,0.090709,0.425379,0.150727,0.998381,-0.000527,1268387351300.059,0.21647,-0.153216,-0.026279,-0.04078,0.26306,0.265932,-0.060023,-0.03531,0.528275,0.006124,0.090043,0.090709,0.425379,0.852937,0.150727,0.998381,-0.05471,-0.000527,4862,261,4862,4595,1262,4283,4862,4862,4621,0.521812,1.817236,20260520
IEF,bond_etf,USD,0.150199,-0.043671,-0.008891,-0.014722,0.159029,0.108459,-0.155599,-0.151172,0.723184,-0.425285,0.033671,0.000875,0.225759,0.045658,0.396819,0.000289,1378840058167.9148,0.150199,-0.043671,-0.008891,-0.014722,0.159029,0.108459,-0.155599,-0.151172,0.723184,-0.425285,0.033671,0.000875,0.225759,0.965981,0.045658,0.396819,-0.098377,0.000289,4862,261,4862,4595,1262,4283,4862,4862,4621,0.110974,0.802384,20260520
ITA,etf,USD,0.239488,-0.135709,-0.022929,-0.029089,0.969284,1.024695,0.072965,0.061743,0.703063,-0.013939,0.314306,0.384371,0.502455,0.229749,0.251646,-0.002696,403446433825.74097,0.239488,-0.135709,-0.022929,-0.029089,0.969284,1.024695,0.072965,0.061743,0.703063,-0.013939,0.314306,0.384371,0.502455,0.604057,0.229749,0.251646,0.015674,-0.002696,4862,261,4862,4595,1262,4283,4862,4862,4621,0.370609,1.506561,20260520
IWM,etf,USD,0.252104,-0.086482,-0.019112,-0.027443,1.091852,1.090414,0.065019,0.014657,0.898612,-0.232213,0.464304,0.485123,0.749771,0.238061,0.234148,-0.001818,14626092625479.27,0.252104,-0.086482,-0.019112,-0.027443,1.091852,1.090414,0.065019,0.014657,0.898612,-0.232213,0.464304,0.485123,0.749771,0.537785,0.238061,0.234148,0.007602,-0.001818,4862,261,4862,4595,1262,4283,4862,4862,4621,0.415449,1.821744,20260520
JNJ,us_stock,USD,0.205912,-0.127752,-0.016474,-0.02236,0.642646,0.640549,-0.05104,-0.015532,0.553375,-0.305057,0.028339,-0.079267,0.172952,0.128772,0.291241,-0.000541,2699858638542.3745,0.205912,-0.127752,-0.016474,-0.02236,0.642646,0.640549,-0.05104,-0.015532,0.553375,-0.305057,0.028339,-0.079267,0.172952,0.79648,0.128772,0.291241,-0.057249,-0.000541,4862,261,4862,4595,1262,4283,4862,4862,4621,0.686421,3.476187,20260520
JPM,us_stock,USD,0.37259,-0.139773,-0.025532,-0.033032,1.270589,1.262468,0.067042,0.022343,0.621544,-0.270461,0.313456,0.357017,0.321328,0.262429,0.070669,0.001095,4134287942235.263,0.37259,-0.139773,-0.025532,-0.033032,1.270589,1.262468,0.067042,0.022343,0.621544,-0.270461,0.313456,0.357017,0.321328,0.454224,0.262429,0.070669,0.024988,0.001095,4862,261,4862,4595,1262,4283,4862,4862,4621,0.226191,0.874316,20260520
KO,us_stock,USD,0.210599,-0.085561,-0.017855,-0.02252,0.652714,0.703882,-0.02451,0.025584,0.449796,-0.290229,0.058692,0.018482,0.104543,0.143348,0.291498,-0.002396,1733498965608.2725,0.210599,-0.085561,-0.017855,-0.02252,0.652714,0.703882,-0.02451,0.025584,0.449796,-0.290229,0.058692,0.018482,0.104543,0.760475,0.143348,0.291498,-0.025264,-0.002396,4862,261,4862,4595,1262,4283,4862,4862,4621,0.266442,1.25515,20260520
LQD,bond_etf,USD,0.148416,-0.038548,-0.008265,-0.015526,0.29572,0.287431,-0.102611,-0.083027,0.783587,-0.46256,0.090794,0.059833,0.297464,0.074657,0.355007,-0.000832,6362320513297.072,0.148416,-0.038548,-0.008265,-0.015526,0.29572,0.287431,-0.102611,-0.083027,0.783587,-0.46256,0.090794,0.059833,0.297464,0.885226,0.074657,0.355007,-0.067578,-0.000832,4862,261,4862,4595,1262,4283,4862,4862,4621,0.129809,0.946819,20260520
MA,us_stock,USD,0.326306,-0.168081,-0.024711,-0.03791,1.09473,1.061371,0.08654,0.076894,0.50905,-0.225858,0.304934,0.244507,-0.020445,0.236603,0.207244,0.000256,2650773448003.7104,0.326306,-0.168081,-0.024711,-0.03791,1.09473,1.061371,0.08654,0.076894,0.50905,-0.225858,0.304934,0.244507,-0.020445,0.568371,0.236603,0.207244,0.026386,0.000256,4862,261,4862,4595,1262,4283,4862,4862,4621,-0.057314,-0.35301,20260520
META,us_stock,USD,0.401813,-0.272554,-0.03007,-0.048301,1.20788,1.232336,0.039243,0.071925,0.678889,-0.030162,0.649305,0.655265,0.42043,0.130361,0.204525,-0.002534,14084123730226.2,0.401813,-0.272554,-0.03007,-0.048301,1.20788,1.232336,0.039243,0.071925,0.678889,-0.030162,0.649305,0.655265,0.42043,0.609603,0.130361,0.204525,-0.031908,-0.002534,3519,125,3519,3318,1262,3101,3519,3519,3325,0.023152,-0.019467,20260520
MSFT,us_stock,USD,0.288291,-0.303358,-0.024519,-0.037992,1.051467,1.037948,0.023609,-0.001375,0.565994,-0.224418,0.436115,0.40973,0.094292,0.200478,0.236147,-0.002233,20068965145945.06,0.288291,-0.303358,-0.024519,-0.037992,1.051467,1.037948,0.023609,-0.001375,0.565994,-0.224418,0.436115,0.40973,0.094292,0.643742,0.200478,0.236147,-0.037682,-0.002233,4862,261,4862,4595,1262,4283,4862,4862,4621,0.008304,-0.087601,20260520
NVDA,us_stock,USD,0.490917,-0.151755,-0.034386,-0.043325,1.440743,1.371063,0.173598,0.099033,0.680804,0.012731,1.136414,1.196496,0.593537,0.254502,0.211225,-0.0007,47875890845838.53,0.490917,-0.151755,-0.034386,-0.043325,1.440743,1.371063,0.173598,0.099033,0.680804,0.012731,1.136414,1.196496,0.593537,0.4523,0.254502,0.211225,0.015787,-0.0007,4862,261,4862,4595,1262,4283,4862,4862,4621,0.76226,2.132909,20260520
PFE,us_stock,USD,0.253869,-0.120326,-0.025168,-0.031663,0.768107,0.767355,-0.027036,0.001562,0.472394,-0.107669,0.113302,0.064345,0.141958,0.146175,0.272,-0.000488,1470560436158.5999,0.253869,-0.120326,-0.025168,-0.031663,0.768107,0.767355,-0.027036,0.001562,0.472394,-0.107669,0.113302,0.064345,0.141958,0.741275,0.146175,0.272,-0.04905,-0.000488,4862,261,4862,4595,1262,4283,4862,4862,4621,0.307294,1.069247,20260520
PG,us_stock,USD,0.213666,-0.131382,-0.01891,-0.026504,0.660178,0.648318,-0.071861,-0.034943,0.534625,-0.259152,0.062946,0.034524,0.298375,0.130303,0.307337,-0.001366,2075589550049.7344,0.213666,-0.131382,-0.01891,-0.026504,0.660178,0.648318,-0.071861,-0.034943,0.534625,-0.259152,0.062946,0.034524,0.298375,0.793393,0.130303,0.307337,-0.064354,-0.001366,4862,261,4862,4595,1262,4283,4862,4862,4621,-0.029764,-0.305274,20260520
PPA,etf,USD,0.223796,-0.112175,-0.020424,-0.026717,0.938522,0.972539,0.057629,0.043355,0.751124,-0.070599,0.315045,0.366559,0.505248,0.21554,0.256616,-0.002299,72980261557.41698,0.223796,-0.112175,-0.020424,-0.026717,0.938522,0.972539,0.057629,0.043355,0.751124,-0.070599,0.315045,0.366559,0.505248,0.621817,0.21554,0.256616,0.003263,-0.002299,4862,261,4862,4595,1262,4283,4862,4862,4621,0.352785,1.536799,20260520
QQQ,etf,USD,0.23138,-0.081395,-0.018849,-0.023469,1.038819,0.999924,0.050553,0.007797,0.961458,-0.176036,0.559602,0.591205,0.796934,0.192257,0.239019,-0.001386,51018571421020.74,0.23138,-0.081395,-0.018849,-0.023469,1.038819,0.999924,0.050553,0.007797,0.961458,-0.176036,0.559602,0.591205,0.796934,0.594765,0.192257,0.239019,-0.025078,-0.001386,4862,261,4862,4595,1262,4283,4862,4862,4621,0.454583,2.389196,20260520
SHY,bond_etf,USD,0.131089,-0.04392,-0.008896,-0.013906,0.230471,0.188922,-0.132601,-0.138328,0.63815,-0.441287,0.036487,0.015002,0.123683,0.076805,0.344435,-1.1e-05,598507121135.5558,0.131089,-0.04392,-0.008896,-0.013906,0.230471,0.188922,-0.132601,-0.138328,0.63815,-0.441287,0.036487,0.015002,0.123683,0.945886,0.076805,0.344435,-0.085323,-1.1e-05,4862,261,4862,4595,1262,4283,4862,4862,4621,0.115611,0.909082,20260520
SOL-USD,crypto,USD,0.998094,-0.673184,-0.06081,-0.086071,1.6497,1.573393,-0.082661,-0.132408,0.49888,-0.236567,0.771445,0.909429,0.386061,0.115364,0.345767,0.011753,554170248854934.2,0.998094,-0.673184,-0.06081,-0.086071,1.6497,1.573393,-0.082661,-0.132408,0.49888,-0.236567,0.771445,0.909429,0.386061,0.298652,0.115364,0.345767,0.00379,0.011753,2230,66,1534,1492,1262,1587,1534,1534,1491,-0.577065,-0.99362,20260520
SPY,etf,USD,0.207136,-0.060534,-0.014618,-0.02068,1.0,1.0,0.053943,0.045374,1.0,-0.252671,0.405749,0.429316,0.687736,0.214756,0.242408,-0.001459,72532770356114.42,0.207136,-0.060534,-0.014618,-0.02068,1.0,1.0,0.053943,0.045374,1.0,-0.252671,0.405749,0.429316,0.687736,0.606711,0.214756,0.242408,-0.004134,-0.001459,4862,261,4862,4595,1262,4283,4862,4862,4621,0.347581,2.178702,20260520
TIP,bond_etf,USD,0.142775,-0.035521,-0.008776,-0.014924,0.210165,0.187675,-0.119072,-0.101518,0.660245,-0.414626,0.04755,0.020821,0.146496,0.084062,0.389697,-0.000605,394454122760.1819,0.142775,-0.035521,-0.008776,-0.014924,0.210165,0.187675,-0.119072,-0.101518,0.660245,-0.414626,0.04755,0.020821,0.146496,0.928513,0.084062,0.389697,-0.073093,-0.000605,4862,261,4862,4595,1262,4283,4862,4862,4621,0.122531,0.932491,20260520
TLT,bond_etf,USD,0.204787,-0.05765,-0.011231,-0.018103,0.052524,-0.02043,-0.192412,-0.180804,0.719641,-0.39256,0.036099,-0.003626,0.271074,-0.005012,0.447235,0.000645,4175625624321.1646,0.204787,-0.05765,-0.011231,-0.018103,0.052524,-0.02043,-0.192412,-0.180804,0.719641,-0.39256,0.036099,-0.003626,0.271074,0.999828,-0.005012,0.447235,-0.118985,0.000645,4862,261,4862,4595,1262,4283,4862,4862,4621,0.085931,0.429567,20260520
TSLA,us_stock,USD,0.577813,-0.29582,-0.043229,-0.060494,1.437899,1.484979,0.171326,0.03361,0.674402,0.027606,0.860251,0.943601,0.541933,0.253829,0.281763,-0.002331,35747932577633.39,0.577813,-0.29582,-0.043229,-0.060494,1.437899,1.484979,0.171326,0.03361,0.674402,0.027606,0.860251,0.943601,0.541933,0.622267,0.253829,0.281763,0.02388,-0.002331,3996,153,3996,3766,1262,3522,3996,3996,3781,0.229558,0.421257,20260520
UNH,us_stock,USD,0.333993,-0.256023,-0.029869,-0.058366,0.896259,0.912479,0.023813,0.044254,0.40728,-0.111939,0.126702,0.029771,0.230973,0.179783,0.189151,-0.002754,3955335550277.7007,0.333993,-0.256023,-0.029869,-0.058366,0.896259,0.912479,0.023813,0.044254,0.40728,-0.111939,0.126702,0.029771,0.230973,0.672909,0.179783,0.189151,-0.034948,-0.002754,4862,261,4862,4595,1262,4283,4862,4862,4621,0.498333,1.112945,20260520
USO,commodity_etf,USD,0.383471,-0.181397,-0.037892,-0.06022,0.736037,0.969535,0.078254,0.178686,-0.29091,-0.182354,0.097972,0.167619,-0.489977,1.0,0.470472,-0.004588,6164918368774.204,0.383471,-0.181397,-0.037892,-0.06022,0.736037,0.969535,0.078254,0.178686,-0.29091,-0.182354,0.097972,0.167619,-0.489977,0.687895,1.0,0.470472,-0.004012,-0.004588,4862,261,4862,4595,1262,4283,4862,4862,4621,1.399582,2.975106,20260520
V,us_stock,USD,0.29271,-0.15573,-0.023723,-0.035949,0.989493,0.952818,0.042531,-6.4e-05,0.509729,-0.25083,0.277606,0.233524,0.085073,0.203584,0.176408,-0.000509,3298244453812.773,0.29271,-0.15573,-0.023723,-0.035949,0.989493,0.952818,0.042531,-6.4e-05,0.509729,-0.25083,0.277606,0.233524,0.085073,0.601533,0.203584,0.176408,0.00926,-0.000509,4558,231,4558,4307,1262,4011,4558,4558,4332,-0.01106,-0.164186,20260520
VNQ,etf,USD,0.296892,-0.06859,-0.015384,-0.024007,1.073938,1.173857,0.044474,-0.030305,0.751108,-0.343155,0.244995,0.240428,0.351369,0.203201,0.228145,-0.001066,501934371870.6984,0.296892,-0.06859,-0.015384,-0.024007,1.073938,1.173857,0.044474,-0.030305,0.751108,-0.343155,0.244995,0.240428,0.351369,0.472656,0.203201,0.228145,-0.008032,-0.001066,4862,261,4862,4595,1262,4283,4862,4862,4621,0.184083,0.975693,20260520
VTI,etf,USD,0.20944,-0.057382,-0.014509,-0.020971,1.00542,1.005073,0.057279,0.041795,0.998089,-0.25599,0.414542,0.438566,0.692171,0.216535,0.25011,-0.001582,2308727785540.4253,0.20944,-0.057382,-0.014509,-0.020971,1.00542,1.005073,0.057279,0.041795,0.998089,-0.25599,0.414542,0.438566,0.692171,0.606155,0.216535,0.25011,-0.002605,-0.001582,4862,261,4862,4595,1262,4283,4862,4862,4621,0.343064,2.100719,20260520
VXUS,etf,USD,0.184032,-0.081038,-0.017503,-0.023777,0.872165,0.905659,0.134805,0.132739,0.872735,-0.129034,0.323027,0.321703,0.730891,0.182065,0.291901,-0.001139,907553388447.8687,0.184032,-0.081038,-0.017503,-0.023777,0.872165,0.905659,0.134805,0.132739,0.872735,-0.129034,0.323027,0.321703,0.730891,0.522215,0.182065,0.291901,0.044107,-0.001139,3848,153,3848,3623,1262,3392,3848,3848,3637,0.390757,2.204968,20260520
XLE,etf,USD,0.305935,-0.142544,-0.025587,-0.033819,1.08371,1.199325,0.144921,0.147204,0.132459,-0.370054,0.227642,0.294031,-0.170247,0.515791,0.325781,-0.002884,4514352933179.832,0.305935,-0.142544,-0.025587,-0.033819,1.08371,1.199325,0.144921,0.147204,0.132459,-0.370054,0.227642,0.294031,-0.170247,0.55813,0.515791,0.325781,0.038703,-0.002884,4862,261,4862,4595,1262,4283,4862,4862,4621,0.580802,2.305183,20260520
XLP,etf,USD,0.17889,-0.071573,-0.0156,-0.0223,0.669283,0.672628,-0.045659,-0.011808,0.562463,-0.405963,0.111958,0.084763,0.167711,0.14016,0.291782,-0.00134,1919142658012.324,0.17889,-0.071573,-0.0156,-0.0223,0.669283,0.672628,-0.045659,-0.011808,0.562463,-0.405963,0.111958,0.084763,0.167711,0.77886,0.14016,0.291782,-0.048446,-0.00134,4862,261,4862,4595,1262,4283,4862,4862,4621,0.167172,0.857109,20260520
XLU,etf,USD,0.210708,-0.079573,-0.017659,-0.026197,0.707173,0.722062,-0.003554,0.043912,0.546426,-0.298919,0.126722,0.127472,0.20499,0.143405,0.328032,-0.002025,1650141913885.7173,0.210708,-0.079573,-0.017659,-0.026197,0.707173,0.722062,-0.003554,0.043912,0.546426,-0.298919,0.126722,0.127472,0.20499,0.700237,0.143405,0.328032,-0.024253,-0.002025,4862,261,4862,4595,1262,4283,4862,4862,4621,0.192682,0.952044,20260520
XLV,etf,USD,0.194994,-0.103763,-0.016228,-0.022281,0.782178,0.757529,-0.017298,-0.007604,0.739868,-0.362264,0.185557,0.151942,0.29225,0.145794,0.265443,-0.001158,2648432768783.628,0.194994,-0.103763,-0.016228,-0.022281,0.782178,0.757529,-0.017298,-0.007604,0.739868,-0.362264,0.185557,0.151942,0.29225,0.722221,0.145794,0.265443,-0.043199,-0.001158,4862,261,4862,4595,1262,4283,4862,4862,4621,0.218988,1.070167,20260520
XOM,us_stock,USD,0.281613,-0.19099,-0.02822,-0.038146,0.918331,0.994039,0.036464,0.010724,0.017011,-0.357067,0.149279,0.176605,-0.254268,0.417595,0.321532,-0.001613,4816132813180.873,0.281613,-0.19099,-0.02822,-0.038146,0.918331,0.994039,0.036464,0.010724,0.017011,-0.357067,0.149279,0.176605,-0.254268,0.672014,0.417595,0.321532,-0.009184,-0.001613,4862,261,4862,4595,1262,4283,4862,4862,4621,0.656503,2.319751,20260520
XRP-USD,crypto,USD,0.934029,-0.591478,-0.046916,-0.075207,0.9737,1.031101,-0.014218,0.030365,0.624147,-0.199759,0.588426,0.530694,0.472983,0.100076,0.23315,0.004639,4501635835083.748,0.934029,-0.591478,-0.046916,-0.075207,0.9737,1.031101,-0.014218,0.030365,0.624147,-0.199759,0.588426,0.530694,0.472983,0.103891,0.100076,0.23315,0.073532,0.004639,3113,107,2140,2085,1262,2216,2140,2140,2084,-0.493731,-0.903743,20260520
